district_id,n_points,n_sampled,far_snap_dropped,isolated_dropped,max_snap_m,max_drive_min,from_lon,from_lat,to_lon,to_lat,max_route_mi,span_mi,span_drive_min,span_from_lon,span_from_lat,span_to_lon,span_to_lat,span_route_mi,geo_diameter_mi,max_drive_min_ferry,ferry_from_lon,ferry_from_lat,ferry_to_lon,ferry_to_lat,unreachable_pairs,total_pairs,largest_component,max_route_poly,span_route_poly
AK-01,24,64,64,9,20544263,1694.5,-141.220934,64.79343,-150.273971,70.417079,921.2,454.8,1694.5,-141.220934,64.79343,-150.273971,70.417079,921.2,1840.2,6319.5,-131.335723,55.46264,-166.597407,53.82786,522,552,4,}}mjKxe}|Yhc]b|[x`\epa@beQbvk@jyp@gvOxcXrcxCjahCbi}Aq_NhqbFasv@bj~@qiDdbiBgy`AzcuEulj@rteAakNx~tCm`fArvu@{nVpwmBgdo@wzFu`p@jz|BmoZajL}fUj`~CknT`tDm|aAfpiEo|a@hqSmddA|kqBe|p@}yZwnd@aokAcs[fdNotv@}nu@s|h@{lgAswt@vuUwnf@_ujAevm@ibWu~q@rjn@stIc|{AkbWo|r@{ggAx|Bmpx@cuu@mxqAxun@sny@unkAylXfylAhhD~kiCefR|~{@qiBlbvA,}}mjKxe}|Yhc]b|[x`\epa@beQbvk@jyp@gvOxcXrcxCjahCbi}Aq_NhqbFasv@bj~@qiDdbiBgy`AzcuEulj@rteAakNx~tCm`fArvu@{nVpwmBgdo@wzFu`p@jz|BmoZajL}fUj`~CknT`tDm|aAfpiEo|a@hqSmddA|kqBe|p@}yZwnd@aokAcs[fdNotv@}nu@s|h@{lgAswt@vuUwnf@_ujAevm@ibWu~q@rjn@stIc|{AkbWo|r@{ggAx|Bmpx@cuu@mxqAxun@sny@unkAylXfylAhhD~kiCefR|~{@qiBlbvA
AL-01,24,72,10,0,3931,289.2,-88.429299,31.069728,-86.199663,31.116667,204,134.4,229.6,-88.402713,30.662336,-86.252209,31.28085,173.3,134.4,289.2,-88.429299,31.069728,-86.199663,31.116667,0,552,24,yhs|DbjvzOffBidFgH_k@e_EbcAtl@{bUunA{xGbuMeg@~dGno@huGyeFzmO_lAvjGcuFAkdHcxJ}~Ea}F_rKi`Ho~[qmDasYkcJ{sOkuYcav@qbEqzFtrJexEtrKiBb~EetA`lC_aA|ZamDudPqq\lcCkaEpCojFkaCyoKauGo{CtNghHg_CqkKxc@uuHryA_yCkGseOyfDogKwdGeyGokKihEF{fE`sFw_B~uEa{@`qK~dAxdDs}@ntR}_Q~nBa~Ko{@_pGshHapF{sJ]i\iz@,svczD|cqzO~Dc{@x_CfK~o@egIudF}jJekB{pLjcAqzDjDmmJm~Iij@eiDofDuyHdbA}wImhF_rFwdKstCswKgyH}yi@kcJ{sOkuYcav@qbEqzF~oJiwEx{KiDvdJauC|ZorEunHmdL_uFufNlcCkaEpCojFkaCyoKauGo{CtNghHg_CqkKxc@uuHryA_yCcHqgOugDchKg_I_nIgzQkcFrKitLtrGcsKdm@esJktAcbH
AL-02,24,72,1,0,1970,247.9,-86.533965,31.53647,-84.942295,32.236776,141.3,132.9,228.3,-85.053028,31.102626,-86.764432,32.359783,160.2,132.9,247.9,-86.533965,31.53647,-84.942295,32.236776,0,552,24,}mn_EhddoOemHuqAw~Cz}AmmBco@``@_iPqtDsn@gbCefGebJkmIsImfI~|A{dAseAgcMqxMkzGez@o|Brw@go^{aDs`CkzB}rHjwEw{Je`AonK|kG}`D~_@_`Hiy@kqFliAuhIsu@ewBbSilF_eDuy@ig@acCaeJu`Kb_AmwKwuEgdStgFkrXmyCs{BadFtFquFukDavDi`@ceAeyBclCux@_jFjWmhJwgAcpMwcF}}CmnEcbFe\ryAkiCmd@s[jm@wuE,mvy|Dl|bfOyaD~kCmb@|bKukEdcKanFhf\uoGntDmBtaH{ePxjVcwNrqKodEr|HulJf|FsnSp`R_wUtgFgxJ~bZohBj{AwlZpxE}dQx_A_gEtlDklGne@amHvjHgqKhTmbL|pMkeEfgHSfkQn|ApQ~hAtnSz}Dl{Ljo@~f_@kl@f|GsrDopAadHha@gqBjiCzUnyC
AL-03,24,72,0,0,1481,282,-85.884621,32.582243,-85.678363,34.350919,162.4,139,270.6,-85.29751,32.473367,-85.508348,34.476911,173.4,139,282,-85.884621,32.582243,-85.678363,34.350919,0,552,24,_vzeEziekOynAenLmhC{mBwhc@um@{lDifDohGxeA_cH{`E}rErkBclDs{Cg}R|jHc|J{jFa~\dcA}vPqrKsjNbq@_~IgkKapQvsO`f@fkKaaPpjCgpC`eL_jVvvF{mQyLyaNdpOome@mkt@_rOiiAosBukFy`FbT,qmeeEltrgOccAgvCipGmi@urJprLmaIjDafD`yDwqHf_AaiKbqQuyTmzLipRNsiK{wLoxPlxCy`Tx~Q{cUbcGuwo@xwk@waEmxKwj\rdEyoTguNaa^jL}iJrgIugFhTs`Q{}LqjAutEy{Gz_B_pIaxJezTys@
AL-04,24,72,0,1,2201,374.4,-85.585757,34.845382,-88.110406,35.003314,232,171.3,342.7,-87.835789,33.211619,-85.585757,34.845382,218.9,171.3,374.4,-85.585757,34.845382,-88.110406,35.003314,0,552,24,svtsE~}jiOsg@jXf`@`u@tvBnAhv@gnBnxOdtDrpE~xIppFtsEr{EtuI|}[ziS`w_@x_l@lE`qFt|DlsMv{Rf}UjkCfiHpoEfiDc`Gf}MhEn|CiqAr|EzKlm]{nAbqRv{AfuQ_qCreFyJhnOkbB`yGnmFpaK{{DvzMv{DbcI|sEjvSq_@hxFmpB|{DucJjbDksG~sHic@txEeaFx|GglIveD}nJxyNcgMfzHmiA}tAqnEyUucBuyBcvNs`HepHhuBcpU`f@rs@hkDemHl~EqbQ|nStxHtzIypF`kYfOriFo~FjpD}fHoh@cCtxB,ssuiEtlbwOv{BezA}pKgpDkrAy{JdtEstO{UatL{ePoCk~QqoMm}O}d@maIi~NewJ}wHmoEb|DajGzFibVgrK~xCsvPiaH{y@i~BeaJ{|FiaCcpA_gMurXydf@ytW}]}rAeyOv`Aq|p@~mIkyYgz]}rd@ccEoeUaw_@y_l@}}[{iSy~Skd[c`U{vC
AL-05,24,72,0,0,1667,218.5,-87.518522,34.369595,-85.599454,34.916781,143.3,115.5,218.5,-87.518522,34.369595,-85.599454,34.916781,143.3,115.5,218.5,-87.518522,34.369595,-85.599454,34.916781,0,552,24,_ywpEvmduOw~F{dEakIka@mf@unH}xAfE}_Aebb@gzJc_ZinGuaMi^}lKozCsjD}M}bOcmQaor@ymHwaKxXkpHtwFunM|fDuoDvgCq|JzlIuzBdaC_eH}fBwzLhl@yxMuv@mrG{gDcpH}nI}mHscGylKclRywOfqCeaHukBubEtmBkvGxeCm{C}PijAioBar@mlJw_Lg}Ehf@,_ywpEvmduOw~F{dEakIka@mf@unH}xAfE}_Aebb@gzJc_ZinGuaMi^}lKozCsjD}M}bOcmQaor@ymHwaKxXkpHtwFunM|fDuoDvgCq|JzlIuzBdaC_eH}fBwzLhl@yxMuv@mrG{gDcpH}nI}mHscGylKclRywOfqCeaHukBubEtmBkvGxeCm{C}PijAioBar@mlJw_Lg}Ehf@
AL-06,24,72,0,0,1599,281.5,-86.931599,33.655349,-85.898803,32.597056,167.3,102.9,252.5,-85.898803,32.597056,-86.900261,33.828024,158,102.9,281.5,-86.931599,33.655349,-85.898803,32.597056,0,552,24,}hllEnyqqOu{CxwF{tCvu@jc@`y@ueDflBczDqkE{g@cqF`pBqrAhFygEtsCkUjdBkmBv|BjUhrA}`Co_@yiEzoEigAz_AibDsxDwhKxeCe`Bg]u{@xyBqmEt~AbR~}@g|AbdDy}@`xEzm@bzEnnIx}GfiB`hKbkLvaKc_@zkGl`CjxJnl@j}LioFvgCc{ClcR{yBvfb@qcWrqIwyBnzEsvIyaButMopBw`CgoBg}KmwK}mSox@s~R|pDgpKbbKdtCz~GqeBhrEnkAjdCuzBbqC|QhgC{cHv|@`LpbA{`B{I{~BhjBeiDuCokJh{Ck{BqCoaA,sr}eEnbhkOpCnaAi{Cj{BtCnkJijBdiDzIz~BqbAz`Bw|@aLigCzcHcqC}QkdCtzBirEokA{~GpeBcbKetC}pDfpKnx@r~RlwK|mSfoBf}KnpBv`CxaBttM}wEbiIwyI|hC_l_@trUgzTbhDkfCjzCs_MpoFioJmm@wrG{_Ck|JzUipKgdLozG}fBmqE}gIcuFup@{nEdyCu~AcRyyBpmEf]t{@yeCd`BrxDvhKy_A~`DicKtuDq`DwjAqaOmAi_AlrFs{Afg@aSbeCdfAvy@
AL-07,24,72,0,0,1055,357.6,-87.368186,33.446612,-88.428085,31.119032,224.6,200.9,349.5,-86.721952,33.644988,-88.428085,31.119032,246.6,200.9,357.6,-87.368186,33.446612,-88.428085,31.119032,0,552,24,ipckEdbgtOgsB{eIppE}|DhcGts@vfFlsFtbIynGtvFdhCz_Lc}AbpC`eWxD|eYdlL}ElqSlwLxuNdaBhzDc_Ej|T_pCjqMt{@tuQ``OttHkPd|ItdF|`RqTz`HzzJlmOtcDr|OwrBfhXldA|zTs|H|eq@htGteMjaOtxLn_CzwGncTnmEtzFb|B_Ki~AjpNxmBljGagCv{RjrQgh@`mWzlKd}C{\\xlEdsJlvCtmFdmK,ehjlEd{hpOzmL|uJ|mDgEvlDz}EhaDhiRxtX~fPnnTjzV`iKjpZdvB|cw@dlL}ElqSlwLxuNdaBhzDc_Ej|T_pCjqMt{@tuQ``OttHkPd|ItdF|`RqTz`HzzJrpOfdDlyOisBfhXldA|zTs|Hleq@btGdfMpaOtxLn_CzwGncTnmEtzFb|B_Ki~AjpNxmBljGagCv{RjrQgh@`mWzlKd}C{\\xlEdsJlvCtmFdmK
AR-01,24,72,4,0,3499,588.1,-91.425465,33.006092,-92.932875,35.798442,372.9,259.4,585.6,-91.425465,33.006092,-93.134023,36.487892,422.7,259.4,588.1,-91.425465,33.006092,-92.932875,35.798442,0,552,24,aomhEdp_mPdC}cUiyUidJsp]qSmkdApw[uhU{|Vup[eeCgnFnzY{kfAigGyc@phc@kecB~_EwnPuagAwlbA}y_@sjBlf`@{~}@t}FknF|xo@{pTt`]`a@p~d@q`SnfN_lEb{P|rB`hLcuFlnz@dkKxmb@q`OxaLe|Bvin@b~P|_O`vFgbC,aomhEdp_mPdC}cUiyUidJsp]qSmkdApw[uhU{|Vup[eeCgnFnzY{kfAigGyc@phc@kecB~_EwnPuagAwlbA}y_@sjBlf`@}dy@h~DamMh}J{cCpzXaqQtgPwtEviTk}NkdMmjSlYoaQx_Kcn_@o~AanJla\eoJxyD{}Gbs[juC`ekAzvJt|IpmPf}|@__OjcTe}HmfBsdXzddA
AR-02,24,72,0,0,1076,247.3,-91.412076,35.202576,-93.012152,34.780809,149.2,111.7,222.3,-93.284245,34.831704,-91.426088,35.38257,144.2,111.7,247.3,-91.412076,35.202576,-93.012152,34.780809,0,552,24,cozuEn||lPw[dnB|o@z{@kuCriCyq@rcCe{JyCsxAp{LiuAbr@v@byDteDtfJdnZpqZxdOdnW|BpzGigDxXsIrmOm}@raAcH|uCnwAttLzxEr{DgNlmNsmCnmLcj@l~]zuAvoBfSrdKtcExmBhVttDnuAjnAz@j~Iwx@vnDngGfkYhpEj`f@nSd{SndBuqD~yAb~AheAmoDd_Bv|@dx@w|Ar_AnyArqBekDzpBdcA`wIb\`hA_`Bg`C}jG`wAs|@{j@mjDnv@k],carsEpqjxPwn@ro@}yBgyKix@d`C}l@qp@_n@qlLzj@emEorA_hDgz@r{Aq_Bm|@_dBtzDa|@_iBkcB~pDoSe{SipEk`f@ogGgkYvx@wnD{@k~IouAknAiVutDucEymBgSsdKwuAqnB~i@s_^znCcmLjNqlNgzE{|DowAutLbH}uCl}@saArIsmOhgDyXfAiiHwiOm`WiuZy{Zq{CsmIcE_hHy_RsoRf|AeRlNwmBloB~C
AR-03,24,72,0,0,1583,236.6,-94.041093,35.201114,-93.307829,36.483917,168.6,105.2,213.7,-94.351261,35.218336,-93.307829,36.483917,152.5,105.2,236.6,-94.041093,35.201114,-93.307829,36.483917,0,552,24,}ezuExk~|PzFwm@|t@f_AlbBoc@g]lqY}hCv{Fu_CfwP}qA|mCobDl_FosHhrEytC}^ofB_kDagJgBs_DatGwxBgF_gDq`NaaPazBomRifJ{xHd}EooIuwAqqGfd@ktGeaBc_KzlCgzSukAo~Fr_BypAw\cmCytBchA_rEqtHiXvi@o~NwgC{`Nlc@yuJ~{Ao~BnOewFojLs~@e^weHyjAorC}mByBkb@qfBuuEiXqaBpeA}lE}cDocCho@o{B}fCaq@oqLvwDwkQkcC}G{CcjB}vBszAe~BsDkVyyFcjBqvBkS_kFieCiy@knBitCp{@{tBzJe{M,sq}uEj~z~Ps_@gtG}lFxaJquHpuEqvCo^ofB_kDw~IdA}gDoyGwxBgF_gDq`NaaPazBomRifJ{xHd}EooIuwAqqGfd@ktGeaBe|JnlCe}SikAokGh`BcmEilC{nAezE{kHwL~b@yhOwgC{`Nlc@yuJ~{Ao~BnOewFojLs~@e^weHyjAorC}mByBkb@qfBuuEiXqaBpeA}lE}cDocCho@o{B}fCaq@oqLvwDwkQkcC}G{CcjB}vBszAe~BsDkVyyFcjBqvBkS_kFieCiy@knBitCp{@{tBzJe{M
AR-04,24,72,0,0,2550,525.6,-92.048517,33.034506,-93.463169,35.958369,357.8,227.4,466.7,-91.481582,33.127044,-93.90444,35.741652,339.2,227.4,525.6,-92.048517,33.034506,-93.463169,35.958369,0,552,24,u`shEffypP~v@{aLamTo{BvGuqZmhTavCyyUjwI_us@qqH_ZlwOgvKkX{fHrgUs|k@d{Gyce@{eFgnYtng@ke@`cdAyrHbfe@olRpuY{w@`dPuuSuk@szWpq\vfArhjAa{QkzDo~I}vNsaW_mBakJsn_@m{L_iIu{]aiFu}KrmJm}ChqZcyVjbTkxe@~zAecKipH}pFz|JuyNcfTeo^fgOjpIz_C,_ceiEznjmPhyAbqAwl@r{Lwv@dtCiyGbcB}HzwQeoHjuQsnYhnI}pP}I_kRgmHawNrE_ZlwOgvKkX{fHrgU_vr@xwGufIkJ_cDw|Gc|Ho`@saEbfBmcDhmKchK~lEu`HjrTupAp`RhtAhcPykBfzn@eqFlkV}eGrhDew@jgBj_BnpBmbBwQ{iHndNat@pbh@yeC{DkiBfjEs[zqm@gnDptLbPpu\kc[~lc@a\xuRibFjqK{lArjWszOcpGghKd{L}}MzQq_BwhB{zHbpDsKkjHy{Gg}HuxD{iRe|RtBgx@naBwlO}yMecU}|D{fM{IuyDvnEkxGyKw|WosGkiB~fDlu@voEymGb|C
AZ-01,24,72,28,0,4504,193.4,-111.881527,34.007048,-111.337899,33.705488,79.8,47.9,131.7,-111.472434,34.004793,-112.09435,33.542733,69.6,47.9,193.4,-111.881527,34.007048,-111.337899,33.705488,0,552,24,a_qnEpzziTnf@{h@zfAq\pb@jUlcC_bAln@uiElqDm{AfdCvG|L~w@pl@mq@tKhRzaBog@dMzg@h|ClnAd_CphCpmAt{Eva_@qW`e@tf@fiBiPlFmy@r|AwsAn~AmuCzaBqv@Hm{HfWmdAaUymFtl@usB~s@}r@suAo_EyMgiKs{@ivBksDwoDsuDcqFsnDg~Cdv@ao@tPcdByc@ijAgw@\{IubA{kAzBkQic@}mBr^sp@gf@wf@y{Dv]ujBjl@n@sNwk@zbA}o@w@_mBfu@cq@{Nyw@w}@eSmj@mjAv`BfA,}ppnEt}jgTqLiyBz\oI[cv@nkAtMxq@me@jfBlzAj_DyM`iAlaBhg@wfAzw@wWz|A~j@n{Ag]`aCxaC`dC_a@bgHpaD|mDQdoF~gBppGceArdEjkDhtEdaH|zCliC`dApnDdHb|I|qA|lDos@zq@cm@nzBlUvgFqWpiASjxj@x}B~mD`tC~[G|pHoY`S
AZ-02,24,72,34,0,4828,695.4,-112.469726,36.97653,-112.24814,33.37728,536.9,328.6,620.2,-111.987303,32.879356,-109.054557,36.984056,455.1,328.6,695.4,-112.469726,36.97653,-112.24814,33.37728,0,552,24,i~t`FxvmmTpyEdxIrdQw{s@vaR~|AdjF{tImxEkqQxpKeft@waWosa@`X}hJhsg@dyG|dmAynr@diy@lpAdgo@vpTnbs@zqK`}SyiFlnI`wGvl}@}evGba_AiwMhwYjkAd`b@eaNvwW`rP|o_AdzlA|d^vnLxcQ`vUpn[nvImhBt~MjoXjuu@p_Elul@dlm@p~H~wArffAkyh@n~^gEr_]qt]npa@,_wtgEroojTGoiJ}hS{@v|Cm_G{jKkep@hKymo@i`m@urHgiEyyl@gpXmuu@nqBesMww[mbJycQavU}d^wnL}o_AezlAwwWarPe`b@daNejYcmAmmaAhqM}dKyeM_bEs|f@a`c@kxuA{xXiQygU~qP{ht@twBq|GdpOsse@avEex^twG_lG_uIyay@h|CclIwlYylr@~yc@ygZglFscIat[xlGcakAwjK{iE
AZ-03,24,72,0,0,2544,61,-112.053685,33.336978,-112.302077,33.50446,30.9,21.1,41.1,-111.974377,33.368683,-112.302077,33.50446,28.1,21.1,61,-112.053685,33.336978,-112.302077,33.50446,0,552,24,ccnjEpn|jT_RcT{Q|B`HfFqHrMvKc@gFf[fHlX`YtZtFrX|UiGpCzS`QnBcSfJqCnLfAfPaGxSjF~k@mFjd@cc@ySaDmXiKyMu_@gJyq@kuA{SzGayBLB~t@ycIbB~Cn{BwLr[}]bF_sCuAaKhFyGlzCzEnpAuEblD|@ntJk@jW}M]xAlzDw^hAwx@yZgtAQwcA`\iYnAj@byD~RQnDnKkC~H,gitjEz~ljT_R{A{KxZuuBAXljBcuBq@kA`zAgL`V{~@f}@{ZbrAm{Dd@oPlK}DlvD|Gt_ByJvxH|EhnAuEblD~@`qJm@xZ}M]xAlzDw^hAwx@yZgtAQwcA`\iYnAj@byD~RQnDnKkC~H
AZ-04,24,72,0,0,184,57.1,-112.128199,33.294909,-111.691814,33.493964,40.9,28.7,57.1,-112.128199,33.294909,-111.691814,33.493964,40.9,28.7,57.1,-112.128199,33.294909,-111.691814,33.493964,0,552,24,e|ejEf`kkTcJi_@lEon@ej@yeA{As_@fBeWhfAhIkAywSk`@mqBj`@iiEYakGwQsO}cO}Din@iWiFg}f@ciSeDl@pSuX`\,e|ejEf`kkTcJi_@lEon@ej@yeA{As_@fBeWhfAhIkAywSk`@mqBj`@iiEYakGwQsO}cO}Din@iWiFg}f@ciSeDl@pSuX`\
AZ-05,24,72,1,0,3622,96,-111.508776,33.288948,-111.644069,33.122547,30.5,28.3,54.4,-111.490235,33.46107,-111.887401,33.219981,36.7,28.3,96,-111.508776,33.288948,-111.644069,33.122547,0,552,24,}vdjEz`rgTivEbjAevD~nBwPoPcZdEmm@tsAegAjb@Hdm@z_^IL`jCtVqQb}CsEiHbdBll@|h@|H`lAxkBIrb@tXpyAwz@dk@fbAlOb`Av}@rc@wG|m@z]wJ,ujfkE~lngTjOzSxYmGfz@xoBz_Dj_FfcEC|GlxRjo@dHdhAk[dxCwAnd@nMhYj`@hTdrAzIbbLvk@hk@niCvOjuAztC`EdnJc[vuAyB|_Cf`Em@n{@lg@uBfa@pXjh@brAiEbZrn@`i@xFcCnL
AZ-06,24,72,20,0,4063,617.2,-109.105357,31.332585,-109.284008,33.775412,286.5,190.9,478.7,-109.105357,31.332585,-111.788938,32.903342,293,190.9,617.2,-109.105357,31.332585,-109.284008,33.775412,0,552,24,usf~Dns|xSqEnfWenCp{AuzPchTw}AffB{nI}zBcoDvjU{cD|sAueOi|R_q]ghTutJEqmGlpNyzQtuJe_o@ujAuwPlvqAyqGdqKcebAxbIkaLkt@`Ac`DobBFv_@miPhbCgjG}}IquZeUeeT}|QsvLc}NdpLoqCcUkjChmO}kQybBihJtxDodH{gFqxQ{zDyoCtRavEheHccFwjBwiB``B_a@wbEy|FmqFidGlkDyiAnhE_lJgnFaoAyuIg_ImxKkpCfj@oiHn|L,usf~Dns|xSqEnfWenCp{AuzPchTw}AffB{nI}zBcoDvjU{cD|sAueOi|R_q]ghTutJEqmGlpNyzQtuJe_o@ujAkaKdr|@msGviX`[dlLfpAzuJxeXdbYlaLrqTntXbuVl~D`~M`dCzpK{pAn{H~`Bv~YcpFzrl@u{J|jQ{fXsAYz`FskJvmG_BvfJe{DdcAogEtcVmnb@blj@}l[jnVc|a@jly@kaAbrJ{rKljBox@vdE
AZ-07,24,72,11,0,4470,1130.7,-109.486858,31.349768,-114.532531,32.750333,467.6,322.2,1083.6,-109.486858,31.349768,-114.791115,32.57682,469.8,322.2,1130.7,-109.486858,31.349768,-114.532531,32.750333,46,552,23,a_j~Dzcg{SciBxpl@gaN|wTd~Aj|JxyIbgOmi@bdl@hsDf@vd@zqHs|Evn[hmDteC``Bz_UutB`mIdbCpfEomJpcSz}D~qH_~CndRdvFhvIu`Rd}F_lShzNafa@vq@xs@bkSvyHpkKfgA|{HbwFz_Gx{Frn@eqItqQkiBvlNsqSmqBsoL_nGwdCujF{nUagAwdVunMpmLlheA|cNpnT~mAn|P}sGl{M{tf@tp_@sfJrapBssRfsMelElvI~qD`nEfpHeEduNlgH`oD`yG`yK`~f@_vD`{JnvEr`LtZnz`@unPpwo@meG|jGd`@d{Ie~Urxz@so_@vvk@ibGigBwtNfvLtaB~aq@}jJveB[ujBk{Iv@{O_mRekCuqB,a_j~Dzcg{SciBxpl@gaN|wTd~Aj|JxyIbgOmi@bdl@hsDf@vd@zqHs|Evn[hmDteC``Bz_UutB`mIdbCpfEomJpcSz}D~qH_~CndRtvFdtIeaRh_G_lShzNafa@vq@xs@bkSvyHpkKfgA|{HbwFz_Gx{Frn@eqItqQkiBvlNsqSmqBsoL_nGwdCujF{nUagAwdVunMpmLlheA|cNpnT~mAn|P}sGl{M{tf@tp_@sfJrapBssRfsMelElvI~qD`nEfpHeEduNlgH`oD`yG`yK`~f@_vD`{JnvEr`L~b@bi_@_wP|hq@meG|jGd`@d{Ie~Urxz@so_@vvk@ibGigBwtNfvL`A`xWn{KhyFxuKll@bGx~h@scOtm@
AZ-08,24,72,7,0,4391,120.6,-112.420917,33.786591,-112.083054,34.009378,40.4,33.3,101.5,-112.280759,33.555651,-112.083054,34.009378,45.3,33.3,120.6,-112.420917,33.786591,-112.083054,34.009378,0,552,24,e}emEvedmTg~FEfSuzBiC{lCyu@{aCuLihA|J{lF~c@g}BrAk~ChtC_eCda@_jALqsQgeEreAqkBwEcaGpX_hIsk@{lBac@yz@gn@n@lJul@rKsoAfmBmj@_@yx@_V|r@m`ClMydCmb@gmAqYy_@ya@eI,yyxkEvyhlTxZdAs@abBuu@en@smEdPkhCw`CshBI_pEgiAsYcnUulC`AoyYzbEskInQ_hJyj@wjDyrAuxC~eCigAaUlbAy_Gqc@ivAk|@_j@
AZ-09,24,72,29,0,3390,647.2,-113.348321,34.952859,-113.131775,33.110281,350.2,235,384.3,-114.629264,32.589366,-113.900774,35.936735,286.6,319.1,647.2,-113.348321,34.952859,-113.131775,33.110281,130,552,21,kvitE~iyrThCjlFb~Iwc@n}A|nJeH|vF{|EviEp`DnoZrnc@u{FzqDjpVlsOdsJe_h@bkn@f\bxWfqJ`kP`l@l}KrsGgqA`eQ~{K|rUgcCbrCuzC_WauHztDumKluWaxUtw@jbFrsERbZh`E|jKnpHf|F~nN~eVkaEjdF}_GbbeCAxgg@xxN`~Yma@doRnuKtwObfDhyC|cFnjOvqCbiAmyRyyAyaFvsCq{SsiOct~AufLs}_@wcXx@kmb@c~nA,qb|eEzoszT}rNrVm_Eaid@cmNilJoac@}xPa~Yla@a|f@}vNgneCmA_k]|bMos\uee@qrW|wUudHbwYczU`lCeiQo|KklGxpA{gN{o_@kfz@ixEwtScsN_pQ`oFw{[koGgnOr{Keul@nhFk{OynImbCmmVgbIkoJ
CA-01,24,72,9,0,4939,682.6,-120.027117,39.576502,-123.749445,39.904364,337.3,229.6,593.8,-122.839118,38.384921,-120.50485,41.182064,390,229.6,682.6,-120.027117,39.576502,-123.749445,39.904364,0,552,24,cxppFnxq{UmiQa`DwaLryH}iFeuAyuEre]_}Al_l@duIbd`@eoBjzFewN`nLyxAvfN}oIn}NiG~ePwsA`_A}qCimCywKz_EnbCnlKj]vjJs|ArhFxvCzfZzaB~nBz}Ca`A|iKxoOzt`@voY`vBrzEjnIbt@dhBdb[mxA~rb@|oExrTadArcEzfTnk@q}@tq~@kmHzmHobExxZwcIc\dk@d_L`iBddAmaGrrSb{Fj_GzFxwHwjJ~F}wA`pCekAuwAkxC|xOghMhcPf_Bl|GymDtr[hiB~_MrdSlaBtM`gOoeIfsKboE|`NbkC`Cc~IrnIsuFhBwnDvaF{xD{jAqqHzsEjNrsH{gHp~ChInpPp}@npAruFg|D,w`hiFn_wlV_iGctL_jOrCyyRt`TupN`b@ojP`lWcqkAn|f@caL_e@_lEsyTswS`s@s`Qe_l@s|Seh@tv@yvKkrTgyPj`GewSguCkdNacXcg@c~BsvWswU}hUtDkqNmmp@j|Co`Ycg]yjIoqfBjaTgb[oBu{Vw~H}yG}e@oyu@q}Si|r@fuGqiP~J}uu@ism@i}Km_a@bxTk~Yv{\o{[s}FykSb}E
CA-02,24,72,29,0,4435,976.2,-122.473135,37.837336,-120.027631,41.83676,659.8,305.2,976.2,-122.473135,37.837336,-120.027631,41.83676,659.8,305.2,976.2,-122.473135,37.837336,-120.027631,41.83676,0,552,24,kb}eFbpojVynGpmGmzt@ndI_gDlzKgsGyKe|Dv}[geInrLaw@hub@wnXz_OsiW~ri@wfbA~wgAw{XqjCci~@t{Xc{^ixJ}an@x}MgmQ}yVulSxzPufX}d@zn@ctTivMypMsqHo{`@ocN}Jsr^pdRlqPwb`@keB_|X}{EchMoyWrkEmvJijp@wvEzw@w~CgeL~tFudZulFioPbwN_~_@dTgnPcse@ukO_ua@r{Xkqv@cxb@ciWjsUe`LpsAusXw|c@{fLgu@wbI{x[g}KhxCasn@wba@bIkugAjf]g_h@`|VqbB|ic@ce[tdFqqa@~wJqgQswIwic@mHgq\qjLq{Y~oE}fl@ypU`|@yq@j{Fqfc@_|HezCs_QlfDm`I,kb}eFbpojVynGpmGmzt@ndI_gDlzKgsGyKe|Dv}[geInrLaw@hub@wnXz_OsiW~ri@wfbA~wgAw{XqjCci~@t{Xc{^ixJ}an@x}MgmQ}yVulSxzPufX}d@zn@ctTivMypMsqHo{`@ocN}Jsr^pdRlqPwb`@keB_|X}{EchMoyWrkEmvJijp@wvEzw@w~CgeL~tFudZulFioPbwN_~_@dTgnPcse@ukO_ua@r{Xkqv@cxb@ciWjsUe`LpsAusXw|c@{fLgu@wbI{x[g}KhxCasn@wba@bIkugAjf]g_h@`|VqbB|ic@ce[tdFqqa@~wJqgQswIwic@mHgq\qjLq{Y~oE}fl@ypU`|@yq@j{Fqfc@_|HezCs_QlfDm`I
CA-03,24,72,5,0,3012,465,-120.548804,38.573819,-120.449379,39.445001,198.1,99.1,184.3,-121.435383,38.485684,-120.060588,39.44128,123.8,99.1,465,-120.548804,38.573819,-120.449379,39.445001,0,552,24,k}ljF~tw~U}@zs@byCoyC`d@mvJfbA}vBcbAzG~Kc|@klCxwAwfAsoEa|BxjD{cAavBqv@dmJ}s@|kC{p@e`@oLvqIxkAteAjSjmEi`Bp|BgtAfcJqgA_q@pGo}@czCu`@wbA|sA}tBos@i_D`t@avD_wVhn@{|GagBewGxo@umBin@ezF`oAykM_kDk`ZhXq~E}fCokCoPayAby@vAm@az@{qCyhJnoAevCkrD~nA}uAovDy{Gg~AwdEv_FcCdkGibBhJbVzuC}d@pw@w}AuyAuzHztD_bFsx@iyClqFkbBnp@adEkGwfFyrBc\rqFkiE~rBu`Jb~@idLaYcq@hsHrW`eG}tAtsAkIzeCbfBtyFloAnkMtAz{Kxo@h_Ae}CheKnhDdqOwjFciCoqDzhD_eNkyA_rAeuDdVihGc~A{wEd{Ay_C|bC_p@zZg{AznC_s@}pB}_Gxd@csAcmBs`Aeb@r_A,ov{iFbzddVu_ArbB{j@mrCkdHg@esA}yO_`EatJ{sAyv@{kGauPupUaxBa`I|xCmsG}hIa|A_`@e{Cy`JoxF_lCqkHwqHy~[_eMezMip\ozKg{KauHeyVh~CkcJuv@eqB_Bi{KgoAmnMwdBoxFzHudClvA_sAoYojGfs@}zIwxJs`ViLlfAkfD{]yrBkgCyoA|@xOuj@
CA-04,24,72,1,0,4937,286.1,-122.664218,38.814411,-121.077278,39.581178,180.9,125.3,252.7,-122.471856,38.128647,-121.077278,39.581178,165,125.3,286.1,-122.664218,38.814411,-121.077278,39.581178,0,552,24,a}{kFjztkVz}@r{@~kC_dDxNaiB~xBw~AljCddA`gJm~EvjDfy@`i@u|@jzAxrAvuCy]xpBwcCvrAnStuCcuKroEmiDck@ej@v}GujTotAwzDpc@_lGanBgUqYytCnyKacNrpAofFwdFeZmvG{oGee@}eIljCe|E}nA_WguCe~Kcsc@fo@igJsuAciBstE{@erc@umBsu@cxD`X_nWw_HqzEkAeAqhGciXb_@or@anH}o@vEemI_sLu}Dmj@cgKsqHirB_aJ{tCwqDbw@quEwoNclEqkAcoBg~HghBalAynDpCmrDomFsfDi`DqmJisEwbFq@kpB,a_vgFbhojVaeJuzDwxHfxBsdCk~]anKb`@srEm|SsjP}EhuA}pGccF{SyvG{pGyd@}dI`lCqvEyfFy{Lm{n@ke@ciBstE{@erc@kqg@u_IeAqhGciXb_@or@anHc~JglLyeQa}IehGwsObw@quEq{ZoeLogAgbJomFsfDevJubU
CA-05,24,72,20,0,4725,680,-120.065903,37.176298,-116.128767,35.810512,458.2,319.9,659.5,-116.128767,35.810512,-121.002252,38.326394,487.1,319.9,680,-120.065903,37.176298,-116.128767,35.810512,0,552,24,{~{aFzjy{UdtHfu@pv@owZuzSqwDi`LaiTsuIkkDkr@{eGbrCokLatEgzCy~HwXalDbgDyuNo|EupFduMigMq`AskCxtDgnGzBkyAaf@e]ofNgg@tvO|sAfeC{uD~gCkaBjfHlUqkEywMsuLgcD{_JjrBwiIokAawBbpGyf@cTs_OgyK_fL{PynZihMu}H|iC}|IqwBcsJx`VciFhvMowOxzTqsKxrDkdThuF{aJptBcjSx|G{_L`eScjF`cHcz\znXanH`fJ_`JfgVi}Ipwi@{d@ht^}sXljQktFje@}nKbqHsiP`ha@{cYhkEccQcoKocO|iDmvCtt@ieEayA{~@toCi}Hwl@cu_@klj@w_UgiGkjIhe@swHaoFgrKveOmrYljSgaE|{OwzYae@u{J|jLw}]gEuxPljF~wBd}DaeAb{IuyPtcJcpDlam@_aHrgB`wDtyJoz],ufqyExkxcUuyJnz]sgBawDmam@~`Hy_UxjVshL}q@s~Jbt{@}{OvzYmjSfaEeeOzpYlrMxw_@fqi@ddS`hAnoa@mvGx}UtoKzeOi~IpiVcq]`}T}|Hdt[abq@pk`@wsi@nb@w~z@do^ceH~x\aqSjaFwnGviLeePbus@_wh@nx^uklAx~Y}rDjlNuaK`xCdErrWos_@gOwvD|lHewR~uDknAvpLe~CeWpfCdiXmhUlzQqRpqSdbNvpF_e@~z[``LhiDhaAttMd`LrfIzcHbki@zkLxiHfsGvmQ_~AhxLhhSvcp@itAntI
CA-06,24,72,0,0,952,61.6,-121.582137,38.522612,-121.395184,38.814004,38,27.4,54.2,-121.564812,38.509707,-121.275199,38.834863,38.2,27.4,61.6,-121.582137,38.522612,-121.395184,38.814004,23,552,23,i}bjFjoaeVglAUWcd@kn@m@wUms@sq@qMiKgxCke@_Fmj@z}@sg@eKhCp}@iL~V}gFm~C}xCemHaWyrIfb@ajBt@}gA{d@wgA_TghBqbNo|Ow`@tEC|pAo[_Ici@li@adAtBJprH}yAFev@jeBy@|~@euC~Joe@ic@i`@oAcRrxA,ul`jF`c~dViLgFtN}h@mk@kVyQhPuqA@_|BqtB_RlToi@{Emj@z}@sg@eKhCp}@iL~VafFa|CyzCqoHaWyrIfb@ajBt@}gA{d@wgA_TghBacQw{Ra{C_jB}b@}eA_]n|Ai{AxxDku@vt@kmEkCzGcq@}Fm~@yb@f@xLk^
CA-07,24,72,0,0,3848,213.5,-120.837592,38.929353,-120.955284,38.163773,116.6,71.3,197.9,-121.027727,37.908761,-120.837592,38.929353,109.3,71.3,213.5,-120.837592,38.929353,-120.955284,38.163773,0,552,24,mkrlF|ap`Vh_AmjAjtAjyAnhAe~@rkErWvhDogB|yHPl}@l}@PmsAbr@jr@neFseB}Jt}Ab_C`dCbqBrzJdlD~|EfzR|aEjp@tbHzvA~nD|rIdv@zJdvCcvAdyCr_@~|L_z@`xH~mW~mZhdEejDdzYidMf|BOaPqgQ~fDc~Btw^yBilEeoSosEmpGwrC}gI_zLq[kIjhA,w`kfFhfuaV}aCNqlAlnVafj@xK_gDb~BxEhtPyn]fwMieEhwCkkWizY~y@axHs_@_}LbvAeyC{JevC}rIev@{vA_oDkp@ubHkpR_aE{rDe{EisBe_Kq_CybCdKq}AgeFzeBes@er@QlsAm}@m}@}yHQmhDlgB}kEqWohAd~@ktAkyAi_AljA
CA-08,24,72,2,0,3499,158.1,-122.242792,37.885618,-121.556598,38.491688,102.6,61.5,127.1,-122.424573,37.957253,-121.311086,38.104922,88.5,61.5,155.6,-122.242792,37.885618,-121.556598,38.491688,0,552,24,cpffFlpbiVsi@rfAol@pNwbAhqCoqBbmBoT|iAdi@jaA{s@df@gy@{Q}hBlh@mk@kv@ohCyy@qn@}`DcaGqoFqcBsjCscDtp@{}@aYtq@qhEftA}rAfo@qwDbcAofAwAwoAmrAfHuaDumCi|Aq^w|Fdj@mtG`lDo`De@ajA{oBydA_hDsc@mdJ|LyzFfxAwkCdAunMjlE}rE|cAw}BxFe}UzfCusDje@ecCcyAom@i^my@vgAc`G_BaxAg]my@iwBwkAoq@{{B_yGgf@`BqhF_r@cm@mzIxfKsuAr\ehBex@mp@v|AijSmK_Rat@mrC_pAqh@kjAogAzk@,yotfFp`fjVpsA}tA~v@}Ipb@klCcyB{fBwyBdVy^a^ix@o|Cmt@cn@t_@}hC{e@cf@s[oaCqcG}rFqcBsjCscDtp@e~@{Y~q@wgEftA}rAfo@qwDbcAofALulAsuAdEedDkoCw|A{\{{F`k@kiGbiD_eDjAudAk}A{oA}bEmb@o}IpJsjF`zAexCfBwtMzkEspE|cAw}BnGg`VrhC{uDjwDcgSdoBijGuKqhm@daAoL
CA-09,24,72,0,0,1092,102.1,-121.558575,38.058329,-121.347968,37.777485,34.1,26.8,49.8,-121.116068,37.743136,-121.156597,38.129957,28.7,49.1,102.1,-121.558575,38.058329,-121.347968,37.777485,386,552,10,qghgFb||dV|V_dCvt@cGvXm^zgAyg@~h@dJvKmd@r{@DvPgThi@zDsSbvAjVko@jb@pe@vb@yCvNba@|cAKpUpXp]qZlv@yKhQmg@zi@gMhc@~l@l_@pCpVy`@lcAiD|Rs}@v^mUbTzWnGsk@dVuPuBi\lwAsaApCeToy@i_Cn{@}w@hiFwy@|gAb_@`cAsQfiEaDxz@iO~BegApbBk@?cw@h]Qb@mwFoi@o_@h\m_Dqg@qm@,sujeFlnfbVhZrUidBbmCyrhA`s@dKnc@
CA-10,24,72,0,0,2418,124.5,-122.116849,37.69959,-121.561969,37.850945,60.8,37.9,101.6,-121.561969,37.850945,-122.216576,38.036758,48.5,37.9,124.5,-122.116849,37.69959,-121.561969,37.850945,0,552,24,mebeFh}ihVvMfA~fAceBwo@onAsKa|@}NJEa[fOFvOwr@uHgy@gp@_TgAsu@w]kSy_Diu@qdB_F{dAyXygAkhDuZacDizCx{A{pCrd@qkCjkEcs@zMglCjqB_vCfpAuX_McRk~@__AulAe_AwdEihBelAyFmkA|NupA{e@{z@hw@qgBfCo`Ano@qi@jj@{J``B{tFxu@}aAzT_|@db@q\fRex@fa@w_@nD{aAoLim@tLi`@yQ}GqSakBkUk[`tA}{Bd}@}`CbIsu@sFwrA{Tut@kmBmWyWyn@fl@ix@jL{aAt}Ay|Ard@k~@sLyl@OkhCduDcbDpA{~B{w@{@uHgp@wUhKer@kYhQgP\mkAxf@qZ,mw_fFhq}dVyf@pZ]lkAiQfPdr@jYvUiKtHfp@zw@z@qAz~BeuDbbDLrgCtLpm@sd@j~@u}Ax|AkLzaAgl@hx@nRpl@trBtYzTtt@rFvrAcIru@e}@|`CatA|{BjUj[pS`kBxQ|GuLh`@nLhm@oDzaAga@v_@gRdx@eb@p\{T~{@yu@|aAg`BtsFuk@|Kim@pf@aEpdAo{@hrBqlCjoLkmAlgAiiBuOjqAz`GpElqBqc@~pBz`@zlAnHjcAucA`|@sZ~o@mHp{@au@jlAqEdkAyw@dt@mTzs@my@l~@dHsD
CA-11,24,72,44,0,4777,35.9,-122.49461,37.712673,-122.373574,37.831626,16.5,10.8,30.6,-122.368402,37.829888,-122.50261,37.714613,15.4,10.8,35.9,-122.49461,37.712673,-122.373574,37.831626,0,552,24,ewdeFhvsjV`UqAwClVe`@dAgz@d\q[yIgZg^iGizD~]k[kHmm@dAkwBoEuZbDsi@gDsx@sUa{@sP{Xgl@wh@ef@eQkkAdIc[jXuRpDoP|R_J{LoMnHol@_{@wvCqaDoBwDzCw@gH|@lBf[{KbPoXpFgDkJy`@xUsIwXyf@lU,ys{eFna{iVrHvUhR{KrIvXx`@yUfDjJlXiF|KkPsBe\t~CfhDxgA`bBn~@eHzYlGdUuQhZsA~iBjg@pQhh@fBrmFhHxl@o]~[bFf|Dl[h\zXrJxeA{[kIzOfD|G
CA-12,24,72,5,0,4947,39.6,-122.267202,37.899324,-122.159264,37.673387,20.2,17.2,32.3,-122.315346,37.889586,-122.159264,37.673387,20.1,17.2,39.6,-122.267202,37.899324,-122.159264,37.673387,0,552,24,weifF~hgiVd]gTvRlE`SeVlTrI`{@sOwA{SfWaXxiCeBxg@j`@vX`n@lpCdd@dxA~v@rbAo|Btd@moBrr@{f@fd@ktAtnJcmIzNlNftD}|AzCnRdSyS~M~T,}hgfF|upiV~H{b@pyHapAhlAaa@ftAloA~f@q@`Sw`@Y_uAdiAyzCjTuoA`X_k@rj@a[f`@uoAdqJsoIzNlNftD}|AzCnRdSyS~M~T
CA-13,24,72,13,0,2834,244,-121.274564,37.174061,-121.4925,37.521804,75.8,92.9,173.5,-120.041808,36.870338,-121.416411,37.652231,117.3,99.4,244,-121.274564,37.174061,-121.4925,37.521804,160,552,20,{p{aF~lecVudBmuGlqBqzHbQycJpzAcpFs[stEek@mb@RilA~jF_GqsLr}Gs`c@reIcbJjqEuqInlHi_S`fXajGpLb@zbC`nDcJoWfc@vm@zpBneDvfFjXdmAdd@h`@|dCmXvcArtA|b@~iDmIfkC`kA{i@,sf``Fhtt{UfhAjwAHfpBjl@Es]zmiAgaFv~HemJpkVc_Bzy@{pOKmm@lo`AonIlsHyoOnxIihc@biIqgNnrHyja@x|i@yqJzBTjqBzpG@
CA-14,24,72,1,0,4485,118.9,-121.774146,37.487595,-121.686976,37.488399,42.1,38.5,100.1,-121.493472,37.488569,-122.159965,37.664039,48.5,38.5,118.9,-121.774146,37.487595,-121.686976,37.488399,0,552,24,oxxcFl_gfVwErw@jOpWqGbj@gq@`Pdr@hp@nMf{@yEjg@yw@uOuBrWtOdPqM|QskAje@iV`_@oGsWso@foA{z@z]{k@kBeh@`^wtEdq@yz@bWp@vKml@{RcSo{AyZuh@y_@emBicAkpBk~@_t@qh@uFeoA}mBe~@oB}NkOmJypDsk@eNj[il@Pkx@x^}Bx[mj@voDyaCvqAmYn{@qqA|e@hPvq@oRbf@zN`i@aE`SpY~_@a`@xZ|FvfAg_Bh^}HfXlHeCt^hVhE|To]ra@hTvCj]vaAuk@pq@`Sf}@_p@jBpOv`@_NqHxQjKr{A|j@wI,q~xcFdepdVk[de@mBv{Cy[`]mCfm@{vA|Uin@b`@o|@lrA{pCtvAwWvj@eeAtEoQ|d@sl@pBeu@dhBwA~o@pLlXi_A`aBc@rm@ak@rwA_IjiBcUtNyRvvAa^zv@c_@nf@eoErkCy[lj@y^|Bc@zy@}kBjfDsp@hVobAtDlJltA{MvhXxTzmB~EjpE{e@xcEjOxwC{Fx}@|s@t_BnPbeCeApqBvn@fC_Zte@jRvf@hD~eBtm@bbBsQzJv_AvaCn_@dL
CA-15,24,72,17,0,4913,57.5,-122.124328,37.48549,-122.49843,37.705963,32,26,47.4,-122.122239,37.476585,-122.49843,37.705963,31.1,26,57.5,-122.124328,37.48549,-122.49843,37.705963,0,552,24,ikxcF`lkhVtHvc@`X`Jf^sb@lYvcCmLtj@zQnGqvAhaDs\`wDsz@vcDghEleFywI`yIyQlpDmjCjwE{_@r_@cpB`e@MfhAv[xmAoInm@g~@lm@m}BhfC{t@lEau@fa@ybD_D|U`wAqo@~@jW`Mm[hbArWl@,usvcF~~jhVx\tnA`FdoAoLxh@rQhIivAn_Ds\`wDa|@bfDyfE`cFywI`yIyQlpDmjCjwE{_@r_@cpB`e@MfhAv[xmAoInm@g~@lm@m}BhfC{t@lEau@fa@ybD_D|U`wAqo@~@jW`Mm[hbArWl@
CA-16,24,72,18,0,2881,128,-121.927419,37.167716,-122.295013,37.195517,61.8,46.4,125.1,-122.494439,37.665468,-121.927419,37.167716,68.7,46.4,128,-121.927419,37.167716,-122.295013,37.195517,0,552,24,gizaFj}dgVm`@~s@~C~k@qK|^aPpQoAyg@yUp^xDfu@wYtf@dJvJ_U~c@xSpYoMlNdLrb@~z@oDnN{XjTnHoQ|FbLfE}PdWay@|Iu@~Xgd@cOwo@jR`Px}@}NtoCay@zUdCxZ{PjHdKnGgRns@lHkDChOcn@bz@hPdp@se@zXsh@hx@uCbkA{d@dPu]bcAs`@xAaaBfpAqVla@gExm@q{AhvB{`@gIos@~Yab@lfAoz@cJos@vrA}Sv`Ct}@qArb@xw@fb@TzA~b@dV{ArT`l@oTzc@rGzq@cHiOoi@|`CVpeAqzAfzAfJvLmSla@vEhb@oPhHx@nS_UvDjh@jxCaLdq@_hAfsBgHniBcOjQcKnlA~h@doAdAhr@dzDng@|m@iIzxG`rAxuB_gAdx@yA~kBmd@l_Asn@zTqpA|m@quAns@sZag@om@st@kKi]wd@nAyyAyUoj@iT?g^om@nOufC,ep{dFfusjVdoHsw@h~@zmAfoA`p@zo@uHpzArgAhfCaX~bBxc@heA{y@dmDkoIffDexC{xCsuG}Bak@ll@yn@}{@qJxfA_~@bsAeUllAehB|r@}@`hC{hDpYts@ve@}Bh[qdAzb@aCbq@gsAdk@yRbU{y@qOaz@hc@it@rx@Fnt@c}A`|@uE`oBmuDp}AkmAb{B_eG~}@zF`b@mfAjuAwOjyBqgEtbCasAt]ccAlb@sLbFunAfoAerAiPep@bn@cz@lJclB`y@{Uc@onE`Y}Am~@kKuAcfAzcB|]rVo|ExUq^nAxg@`PqQ~g@}`C
CA-17,24,72,0,0,3660,61.6,-122.06441,37.303755,-122.031123,37.490123,28.8,18.5,51,-121.794489,37.415551,-122.105067,37.518306,26.3,18.5,61.6,-122.06441,37.303755,-122.031123,37.490123,0,552,24,o{tbFpu_hVnAkStK|CmN}fAuuAmD}^pN@iPey@vQuKcb@pAkyAcwD@ua@v\atEoaAku@smFyj@coBaDwcDsd@ssDc`@zS_rD~b@ajCfdA_eDz|Ddb@luAwfAx~Aci@p~AhsAdj@{CrVba@p[sKlt@`yAqO,evjcFp~jfVvDiNfZ~E~G|d@{Cho@{KvQmAzr@oHzKvC~T_JdHBrItLoDfYzF|BxaAnFbEfMyHlXhw@yt@|_@vL~`@pUjVld@lbAqh@h_AvB~KkIr}BvEzXaiDb|@_rD~b@{fClbAaTdPozBj_DoLvLcJJdb@luAwfAx~AcvBhtFpLfKp`@lhByZfcAeAd_@eUbm@|FpaA|Rvj@~cAbeA
CA-18,24,72,8,0,4811,368.2,-119.851695,35.873354,-120.620981,35.796789,156,131.3,253.8,-119.851695,35.873354,-121.643071,37.113336,156.6,152.8,368.2,-119.851695,35.873354,-120.620981,35.796789,160,552,20,mo}yEbpozU`gAkbAY~tHsyAtQuaEpcC_eDnO_Cci@m}LxjMy`M`_VjmLxqBvw@~eB{~SngY{uD~A~Bd|PvzBh~AjiB`{Fpw@x]st@h_Cz[||AkVrj@rf@hwAb~@vKof@z`A}zAndJoiChlHeiEfrF{_CrmIkvBzmCa^d`Che@p[bAbr@`p@fHu_@x~@zB~~Awj@p{C`v@jEfQpxBaBmfAhbC{vDx`IqhIr~AocDbq@uoDvpAoy@jd@ahAvyCffBpfHorCnaDdNnhClx@xiAzoBlaD`aApsAjtAtyBpZ~|@iIwlAkwCqFwl@dZkZeYyf@zsKsNmaCmlFgwAexA_q@gjDkuGadDgJw|@{dA_f@zAs{A{d@ibBvoAa_CvtB_cHj~@rHrQlnBy[buAbb@~wAhlCdo@p`AvjAbxCjdAxjB~wBqg@fkB`hCdqEwfE_Xo`@f]du@rvBblCziB,mo}yEbpozU`gAkbAk@ruHw{GruC_iDsXm}LxjMalMdwVaiRxsPyzVdbNwkd@fr`@ay[fga@bzBfzGjoGptD|OvtCmcCniF`@`aMucAd{D}nAx|XyuF~dKh[xuDw|@daBvpAlpDmYdvEimMtzU}aBxJwhGl{EsrFvyKsfFfx@oPvlAefIx`HosG`yR_bGz`@wgQlgH{kCz{Bzi@xuB
CA-19,24,72,18,0,4524,427.9,-120.195046,35.608393,-121.912305,37.207923,251.6,168.8,363.9,-120.074613,35.472446,-122.307981,37.124356,244.2,168.8,427.9,-120.195046,35.608393,-121.912305,37.207923,0,552,24,mwixE`rr|U|uCdCp_FdsGirJvzS_kJfrAth@rjn@jhBleOhjI~`At}H`oTn_@ttLmlB|jLdrCzpRyiT~tV}_F|kUsmTvoHcnSrpXuaUf_G{tCzqLk`[n~S_xQrwUqeI`zQipe@v`H}oDqwDgoEpUq`McyQuaTmyH{hKr`C{`NgvAthArdDclHpaKqeEqq@}mAcoT_lFouCpvCkdCo}DqiHguFzuAyl@leFycHbrFasLvvC}pBnyKvcCulAzxB~dD}dHrqL,yeowEha{{UenAmfBqmIz_Eal`@lig@beHrsLpqBhp|@`vIjaBboFhtLjqBh_RwoB`{NdrCzpRyiT~tVarEl|To{Tf_IcnSrpXuaUf_G{tCzqLk`[n~S_xQrwUqeI`zQipe@v`H}oDqwDgoEpU{_MsxQatSuvHexKj}B{_NgvAnj@nwEy~O|qNcdBflYp_ErnDc`AttMehKjnRstPfgO
CA-20,24,72,8,0,4743,626.1,-119.790953,35.478285,-119.067367,36.857897,310.4,171.5,530.7,-117.839809,34.82273,-119.38017,36.968071,306.2,171.5,626.1,-119.790953,35.478285,-119.067367,36.857897,0,552,24,ijpwEltczUphFBWclRbnG{dDeOwyr@tid@{wl@v@saw@ouD`@g@unIggRpCqZznBs}KteBakMu|Tdt@cqEa|FcxCowLab^asGueIexC~r@_tI{xDyfBbkMsjDfqDfyD~gYebB`sDgoIhjBrc@poG{pElbMct_@xvWa|Fj{@_zCs|@tQmkIanJckLaOtaQo{Exc@glCxoa@etjAggA{|C`nD||AryFjbCn`@_BppIkqDp@i}A``FaaFq@}@noBcrOmAgbC{mBrfB`nWcbBnyIm`QsyRqnIqkB|_@qiKupEvgA|Ty{C{kBda@btC}sBe_BocBlwB{L`ImyN|hCigC~t@{uL,aipsExqfnU_pBz`NslS}EcwKs|EsyB~gh@}qDpaOv_ClkVgyB`uPscLxjAaeBlzL{}ExwAmbKt|Q{oCdlGmh@taNusLde[mlLxeBakMu|Tdt@cqEi{F_wCguB{bJ{aDorBerG__UenSkxGyfBbkMsjDfqDfyD~gYebB`sDgoIhjBrc@poG{pElbMct_@xvWa|Fj{@_zCs|@tQmkIanJckLaOtaQo{Exc@glCxoa@qyjAccAorCvfFh{Eh~E_BppIkqDp@i}A``FaaFq@}@noBcrOmAgbC{mBrfB`nWqjCvd[szYpFk`EgqF}b@_fJy`NmhFhxBupG
CA-21,24,72,0,0,498,87,-119.907226,36.706316,-119.219831,36.298396,57.9,49.5,82,-119.219831,36.298396,-119.852424,36.803632,59.7,49.5,87,-119.907226,36.706316,-119.219831,36.298396,0,552,24,oe`_FdkzzUeAw|Xnh]mv`@npGadI`pB}_EzNuvc@fuDpCt@m`FpsXsKpAslL|nDj@gBs^,_pp|E|btvUfBr^ivDYm@beLs`Bn[ukU}Gu@l`FguDqCoI||b@smAj}CgiJzwLcua@vae@of@bsAcyD`_C}wBvpCkF{z@o}@uD
CA-22,24,72,1,0,1839,310.2,-120.231655,36.793032,-118.758118,35.238468,188.9,140.6,239.3,-118.758118,35.238468,-120.547537,36.667893,169.7,140.6,310.2,-120.231655,36.793032,-118.758118,35.238468,0,552,24,mcq_Fzvy|Umk@eiHi~HiiFYauP~er@ra@zzDfaFxfqAf_@l@vtJvtJumJv|Lo~UxlVy~Vrxs@ssg@r}AgvOaCyydAbjRwmGtS{~Pr~CgK`vAy|Ca|AuSllBwlAwiCmhChhIu|DzyB_vHp~I|ArhCqwWrhFmgIxjI`a@,moavEf}ysUivIq`@w~EleImuCvxWcpIsA{yB~uHihIt|DviClhCmlBvlA`|AtSavAx|Cs~CfKud@tqQczQ~kF`DvheA{jBlpOwto@zed@wwY`zYiuMtbWsqoAfjaAsuXxg_@mbBl~@slDwiM
CA-23,24,72,16,0,3343,468.9,-114.625537,33.462883,-116.052853,34.239858,350.1,230.2,390.4,-114.625537,33.462883,-118.096689,35.160211,332.4,230.2,468.9,-114.625537,33.462883,-116.052853,34.239858,88,552,22,_vfkErxrzTu@pqAgyAg@GvkB_}W|IwG{~OwkQ`KuzC_{IyrSfyBu}I}fAemGxcBkcCwo@q`ImrHsiOcQy}BdjDujBpMwrK~mKee@lxD{uFbfFo|Y~tAkw[me@w~Jmf@o}AahA{cCn~@eiZesGeaFviA}aEqlAocJv|Ls|@h`E`sAv}I{\~yDhmCz}MbMlhKlpDnbSrnDpew@yKxvItzLlud@xaBbkb@szBfzYh`Czz^whAjjFgPtod@}|@`zF_eEz|HshAbzHypGh`q@y}Bnsb@o}BxaRymBriF}CrkEjkFyv@p_Df~A`lK_yBviVuyKnnFl}E~qJiuEbgRzBl@y~O~mDe_XrbB_xCnM_hCxhDijExLmyT`uBs|AbaBgdFdeLclGQwr[ntD`@MmyHmT{oC{~H_xK|EunHp{HenJ,_vfkErxrzTe{A`}D_}W|IwG{~OwkQ`KuzC_{Iu_g@bvC}dMecJsiOcQiz[hh^{tv@pn@mqz@_gIufJhcMgCnsUzlIxjn@xaDj}aAbrLvmc@x~@~`Olg@voXswB~pTh`Cj__@mbAxye@_dJbz`@soKxttAsoFb|YduAvoOseGddEcaAfpl@qsLdm`@ekBdzmA{iPlBmzCzqCxB`ob@kxE{aD
CA-24,22,72,50,0,4102,373,-119.529643,35.057345,-119.25461,34.407791,226.4,127.8,199.3,-119.199171,34.243067,-120.842573,35.508805,152.4,127.8,373,-119.529643,35.057345,-119.25461,34.407791,0,462,22,mc~tEfspxUwfNzfWmaQ~bQugBr{Cl_@baDowAjvBkxGfhF}oC}Fs@t}BitDlcIkBhqUsxAv@kA~`Fy{EtaX_tClgCz}BxgExH`}BgaD|}@yqCx{Ds_BzrJfsAloAit@btIvfDd~HdEbyEdmDdmFzwBt|@i]nvCfdAxiDjpAvx@jdGqbCziDbb@jhBlcGdlLjtDxdEx\xqBcsAjdJqzXz{S_dVvoGayBv_Lc@bwQgvN`xIw{LpzD_vPdlDk{B`yA_mGrbNguNndB_sM|wG}gV|rBkzAhaE}lI~m@tu@l{DcpB|nDkeJ__AkpG~j@mgR~eG{rRr`IomLpHi~Bn|D_zEplAw~DsaKqlA{bBdcBaaCiMqqG{mFvnAn_@b@esB,eb_pExapvUoEvaBov@mZcgApzCd_@bzBe~DjlNwjDhyDe^zcDg|HphLyoDdnJyzBtmOwJfiJxbAd`GumB|bGa}Fd_FudAia@s`@xwBu~Ff{GmxGvhVsbBnoM{aNbuNe}AtrG}eDfjBc{DlyPs|BbmEguXrmV}}K~@}dH`iCsiSnqUeaL|sZ_{FCi|L_qE}v@da@_wCnjDu}Ilw]cnI|qDmrN_uF
CA-25,24,71,13,0,4636,452.4,-115.344838,33.780144,-114.638511,33.029115,304.6,163.4,226.8,-114.614068,32.739015,-117.045698,33.949412,197,163.4,452.4,-115.344838,33.780144,-114.638511,33.029115,170,552,20,{tdmEfh__U?ixC}gJqpKiie@{kCsoAeuA}tLncz@`pGj}DeqC`dJy|Czm^JzeWuzAx{BtCnvVr{Je@~h@ajA~sHmh@hiEdZxoBegExuEmlD~~@khFoXslB`eDwoMj}LqkMjfOzhLrsGyzCv`GiBcrB`zd@a`Fzka@`r@`|@l{E_}EbjNusH`gMdTnvKkcAbpFyuFvtLgzEtuVgcQvcFghBvxCwkEvyGeeCftFk{Rt`GcaGnG_}PbmFsfDhSwoOhqj@yMk@adi@rvKghg@gSyw\qqBcyBiaE}eLflBcaW{XcxBhbBwhMqq@mu@aiJkPexFxnDa|KpmAiwF}`Cq~HbE{wCgtBeaAxpC,{iyfE|ppzT~f@pqAsnD`rh@l_E~bL|tBtaCnQbn\auKffg@kG~xh@_wN`|@siZec@wq@ltErQz~H}fF|iDuI||Po`Gd`GasFvzR_|GjdC{vCllEmdFrgByyVdgQ}kLhtEmtFzxFyoK|aAyuMeP_fNzsHskKh`LcQlfFaeDfuLelZ~xj@okBzvQx]`n]aoAf`Efl@|xEcPduUgrBfmCpOdpFkg@xa@
CA-26,24,72,18,0,4721,193.4,-118.911129,34.107567,-118.211685,34.6638,133.3,67,155.6,-119.220587,34.245433,-118.268477,34.815608,112.4,70.7,193.4,-118.911129,34.107567,-118.211685,34.6638,166,552,20,isdoEpywtU}i@vl@pd@lpCtxIxdC}lHb`Vu|IqZwtEkyGiwC|SwiHazFo^}qFafHz^fQleAs|@be@ecEvOq_AwpFywAmANebDykBrKg\mqTw~@qxC|t@uwMcu@_qFkfE}wKi}@flAevDkC{yBfnAojOldOorFry@y`BzsDk_Clp@uqDjaEc}EfgAiuFkx@o}@slBzx@oaJapBoxIbu@w}QsJ_it@ruUqFuUgbN,}p_pEtgtvU`Gma@hyCre@rC{nNswFq|E}]q_ABooSq`@u{EafHz^fQleAs|@be@ecEvOq_AwpFywAmANebDykBrKg\mqTw~@qxCda@emFy]idBpq@edCcu@_qFudAi{Asi@uhDauAuqCi~@~kAevDkC{wBxlA}zIhbHqpDpbF_{CdJsoA`i@o|@ncAej@vtBezBnl@odBtdCybCnzAsgDdl@gnEcUi_BalBxp@czJkqBuiJDa|Flm@_fApFosGsJ_it@}oGx@CwhCd[@
CA-27,24,72,11,0,4183,135.9,-118.506367,34.214955,-117.952611,34.818119,79.1,52.3,135.9,-118.506367,34.214955,-117.952611,34.818119,79.1,52.3,135.9,-118.506367,34.214955,-117.952611,34.818119,0,552,24,oryoExwhrUknDiWHsu@syA[rE_kCyiE}VgqFvgFkoEzEoiCisBclCilFccAkl@}p@aqBqmAcd@ccEbt@y^tgAcAfyDwhMerEkb@uu@}B_tA_kCydDgB{eA{m@_cAw@sjIqn@qaE}Wgm@{aB}@ldBqoFhfAabH_ScnFnm@goB[moOql@iYiaSrAKs~E}iMTq@wlIgsI~A,oryoExwhrUknDiWHsu@syA[rE_kCyiE}VgqFvgFkoEzEoiCisBclCilFccAkl@}p@aqBqmAcd@ccEbt@y^tgAcAfyDwhMerEkb@uu@}B_tA_kCydDgB{eA{m@_cAw@sjIqn@qaE}Wgm@{aB}@ldBqoFhfAabH_ScnFnm@goB[moOql@iYiaSrAKs~E}iMTq@wlIgsI~A
CA-28,24,72,4,0,4440,164.3,-117.441745,34.244186,-117.93386,34.432054,95.2,45.8,134.7,-117.441745,34.244186,-118.242898,34.239515,79.9,45.8,164.3,-117.441745,34.244186,-117.93386,34.432054,216,552,18,ei_pE|yxkU_jA|jC_YxS_`@sSoWodA_c@}HtWtOlTjp@ihA|uAon@pgBgyAjvBwUflAeoAtnCyvBd{GeGzy@qXxHan@rdBwP_ES|So]fM_i@`jBw|@rfGqYli@n@po@|\bTa\jU|g@bb@yOjmAg[lf@pTvo@gPlZnDbXf`@hJaKdzAjJvVgShMjFj|@kQtO`_AnBeE~b@bm@`V|Pth@aZx\g_@}HkBzQrt@|v@d_@oZfd@nIuJ|w@ha@`Ka`@|tAox@rb@zQxUd@z|A_Wi@_Qzd@lPhdAjv@r_@aJxi@dOhY}MnPDn`@ve@by@zOaAoD`b@hN`Z_r@fc@wP|vBaNrLzRoCzIq_@tLtQnFje@aW~{@hv@~yAW~cAuPhPt_@jf@xq@rH~Ijb@~`AjDnCzo@hi@uIbQ`n@pq@oRbOyXGkd@vQIpNek@nl@_QfFxh@jh@xe@nWry@bIl_A{BhoBcOmgAeSsXqQnwA{V^a}@z~A}XtEo~@vgA`Ij_@cNtnBkTnSsGdj@zOdw@}\z_AiZpKmm@q]ml@{bAwpCfDiaAgw@_VxEsCqSiYmLsf@zQoDyfAyf@w]tOa`@im@{UcE}TsgB`}AgZmAaM~V}q@lOif@oJo~@blAekB_iBae@{hAmj@eB_m@oq@y_AeCcq@qXyVo`E_FyqJfzAuuCrC}_@r_A[t_@}^`n@|Yl]a[zaC~Cbh@qb@h[pV,ei_pE|yxkU_dBv_Do|AacBbm@`aAarEzuH}eF~rPoxBrkC_aCbzKd@pq@|\bTa\jU|g@bb@cl@dvBzH|bBf`@hJm^zoEp~@|@eE~b@`_Av_Au}@ve@rt@|v@ldA_PuJ|w@ha@`Ka`@|tAox@rb@`StsB_i@pc@lPhdAjv@r_@sHbwBrv@`w@xHb}@_r@fc@y_@pdCv]ad@tLtQqOjbBhv@~yAeQfvAf}AlrA~`AjDnCzo@hi@uIbQ`n@`t@iUtn@{gBfo@oNreArhCpXlvJlYrkCjk@nk@{{@dnAtm@aK{z@tcFtC|bBfh@ho@aKhg@hYnDmMvWpq@xhA`wCkmBzr@~fAn]ePiDlz@pcAhDiAnhB{gAvkCe}BjQ
CA-29,24,72,0,0,566,27.7,-118.494481,34.32532,-118.422525,34.167975,15.6,14.2,23,-118.365516,34.14958,-118.494481,34.32532,16.2,14.2,27.7,-118.494481,34.32532,-118.422525,34.167975,0,552,24,gdopEnmfrU|It@OsU|YeXsKep@~UtDfG}e@jSmYlR|TnoCqoDrj@~z@tMkNlEdHsBnDtP{WrxAmhAliDcoDvq@bBpvCen@nfAqElLxD?|vB|sBA,{yloEngmqUwOhH{Bxo@}\|XaeAhb@wd@~o@}c@bUc^v]_yAlMawCjn@yg@yHwPfDcgD|tDspCbwB{Ytf@}bCv_C{c@zNqc@o`@cGoTpFXrKdp@}YdXNrU}Iu@
CA-30,24,72,0,0,4320,161.1,-118.188948,34.368725,-118.490024,34.375169,32.1,18.3,65.8,-118.05055,34.502824,-118.368229,34.460198,28.2,34.6,161.1,-118.188948,34.368725,-118.490024,34.375169,376,552,10,qswpE|wjpUyGeK~@oKcI{BcHqPyReCkWpRcK`p@dHtEwBxQ`R}BaCbJzEjb@bJfLgHnNk@zTlNxOkMbSn@tVeMlAdU~h@_W~WdQlt@fLrFoHdKzGhLqC~HdJ~IyFhElC~NwJtFjC`TcLXHmL_OqIdA}\eT`WgGyEoU|GxO`KhK~^kPdE|Ln@zQ|N`c@ho@gHvIfD`P`M^`NvZ`MoAfEnJoD~EtMpPtQM~CnLcG|H|H~EaIrWvIrHyJpOrCvF}CvF`CpQtHGuGbQjDlRn^sHcL|VvDhMiFj@hBtSzIoGhItRjXdAuCl[fGhJaLpYkD|WtFrC{JdWzJlHyCtKnFfBjD`a@zG{CtBlEoBfWvDiFxIvDpPyTjCnJsHvFxTxAcKn]pCnPaOn_@mMZnG~RcJdJnDhK{c@|z@pHJAfEsQxHmFzN}LTj@pZkQfCP}VyLyOc@hUkYfl@ix@jRiWtS|Gnt@_KxFRtXfZnn@fA`YoLvv@?hfBwKp|@`k@|uA}Lt\pBfi@,syqqE|vooUjCf}@jYvEnTbO`n@^d]fN_OnEbGxPvY~PbT|d@fJoFgApWv^ty@jHpB~Nll@~SdCxX~v@zN~HymBn[g^lQcdA{M{@lUaSha@vmA|sB~^|fAxIrt@wOfm@}VwWi|@}]}Vlt@hBxw@mE~s@lK`dB}WpgAgYnp@ab@pyCtElYla@fk@zIjfAt\boA_GxfAvVlb@uNtc@[|SdT~aACjw@lUr@lIlu@vg@j`AbBt\iGjQhCfJyClQdQn]f`@tAbHlNdYdMzXiY
CA-31,24,72,0,0,2166,45.3,-117.990769,34.172954,-117.674268,33.994361,28.7,22.5,40.4,-117.674268,33.994361,-118.009427,34.165382,26.9,22.5,45.3,-117.990769,34.172954,-117.674268,33.994361,0,552,24,}kqoEhadoUbE`LbNyAd{@rZHfZ`zC}@cAsjFzh@oqCaKyiAhS_~@db@we@|FcW@gaF|TagAcCkbBuQyy@|Cmr@lIkI|l@oDry@kYbjBu@r`Asw@z^uMzq@_zBfbFygFlE_b@mLa}Ba\}yAtBgcCngEsAEepAlQmJ,wonnEdgfmUaRxIcAnfGaRb^qeAhdAaz@xoAeuF|`Gcm@zoB}`BnlAqnBhBay@fYsm@dCwNxM{CbYhXnqAbCbbBuTbeAOxdFoHbW_`@|b@gSv{@|IroAgh@xoCw@piF{tChAnOzg@cb@h@yNhH
CA-32,24,72,11,0,2418,104.3,-118.888174,34.100703,-118.79484,34.226987,61,32.2,85.6,-118.937639,34.044319,-118.378467,34.09889,48.5,32.2,104.3,-118.888174,34.100703,-118.79484,34.226987,0,552,24,khcoE`jstUjiAyn@l@mk@vv@pa@va@{VbmA`KdCaOgZ_Jp^_ZpdBjn@kBb_BvIlEzo@o_GjrB{uDmb@cuA`ImnAy_@w`BiAejBuj@s_CyEs`Js`@c}BtPgwIiO_k@eCiuC{\fAuJmOiItSk}A~g@waAvHq_BnbBabAog@iJeg@s_CmEnIhWsS~\alA?e^jZEb\kNkVcDtTyd@sRkrMjFw[sSw~Af[qiEcOvQtaCpt@n{Ao]luA}k@fg@oQpqA_J~oSjoGvLht@lvAxYo@,_hxnEf_}tU_PonA~eAs|LrwBmmEic@wkA`ImnAy_@w`BiAejBmj@u}BaFqbJy^a|AxNizJgO_i@bCwsBkS{{AbUusAgE{fA~Uiw@uuA}f@tr@ihAiz@sf@l[qPgc@m[iWwm@oZ_HrXe^gM}iA_f@on@_k@kLoBiQm}@du@igCpSaq@h\ih@sCy}@em@enCme@ac@zDsI}LdYenCeHorF`Omq@f|B_]fV{hAv[_EnZae@tPnQlq@sOjLa_@`YwJtY}AvZbi@pBxM{d@hQdKzC
CA-33,24,72,0,0,4902,53.5,-117.103997,34.066043,-117.590939,34.101525,34.2,28,53.5,-117.103997,34.066043,-117.590939,34.101525,34.2,28,53.5,-117.103997,34.066043,-117.590939,34.101525,0,552,24,wo|nE~zviU}AbyE_VZZlnGel@MUliBkfEmBcxBbZyRvf@iCzlB{~@n~CcKbvAsE`qHpy@prArI|i@{J~`[aJj{AtfE~tFs@~tJd_@ECwN,wo|nE~zviU}AbyE_VZZlnGel@MUliBkfEmBcxBbZyRvf@iCzlB{~@n~CcKbvAsE`qHpy@prArI|i@{J~`[aJj{AtfE~tFs@~tJd_@ECwN
CA-34,24,72,0,0,98,28.7,-118.192469,34.144227,-118.137375,34.01341,15.6,10.7,25,-118.137375,34.01341,-118.316523,34.055517,13.3,10.7,28.7,-118.192469,34.144227,-118.137375,34.01341,0,552,24,mxkoE|mkpUxJDzPnPjP}k@lT`IzpAgd@h\tBrEaQ|Oc@vBzQdPxFr^vh@lI|q@xj@rb@rb@bOjL~PlGzi@vVxX|VcPj]oAz^gPjdBsNz]xDhi@tYjh@jKnYgWxr@ekCrD_tAtGaSxCtCqF??mI`r@sqBwOiInK}y@aOaAlHu}@yDU,yfrnEru`pUxDTmHt}@`O`AwO|eA~Su@sv@zaCsDbuAcb@|vAeZtz@yShVmoAh@u^~MqMruA{Yxj@_Y|X~~@ncAjSpc@cu@fuBBlfBjJ?hAp`B
CA-35,24,72,0,0,2435,61.4,-117.709302,33.923544,-117.395762,34.039288,31.7,23.2,53,-117.786079,33.966762,-117.410273,34.093583,32.8,23.2,61.4,-117.709302,33.923544,-117.395762,34.039288,0,552,24,cu`nEbbmmUzF}XzT{YgTgUypAvHudAde@g`@{@mQmMmRd@qJcg@so@ye@sv@cEbBkJlo@mi@yA{xD{}JRiCe|K|M{v@sfFH}JeH_Bc_JfL{{AcNszSn~De@aLo@,gcinE~a|mUmFqSvi@qe@eEms@`TcAor@{s@Mcl@_wAsdAeMmfBxBe}Ehg@Gpr@yt@yA{xD{}JRiCe|K|M{v@qrF{G_Bc_JfL{{AmHi~Kq|CeDOebDoG`C
CA-36,24,72,14,0,4794,63.8,-118.337791,33.725882,-118.397132,34.08604,35.9,25.1,63.8,-118.337791,33.725882,-118.397132,34.08604,35.9,25.1,63.8,-118.337791,33.725882,-118.397132,34.08604,0,552,24,wazlEdzgqU{HgRmN~Rk\t`Bq_@ne@xBneA}e@zaBrVrwAkKdr@y[iKahAxk@cy@oEik@hVwlAyl@kSw`@q`@NqVefBmXjOwrA{j@ymCrLsoAd[zIfl@}xEztA}rLxhFu}Au~A{u@e[|@qn@yh@_eAcCobAanJvcHgUeiAcjDkvFuq@dO,wazlEdzgqU{HgRmN~Rk\t`Bq_@ne@xBneA}e@zaBrVrwAkKdr@y[iKahAxk@cy@oEik@hVwlAyl@kSw`@q`@NqVefBmXjOwrA{j@ymCrLsoAd[zIfl@}xEztA}rLxhFu}Au~A{u@e[|@qn@yh@_eAcCobAanJvcHgUeiAcjDkvFuq@dO
CA-37,24,72,0,0,81,24.6,-118.261819,33.967446,-118.409535,34.008719,11.2,9.6,23.2,-118.261819,33.967446,-118.395109,34.052453,14.2,9.6,24.6,-118.261819,33.967446,-118.409535,34.008719,0,552,24,qginEj_ypUDvSyl@DRj}Akc@bA{b@eAqQmDj@ttMxG|t@wAncAgEr\~@ffBil@b@wv@jzAgMoJiAhCeCeBoBhE,qginEj_ypUDvSyl@DRj}AubBOqlA~CyiAmAyPkDoz@s_@ihAeEoCqAAuCtCo@zBxCxGvnAi@vcDbJb_BhH~yEkH`j@mPlp@{YeDgKrA_R|qAeIpJi@tSaR]
CA-38,24,72,0,0,1226,83.8,-117.72574,33.900927,-118.19411,33.969178,43.2,23.2,46.5,-117.792065,34.003025,-118.19411,33.969178,30.2,27.4,83.8,-117.72574,33.900927,-118.19411,33.969178,119,552,17,yg|mEzhpmUv[hb@rUdiDfUpMyKt\`OdhH}gCzzFwBx~@sjA^iMp~Aua@lAkw@{U}iConCowAm`AgzAFo~@}]tj@dhHQlyCiQ|kCwvAn}GyaBztBgNl{Bs`@pv@nrB`sD~j@tSdr@tw@z_B|\pbAxy@{iB||D{s@pcCj_AfMdp@|f@u]prGthBtNwBnb@zIr@,}epnElg}mU~j@fc@aE|]yq@pkB}m@~Mv~@~bA`q@|wHTj|CqO`fC}xAnjHyaBztBgNl{Bs`@ly@nrBdpD~j@tSdr@tw@z_B|\pbAxy@{iB||D{s@pcCj_AfMdp@|f@u]prGthBtNwBnb@zIr@
CA-39,24,72,0,0,488,56.7,-117.280777,33.711634,-117.543419,33.97322,34.9,26.8,46.6,-117.16949,33.776703,-117.5244,34.028963,32.6,26.8,56.7,-117.280777,33.711634,-117.543419,33.97322,0,552,24,uhwlEzkyjU^hiAosAZu_EswBicBklC{{@aq@{CgwAcZyBeoBt^mkOffF_nBxs@c`Adr@q@hnGa`BxtBa_Bdg@kc@xa@lB|yMsRlv@vCdcAm`@tm@_f@lKoYhk@wZzMbBdgLlR`FeEwG,k_dmEhtcjUm}@QBj~G~KxBuq@ppAivQj`G_nBxs@}bAtv@usApCuBxq@gtA~Skt@naBiSjBfJdoAoqAvLmCiR}_CpeCq_B|iFtBpeCup@`hDuk@h`HnBxgGu}@?
CA-40,24,72,1,0,3600,135.1,-117.745985,33.86008,-117.668714,33.745714,92.4,38.3,75.9,-117.21157,33.452208,-117.635796,33.880101,48.5,44.4,135.1,-117.745985,33.86008,-117.668714,33.745714,80,552,20,ohtmElgtmUkWid@z}@c_@flB~lAlcBhoHlw@eBwP_nCjzAq^dpB_tB}eBcfC}zBa{@}uGkLubAetB`[_hCikA{nEjhAidCfm@kl@zv@Q`aAivAeQkuC~h@iq@~h@ecFdcBgnBnlGkkDx|@ifAvoDmiIl_@eiDndBgv@fxFxsAz{A_kC~z@xHdPgr@|[j{Akl@bDmOt_A_h@`^juAr~Bl|Ctg@eFmWrwAft@el@jYldC|sEgVdtAt]fbBkKdlAd{Av{Cr`CtjA`cEd^baAbiA~CfhAkl@aXq`@lwCuqCeV{pBvuBk}AwV}yBrW}bEcvAmdBz}@gf@liEqgAc|A{qByb@k{An}Bi}Dh_A{rAdiB,isdkEh{kjUxKlaAu`BgUqXke@gm@hW}\seBk|@mbAom@aFbCu]eqApkAu`@|tBkqAmTk{A_nB_a@`d@{Zsp@_fFpxHekLxyI}uGfpJyqB|jAu`Aj|HguAfhEwsC~kEqoGbnDqiB`lBbKbg@ar@baEei@br@rQftCqaAfwAiw@TmpAbaA{^pkA
CA-41,24,72,0,0,468,50.9,-117.883088,33.936689,-118.082681,33.82117,24.8,17.2,44.4,-117.883088,33.936689,-118.158898,33.839902,22.5,17.2,50.9,-117.883088,33.936689,-118.082681,33.82117,0,552,24,igcnEh`onUvd@[vU`KoDd[rPbAzAxmGvk@LZdeLbFd\{ElZXn{SxqO]bD}wEdf@sAjQkS~ZK{Bvr@kGdCdFs\sOhA,igcnEh`onUvd@[vU`KoDd[rPbAzAxmGvk@LZdeLbFd\{ElZ^nrUltLuAIpxDll@hI?pN
CA-42,23,73,50,0,4916,59.5,-117.851038,33.581868,-118.19499,33.733748,29.1,26.7,53.6,-117.851038,33.581868,-118.200144,33.835981,29.5,26.7,59.5,-117.851038,33.581868,-118.19499,33.733748,0,506,23,u}}kE~whnUeFaLonAdcC}s@lVuk@x~@{]beB^puAe^rhA}ZbfCuyDhcImbDhvE{zDptDqgBt{Bau@~Yut@ljBamAfi@dJrr@md@t|BrJ~s@_d@`vErZfe@}Qfq@|dA~VlZyx@`|@}YpDzu@j^uC,u}}kE~whnUeFaLonAdcC}s@lVuk@x~@{]beB^puAe^rhA}ZbfCaxDx`IygBppCu_JnyJau@~Yww@jmB}h@~Hiv@fp@gfAz^wlBznCszABsCqK{H~pAug@raBgMrmBmhBxZqQnPx@tb@
CA-43,24,72,0,0,375,28,-118.198004,33.885888,-118.432588,33.951258,18.5,14.2,25.6,-118.436008,33.94381,-118.198004,33.885888,17.5,14.2,28,-118.198004,33.885888,-118.432588,33.951258,0,552,24,yiymEnplpUyPt@Jzu@u{AxG`CpxGyRnE{kCo@rDvxAyFzy@Ff_BzRdfB~BppCoDbYwd@ly@oJxe@vUn_B{GbzCvB~~Ey_Cx}@dAeh@,ysdnE``{qUkHhAhyAwk@sAacFbHasCyUg`BvGeb@tc@ow@nH__@mC_uCiRieBF}}AbFot@aG{cCvByj@~DkLpsCiEYsxD|yA{FRwv@xPu@
CA-44,24,72,2,0,4545,63.8,-118.204165,34.008601,-118.248069,33.718774,33.4,21.6,53.7,-118.293941,33.70553,-118.204165,34.008601,29.9,21.6,63.8,-118.204165,34.008601,-118.248069,33.718774,0,552,24,whqnE`wmpUxhFwJx`BoqB|UwCtJcdAvMmGnr@lEfp@rj@vgBlHhUgNhCaw@btEYq@|vCpzDvtA`AfnNrsG~QrgAmj@fmB{L|u@xVxh@zi@|m@vDhF}gDu_@mnAv`@k^p{Bus@to@h~BiPtF|f@}OiIcx@,qbvlEbh_qU}wH}QejBceAwgB~JwlAhl@}xEkIoy@oQaG{~B`MumJe`AgH_tBqcADah@mdA_AoUoS?i^wzANkBdh@k[kXknC}H_l@uh@kaAwQ_NfxAiUjDs{ApnBslFbRpNoo@}O`k@
CA-45,24,72,0,0,390,48.6,-117.867698,33.87612,-117.928208,33.733737,26,16.9,32.8,-117.941828,33.693503,-118.101003,33.899238,21,16.9,48.6,-117.867698,33.87612,-117.928208,33.733737,0,552,24,wlwmEb`lnUuE}ApBiOn_@lHgQf|A~@lnE{YJyFbHpAtt@r_@@RrP@ju@a]boFzDhoAlo@{KNpqA~qAjApBv{C}E`^flLW`@ilBj`Au@`Y_TzIq_@pH_|Bd\s|@vAawEnhD}AMgu@~ZaB,kwslEloznUwIcg@y[lFxGjZuZz}@yzLfaPe`Ak}@wpML_\reB_nAt_CsDrtEajC~F
CA-46,24,72,0,0,78,29,-118.005086,33.811054,-117.864518,33.703363,15.5,13.1,27.9,-117.854385,33.892117,-117.864518,33.703363,15.7,13.1,29,-118.005086,33.811054,-117.864518,33.703363,0,552,24,avjmExzfoU_BkDdHASqdAkl@PqBayL}ShAtEsLlsF_aGzcAwz@p~@]@_LnuIbBRcZrI|C,wpzmE|linUfPzAhHfu@nfCmCdnB{c@|Jxr@gMzcArxDRvnA`X|t@qO`cB`M|eAy}@t_Ao@@_LnuIbBRcZrI|C
CA-47,24,72,15,0,3303,53.2,-117.645249,33.441149,-117.706053,33.742757,29,24.6,50.7,-117.645249,33.441149,-117.81809,33.766647,29.9,24.6,53.2,-117.645249,33.441149,-117.706053,33.742757,0,552,24,enbkExq`mUg~BzhEeRlAuOp|BqpCyA}jAwb@k\kl@ca@wR}y@tYw`CiFqa@ib@ms@AaHik@}zEpA}\jYkfAlxC}g@vr@imB|iBuvEtdDmr@aCqvBumB{OnUui@gp@ue@fo@ka@tJsZ_|@}hAuf@uRg[aBk}@xKaJvItJN{VeV}H}c@lL,enbkExq`mUg~BzhEeRlAuOp|BqpCyA}jAwb@k\kl@ca@wR}y@tYw`CiFqa@ib@ms@AaHik@}zEpAs^h\gnArdDulCpnCkwEvkD{m@vOu_EvlCogAfrAgLtFq|@oj@qjB`fCyBzb@chALNff@uk@eB|AyK
CA-48,24,72,18,0,4334,306.9,-116.756627,33.827557,-116.098429,33.050352,157.5,78,181.4,-116.098429,33.050352,-117.112002,33.797014,112.7,78,306.9,-116.756627,33.827557,-116.098429,33.050352,130,552,21,g}mmE|_sgUfwAcy@d~AneAlIimBl{@bdAh~@mbB`rDpHeGcrCh_Hx_AbaFuvIt`R{fNbmAzhCof@pxAvr@|eBtJt_JabEf@UvkBglChkC{oFp{L}fHt|EmqCv|G_rAb@`AjhNxdJyAnD_eCtp@a[flHoeA`qCp_@xjFo{DpeC|AhUe~@d`DeOftFhnBbxBc{Dv`AeeGpqHghIzl@_rGpnCwFjdD{bGbuFqxBnXqlH`kFveFp~Ck|KdxB}XvkP{_Q~xAcqFu[ohB}~CazB{r@spJpe@ckMsmD_gKh|@_qPn\{cBbhFCth@}iBbwHojB,ucvhEdnrcUcwHnjBuh@|iBchFBgpAjyL{FleF|kD`}Jqe@bkMlr@xnJxmD`zCiZltEywQ|cTq|Bz\q~Cj|KafF}iF}^vrHusFpvBkdDzbGqnCvF{l@~qGqqHfhIw`AdeG_yBp}Dg]`dQ}iC|wHv\z~Bs_GpiC_xCcRoN|rAe`EwkAezDn^glDkzBgxQgn@eYjpFeyAgKqyAsjDmdAaR{|C~vApgA|~A
CA-49,24,72,14,0,4452,157.4,-117.495987,33.50898,-117.364617,33.484783,73.5,52.2,79.7,-117.249077,32.869123,-117.649341,33.545585,59.1,52.2,157.4,-117.495987,33.50898,-117.364617,33.484783,0,552,24,cvokE|lclUpPb_Bm`AjJ|GdfAmx@ho@qB~^a`@v\aMhj@~n@r`@h_AbmAYd`Cap@ztBhP|rAteA~Kp|ComAfmAl@ryAmv@rlBniC|gAelAtwF{uCbt@s}BxeActB`vGiiKjbAyVtmBkdC~dCieBby@wiAnfC}_BvvBqlCvzBk}@kZwD}[og@gc@cuDmp@o~BmzBcSUoxAyVil@{a@}Ii]qtFmVoq@K}h@_^gTdFu^an@mMch@us@at@_DeZgSgeD`rAomAlCmwFbmBgxBsAwo@aRkKt\rGjf@r[bPe{@nLlAzSwSdFdBl\i[ro@jT|o@Yxz@{bAz]|ZpfAqFlTuzEne@clA`rAz_@jQ_c@vHkD`b@kXwT}KdS_bApSiJhhA,_wrgEvesjUkmCsv@ofCr^_aBhxA_uBtGiL}pBahIr|AwnFngDgiGlqA}kOdbHm_ElyCik@x{AwtBfz@akBffCqeI`pGcoB`fCieAnYmoGd`KymCvgG{mFlkCooBnvB{nBq_D{yGxlB_{BiRceBn}@u@b~B
CA-50,24,73,10,0,3332,92.9,-116.915885,33.123626,-117.16474,32.718497,50.3,38.7,71.1,-117.16474,32.718497,-116.965869,33.253111,49.1,47.2,92.9,-116.915885,33.123626,-117.16474,32.718497,88,552,22,umdiEhcrhU{_Cqy@ud@r|@_`AtTfAtjCk{@`XrVpqBebB|m@ze@nfDxjAzjBq^te@tr@`s@rbAzNn@ai@jo@yMb`BxfClsBf\d{@~u@jwAaRvqAjXpDdcAhrOjkA~yFr}CvpB|c@brDxJ`{B_t@|dAzDzeEj|DboB~~@`~EjrAfrBbGzZl_G|kBc~CfjCe}A,siufErvbjUqT~e@ksBfp@abBduC}_FtZgyAzo@}pAo|EcEsrE}~A{q@ulCu|CixAoa@qvCtw@uxDaLceJm`EiqLkcA{zAiZ[ih@i}@yWivBtLi~@mw@e`Dga@e_BmgAoeDu{@isAbo@uuF~d@zEylLw}CiO
CA-51,24,72,0,0,2469,103.1,-117.175869,32.744001,-116.442328,32.885973,61.9,43.7,103.1,-117.175869,32.744001,-116.442328,32.885973,61.9,43.7,103.1,-117.175869,32.744001,-116.442328,32.885973,0,552,24,_izfEd|djU}]_[xBoiA{{AbGm}AiqGqEifIlt@agGwr@ojC]m`BilCocAaLgvHwpFupFefAgrCePcwGdjByqDzg@gaJcnAsrDorBso@h^m}Aaa@a}Bw_@_FbiBoxFse@gk@hh@ghBuTsvAdl@gxD`{A_jBdgA{Rfz@scCwu@kEgY_kAevB}JgiBgnE`kBupBo\cmBodC{y@{jBzaC|Kva@,_izfEd|djU}]_[xBoiA{{AbGm}AiqGqEifIlt@agGwr@ojC]m`BilCocAaLgvHwpFupFefAgrCePcwGdjByqDzg@gaJcnAsrDorBso@h^m}Aaa@a}Bw_@_FbiBoxFse@gk@hh@ghBuTsvAdl@gxD`{A_jBdgA{Rfz@scCwu@kEgY_kAevB}JgiBgnE`kBupBo\cmBodC{y@{jBzaC|Kva@
CA-52,24,72,1,0,4041,132.9,-116.143172,32.631,-116.802393,32.786417,82,58.3,112.5,-116.143172,32.631,-117.142387,32.703468,74.7,58.3,132.9,-116.143172,32.631,-116.802393,32.786417,0,552,24,wfdfExe{cUbqAniCf@psCh_@d}Agd@zdAuqC`|AioBj`Cyx@fwF~i@rjId`BtbBcc@hdFdV~iA`f@hNa@v`B~iAz|@lGbxEzp@r]duAwG|w@zvDp|@|yAci@zdAgd@psLcm@`sDvcAb~AdUnbDkzCbjJxM|z@co@d`BzOjfAecBpHit@xzBkj@`UuGdjBeu@hk@eu@n}BsuEpcFaeBp\wpAszDrXu|Irf@g}CjoBogDbO_oBqd@ehAu`AaOolBe_Bcz@oaCco@rm@_u@iBmh@pxD_}A`jB}ZfdB{x@vbAoOjkB|^vb@aGhrB~TxgAfk@ja@jI}`@,wfdfExe{cUbqAniCf@psCh_@d}Agd@zdAuqC`|AioBj`Cyx@fwF~i@rjId`BtbBcc@hdFdV~iA`f@hNa@v`B~iAz|@lGbxEzp@r]duAwG|w@zvDp|@|yAci@zdAgd@psLcm@`sDtl@|_@jq@`hEo_DvbKxM|z@co@d`BlPfeAwcBtIit@xzBuj@rUeHlkBmrAxgBbKzgAhzAfhBvJdfBve@zKnt@xgBr@zkEyqAbt@|[hg@mk@deCpfAhrEid@|s@bv@ldCy^lwEqbChnCs~Ahf@tSliCarAtn@aq@t~Biq@zq@
CO-01,24,72,0,1,2327,113.3,-105.068374,39.641509,-104.705425,39.904525,49.6,29.5,87.3,-104.60981,39.883363,-105.068374,39.641509,43,29.5,113.3,-105.068374,39.641509,-104.705425,39.904525,0,552,24,mn}pFhdh`S~OqAuFo{AobJNoyA}`Ca{AF}Rwg@CyiAwfAH_c@hXm]}HeyAigBkWos@q{@uUaB{zI~g@osOwzCb@Z_~Jm~CkBcj@if@sSc}@jDauMnp@kNdBmoBnWIdBcp@`n@PcAm{Cyv@o@cGwSmUiA?k}AioG@d@srA}vAdJwCroKuwB`Gm@b{D,_vlrFhrn}RnqAkIe@rrAhoGA?j}AlUhAbGvSrw@zAh@`zCan@QeBbp@oWHyDpsBqx@lHXntMjSp`Adj@zh@paDvKT~qJ|pCnDa`@|kOw@fhJr}@rIz[bv@zzApeBp^zGtl@kYxy@~KXz|@xRfg@tzAJzyAh`Ct`JTnHvxA_PbC
CO-02,24,72,3,0,4751,559,-106.388931,39.372092,-104.949067,40.894478,226.9,139,385.2,-106.963365,39.596135,-104.949067,40.894478,228.5,139,559,-106.388931,39.372092,-104.949067,40.894478,0,552,24,qzhoFxajhSfoBwaFurB|s@qgBaeCkT~yBgh@y_DsiCbIjr@`eIwfIkiG}cTzhKwpE`eGs|CwbFo{@olTp~HiiJzmO}iGzW_pIysJsyBslKgmJqcHcrRsu@uuNwxBgmDfk@}lYaoHwqGsnCutI|nCuiU_oDlfDoaEqdHunD|{DmhEkdJwdSesD_sH}xTmLogL{gVciWa_LsP]upD{eMBFnqDamJrwBw_@zlE_kZndEghGecEfkBkmEwlCgl@wR}nDcvj@a@JyrFm_P?~AyeTckIgqB,{rtpF`hzkS}xIoq@_PoaV}fJ}|YfxIehLrlHihb@ucF_tJeGmkNvrI{{KlpO}kGzb@}tFkYiwBmdJk|AslKgmJwdHkuRmt@mrNwxBgmDfk@}lYaoHwqGsnCutI|nCuiU_oDlfDoaEqdHunD|{DmhEkdJwdSesD_sH}xTmLogLigWk{Ws_KR]upD{eMBFnqDamJrwBw_@zlE_kZndEghGecEfkBkmEwlCgl@wR}nDcvj@a@JyrFm_P?~AyeTckIgqB
CO-03,24,72,15,0,4968,989,-103.05892,37.09728,-107.371754,41.000863,649.5,391.2,844.1,-103.05892,37.09728,-109.045607,40.297745,564.1,391.2,989,-103.05892,37.09728,-107.371754,41.000863,0,552,24,_qlaFfu_tRs_L`lLgoUmo@nAdil@piJ~YxHtmq@rmQlgqAykTztt@v`Dfu\q|oA`a}@d}Nz|v@_|MxpX|`d@|fi@_eHtp`@|Hv_t@yweBz_IoqIddPe_@po[_zD`@c~M`~[niGd`L__@`rQiiJjlFq{Of~m@{|Nl|Heb`@nQgcCxu\xjJhtSnyBjvp@lwDtpRpfIzvDmm@nfJsxQdeo@wDrx]_`p@vvc@ebM|ji@gmf@`eb@ekMchBejEu_Y_xj@gcYoaVya\s|P}yr@{hFvDghU|c^an{@jcE}{Cm~Oc|SsnL_}ZcbC_bGszGe{@o{TgdO~~By_T_iMk_KajS_~Mkl@uhIhbKgdr@t`S~f@cno@{gCawA,_qlaFfu_tRs_L`lLgoUmo@nAdil@piJ~YxHtmq@rmQlgqAykTztt@v`Dfu\q|oA`a}@d}Nz|v@_|MxpX|`d@|fi@_eHtp`@|Hv_t@yweBz_IoqIddPe_@po[_zD`@c~M`~[niGd`L__@`rQiiJjlFq{Of~m@{|Nl|Heb`@nQgcCxu\xjJhtShnH|`dAhlIxfEeiSzcz@wDrx]_`p@vvc@osDb}[ujn@jvn@it_@`abAqcl@dVcdOokLmxQ~kNics@kcRcvg@dwFgaS|ll@{nX|qG
CO-04,24,72,1,0,2667,591.4,-104.648718,40.972775,-102.047613,37.352961,381.7,292.1,584.1,-102.744651,37.011895,-104.648718,40.972775,378.7,292.1,591.4,-104.648718,40.972775,-102.047613,37.352961,0,552,24,{nayFnev}RgjArrXh`KryCbwd@{hAzfd@ucNlgBsb`@~`WuiFf_FwvQfkFvT~fEofWvoWfqOvoQSa@jlFpq`AhvBniI_c|@~oiAumz@taGof`@`tqAkhmBjaNwez@pev@`p@hr@}uInadAul@lPwoSrtmCuRxOir{@ogKuae@nuPyeK,k{{`F`ibrRyeQh_B}i@oib@ulFpaFwf{DpQ{`@`pScpcAvl@qu@lvIy|u@au@uhN|jz@iarA|smBuuFxy_@mzeAxgt@woPtdaAs_}@_qA`@klFwoQRwoWgqO_gEnfWgkFwTg_FvvQ_aWtiFmgBra`@{fd@tdNcwd@zhAi`KsyCfjAsrX
CO-05,24,72,8,0,4323,144.1,-105.027145,39.103406,-104.281176,38.594012,75.1,53.4,143.7,-104.281176,38.594012,-105.027145,39.103406,75.3,53.4,144.1,-105.027145,39.103406,-104.281176,38.594012,0,552,24,iktmFtb``Shc@ef@fx@~j@`_D}Vbf@mc@na@bTfhCciAlqCl^zo@bz@`hB_cAlMn`@f~BqCxLhx@|b@yGhkG}rIvfAy@xk@oi@mB{c@fdAetArM_zAraBosBdi@o`FfiCqxEmIi~GgYi@wNelBtCgaMaYgvApr@shHqXmyAx@yw_@v~n@}CuEw~a@,q{pjFjln{RtEv~a@w~n@|Cy@xw_@pXlyAms@tiHtXrsAfLtrWbu@~a@e|C`sF{h@x_FkaBxsBuOr{AkcAbnAj@~h@ej@hi@ifA\ocFblHqiAxo@m[a|@soBhGmMo`@_zA|dA}}@a|@mqCm^ghCbiAoa@cTcf@lc@a_D|Vgx@_k@ic@df@
CO-06,24,72,0,0,1445,92.2,-104.494997,39.781615,-105.136484,39.571518,53.2,37.1,87.4,-105.136484,39.571518,-104.494997,39.781615,53.7,37.1,92.2,-104.494997,39.781615,-105.136484,39.571518,0,552,24,czxqFvdx|Rq@fqAhcDS~B~eDhn@tnHgxHFgDncYzzKf@nsDhr@leCzIdSr~AiSbeC`[~e@hZ|jBoItjCbYBlPd_@`DzyAfp@nq@tPLiBbe@dyAhmDhaAde@~Axl@bl@hA^j~Wr_Anl@tkAqArgClb@uHdg@`Ap_S`Ozn@vh@{e@,_yopF~mu`Sl{@oqApMaqBdg@wzBepA}Oy@mrByc@kp@ms@w[wAwvBrJ{f@ciCqb@gmAt@q~@_o@Ec}Wi{A_@qsCswH{jAct@nI_rFg[mmBcZub@Pc_AxQueAeS_lBg`Cb@svD_s@_n@pHgmJoVpCwtXfxHGin@unH_C_fDicDRp@gqA
CO-07,24,72,10,1,4834,339.4,-105.034822,37.963139,-105.058146,39.95339,217.4,138.7,327.9,-105.257681,37.951305,-105.058146,39.95339,219.3,138.7,339.4,-105.034822,37.963139,-105.058146,39.95339,0,552,24,stufFrra`SkmTfdKweGtmHivDk~MmiF~uFuwJcoCct[reDo`FliVuiB`Ujg@`tBynHn|AmxAv}NsfGptLshGs]q~YphRkg^vc_@q{P~bIg|NzfVyx\pj[_kLukG_Xi~E{oWg|YlLsnC_{Cbv@{nDk_GgTqaKtpIgoc@epHkaFmoAseJccGchMklE{fAikAqxIgxEs}B}gD|hAgaCeoLo|NzaDsxJonHyiBgcPyy]n^,ujsfFncmaSqbC|s@udC~bQggOrePczOjfF_|NhkOmsBdqG_}Gjs@krBlvJinG~t@h~@`iI_uRlnSmvH`gX{fMf|Nm{P`xE__Nc`Ao{IxsE_nGkyX}|Gbm@ciB_dC_uN}}@oaa@~fGobIir@wrIicG_Xi~E{oWg|YlLsnC_{Cbv@uoDcaGmSy_KtpIgoc@epHkaFmoAseJccGchMklE{fAikAqxIgxEs}B}gD|hAgaCeoLo|NzaDsxJonHyiBgcPyy]n^
CO-08,24,72,0,0,1750,132.1,-104.816112,39.826422,-104.508132,40.393432,67.9,54.4,95.2,-105.029688,39.797016,-104.539867,40.489491,63.2,54.4,132.1,-104.816112,39.826422,-104.508132,40.393432,0,552,24,crarFt{v~RooBuJogAhkAe@zrFbmGzByVhj@dy@fmCea@pl@i`BiAib@c_@_iCtKcF~lAgxIgoImtIe~DmlGmy@m~LnFuhBaw@atGVotHd|@a|HcJcqQ}sSaxB}`BmqDmn@km@{|@kdBb@_DmeJr]egArD{yDeHcgBit@wOraBqdGx@cdCf`@Ir@lz@,kz{qFpr``SulGmmRuaIoyIobMw}GwiY{pBwm[pm@_jQuoS{xIgnEkdBb@_DmeJsgLwHVcvMmbAgc@
CT-01,24,72,0,0,1123,133.2,-73.093252,42.031953,-72.982668,41.666989,76.8,42.4,111.5,-72.566694,41.560277,-73.093252,42.031953,67.3,42.4,133.2,-73.093252,42.031953,-72.982668,41.666989,0,552,24,ujp_Gx_c}Lne@blCbfFg|BpvAdz@niBsSx{EwfDxI{_BveA{iA}RcrE`ZioAsi@{sC|]wiDepBuoDg}@kKksBsoGhCibAk]wy@nv@}xHoY{fA~U{jEzy@syEzkBmgCzz@{uDtmB{uEzsA~fBndAl`@dsIrQ|fCgfApxCvvAtbCw|@|mC~e@pmBtyE`kCzi@jmK~dFyy@ppC~WtlA|lD`pBrHv~Btq@rmAyZn~BbRd{C}`HuJnO`eDau@pKsvCvaDkFf_Eba@ppC,wft|Fxd|yLkH~nBevAxgCbk@|_Cm[vrAdi@jtAgaCaa@aq@zyBa`E|pBoeMujGeuCtm@wgAbpA}hBwe@e|Bt`AibD_yAy|CreAcyImUaeCwiCgaDntKglBdhC{y@ryE_VrjEnYbgAov@|xHj]vy@iChbAjsBroGf}@jKdpBtoD}]viDri@zsCaZhoA|RbrEweAziAyIz_By{EvfDoiBrSqvAez@cfFf|Boe@clC
CT-02,24,72,0,0,2358,154.6,-72.670017,41.371608,-72.73413,42.0318,80.1,64.8,99.6,-72.631508,41.274584,-71.805591,41.981248,81,64.8,154.6,-72.670017,41.371608,-72.73413,42.0318,0,552,24,qko{FrjpzLxzBkcAyqAaxLts@_xHcm@guLqkBivCwhF`jHkmB_YodBeeDqkCjr@}yB_~@woDxfEauEf{BugLinHipGxLuWmyCisFko@unJheA}x@j~BeeBjx@ieDgeAcbNsOghBheF_mDl{DivFy_Aic@ftNjhAvrF_^fbH{~@faGmyF_GxL`lA,cm|zF|yhzLaqAe_@ePegg@slEgmPpl@cjGgl@agEo|KaaNe|Au{Ds~EsbEgkNrJuvFgfBszCmtFow@c}Po_BmrCaoFaxAipCgqC}pQuqFwtI}Jm}NrsDaoKwgDjg@iw@ivDorFfh@ipB
CT-03,24,72,0,0,509,82.3,-72.559296,41.534178,-73.090071,41.503547,49.4,39,79.5,-73.112502,41.151606,-72.559296,41.534178,49.4,39,82.3,-72.559296,41.534178,-73.090071,41.503547,0,552,24,sco|FrvzyL`Yzb@tzAxz@hPbuAkFpcAyfBjhB{YtGbRneGvfAvs@ldBzZbeAzo@vzAxCrPhgCpRht@`C|`AgQjTqAp\zZ|kAlCd}A}iAhsAleDf}@`rBvqBnuA~`DbwBzjAdQnqAh{@pw@_RbfBle@vm@xX|mAdf@z}@jcAjkAtEnr@fy@l}BlUzyAbuAnfBiOw@bFxVoZfWm}Arf@_\db@}xA~W_Bln@gp@vdAg@hy@qdAnfCpHjy@aHvp@ucBjMa`BsXyrBh@yoA_tAeuBuYib@jHjKd`@kQ`Kqg@joC{ZpMqU~y@wJhBpHaQyIs@,qldzFbxf}LaPhp@s`AqScdAfpAk`EjJenBikBqyBw{@oSakCc{@ovA}kEcuDy_Csu@sw@myD}hEgpFgyAcpG_kB}jC}v@mbCrIe_Bup@il@eY}}A}}BeuAuqAsyCynBwnBo_DilAbaAccAws@s|MwzAyCirFo`CwOgzF|eCmrBZsjAmP}wAwtBu~A
CT-04,24,72,1,0,4705,105.2,-73.519469,41.370998,-73.123493,41.483215,40.4,43,94.6,-73.651693,41.0047,-73.123493,41.483215,56.3,43,105.2,-73.519469,41.370998,-73.123493,41.483215,0,552,24,wgo{Ftgv_M`Fpk@fy@kKloApSv]yS|Ngb@_Emh@rPmJqJ_{@`Jmk@hg@iNfm@wk@lc@y@dHg\}YaSl~@qb@`sBwvBtc@w@qB}b@md@sg@~Hw\mQoScQe`AjMcPc\uhBd`@o^RkYqh@mWoaBa_Hhz@sv@oQaaAiPsPhe@{`@wIo]vForAab@}|Asy@m|AjE}Q_Lcj@adB}x@aF{hAqRkm@dk@yp@pHcy@hOaRebBat@{l@kFwZ_[awB`@iq@mZ~Iof@l`@e^oEo_@mPuCbAkaAydBoj@ga@mdAcYvSmp@ej@sa@i~AqkAqr@ucFeB}m@`u@uRl@,kvgyF`bp`MasAakBow@o}DmjAyuBma@}rEsiAwaFecAmjA{i@wxE_sA}aAkgBwqDmWgkCygA{uD}R}_FtNg{Bwh@wxB_tA}jBwq@qrEe`BmuAca@u|Gec@`[ozBaA_wCgxAewAzy@alAq@ypA`mBk~B~m@}m@r}Bu_MsgGuqDq\lk@ueAyTqfBydBoj@ga@mdAcYvSmp@ej@sa@i~AqkAqr@ucFeBsaAnv@
CT-05,24,72,0,0,1179,130.4,-73.472301,42.03547,-72.758542,41.501997,68.2,52.5,109,-73.536989,41.38118,-72.812888,41.914427,67.8,52.5,130.4,-73.472301,42.03547,-72.758542,41.501997,0,552,24,u`q_Gz`m_MvzDyUcKmoBjq@}EfnAa|BqXaRdI{v@u|@}yAmq@q}F`Kcb@~aCp[fw@}Y~pBdr@rw@}zGh|Ck}GzjBkGv{AshBbrE_z@rmDcnCp{NqmEhTs~BpzEowEbxA_rEvsBkaAtn@{kAd~CtVzpAoVxqA{dB`fB`[rvBkyAn~Ape@rqAuZdG{kCreAkyAbJewAsb@guBbm@k_CmoCq}GvMgpCfYuSjiB}fOcIkj@hfAarEprAu~@~aAbI,kgq{Fduy_Mgo@xRyVq{@ho@qhIasAgPmnAqkCio@wrDsnCq`D}aB{GmsEpoCgiGrV{iEev@qn@hN{Nos@esC_JkbI_yCmqCssDwu@glDy}BqtD`]w}AqwBgaC{_@qgFo|Bw|AcRg_DpPsgBudBucAeByvB_\cq@fX}yAcfBaxVt{@__DyqAwkG}kDpT{uAy`BG_nCyl@cmAquAsn@ogCiHmmB__AkIal@{~AySssAylClCc|@
DE-01,24,72,19,0,3528,164.6,-75.050074,38.45642,-75.481744,39.824757,119.7,99.3,161.3,-75.050074,38.45642,-75.678286,39.80912,112.1,99.3,164.6,-75.050074,38.45642,-75.481744,39.824757,0,552,24,s_viF|eaiMkan@d~CgyVjpk@_eH`kEixDtnJaoVj~KckPal@icEdmGs}E}Dw}Jz|NugMreBqkOb`MwoK`r@}hAyrCoqEga@ktJxnBaxIicC}yKfuA{iF{bUatFgcIu`H_}F{_CxcE,s_viF|eaiMkan@d~CkuHv{NgS`bEsnLppU_eH`kEixDtnJibC~j@swBn{C{sBwAg~JrxEckPal@icEdmGs}E}DwvJnwNisMrmBekI~kJahEvrAo|Eir@e`DxcBivAmwCmeM_Eg{BrvAqxD_Oa}CksB}xKryAmdEis@}hBzkBwpEsQqnDvuCanB_u@
FL-01,24,72,22,0,3290,186.2,-86.161188,30.98736,-87.601968,30.907422,117.2,94,175.6,-86.186759,30.335204,-87.57118,30.993057,116.4,94,186.2,-86.161188,30.98736,-87.601968,30.907422,0,552,24,_fc|Dlj{lOzB_o@tiAxJnWwzB|gKeSsKxaLteJtdGwDfrFhbCeJl~C`eElfHqYheBbp@do@zdGyaBn}MgtAda]|xAl|HazAp`EcfEfuAwRn{BkrH|oHujAbb\efF|xQgNnlEkmHdtHfAr_Vsx@z{EgoCleDdfAtw@vHxxPpr@rpAySffUn{ExoD~iGvE_hC|bP,_zcxDfj`mOg`@bwA}tDi_@sRnlAgg@h`UpO`dDar@~gBoZjbKirMudAsqAw`B}xEziB}uBpO}aBn}HlDbxC_o@tp@yn@ptCcpLbqBkqIdiDueDmJmXtsFk}B|vAolBiTpNbiB_uAfzDsaCheBqhAwHwRn{B{`Gb|Ego@xoA}kAbe\efF|xQgNnlEkmHdtHcV`{NjXpcFeg@vdAmPbvCe_BveAao@t~AdfAtw@vHxxPpr@rpA_a@nvFdLvnMadA~Wkv@fbOi{@e@
FL-02,24,72,30,0,3744,263.1,-86.133114,30.933974,-83.356734,29.69566,226.7,186.4,263.1,-86.133114,30.933974,-83.356734,29.69566,226.7,186.4,263.1,-86.133114,30.933974,-83.356734,29.69566,0,552,24,ixx{D|zulOjaMimB`bI`s@huGohAzpMt_AtDoiRk_AsbJgzH{~Skz@sjKgGs|YnkBihb@ooAssd@rpDikKllAk_J|~Mmr_@~BogNncCisPqKgwIpmBanGjeCknCxrFayRpdAglFjO{lKpcG{sP`p@wyOuoCuuP|TwhJ~zBelFeeAip\pxAimRvoKb_CrqEsfR~|c@{}_@tuL_tItfQweI`fNopOb~KasGj{Km`KjbF{_C~uEzvDxiHtF,ixx{D|zulOjaMimB`bI`s@huGohAzpMt_AtDoiRk_AsbJgzH{~Skz@sjKgGs|YnkBihb@ooAssd@rpDikKllAk_J|~Mmr_@~BogNncCisPqKgwIpmBanGjeCknCxrFayRpdAglFjO{lKpcG{sP`p@wyOuoCuuP|TwhJ~zBelFeeAip\pxAimRvoKb_CrqEsfR~|c@{}_@tuL_tItfQweI`fNopOb~KasGj{Km`KjbF{_C~uEzvDxiHtF
FL-03,24,72,17,0,2975,198.1,-82.750953,29.010671,-82.397113,30.565543,140.3,128.9,185.9,-82.185859,28.964786,-83.174354,30.622003,140.8,128.9,198.1,-82.750953,29.010671,-82.397113,30.565543,0,552,24,ucapDlhaxNeiIuyRm_UkjAuoFwfL{g]evLq[snGunKepGo_\waCuvEulKoqQ}uJeqMgtRqmTi}DilRaMsmLvbImEboFcnW}hKavM{H{_HjTguJ~|L_cVcbByaCreBfa@fjDytIbhY,}dxoDr|rtNmnGogAkeDjlDubHV}xZenBcuXddFsv]xzNo}o@xif@_`k@bmNahk@hfWsoj@j|g@g|JzkWgrQzjNe_BcoAoiAjcL
FL-04,24,72,7,0,2590,151.9,-81.96514,29.751243,-81.460466,30.701109,93.2,73.8,146.9,-81.96514,29.751243,-81.954282,30.819988,92.4,73.8,151.9,-81.96514,29.751243,-81.460466,30.701109,46,552,23,gxqtDbygsNhZcyCghAeaBwdFecAa_Ghu@_oDsx@moAdqAsrDysDe|XyDqcHukFwmBimDkeUfh@u|Dhp@iwAv_ByeFo{PqjTggBsmGcmF{k@}iF{oCoxEeaFiq@k@efAwaG_Q_sD}xBuqGnB`bBm}P}iByeHkdFi_AbIkjBcmDra@_^h`C,gxqtDbygsNhZcyCghAeaBwdFecAa_Ghu@_oDsx@moAdqAsrDysDe|XyDqcHukFwmBimDkeUfh@u|Dhp@iwAv_ByeFo{Pu{Owz@{fDexA_bSzqHipId|FcmC}`@gxCdiA}nKnjLklQzkL_o@s}FujAa@ak@jxB{uB{O
FL-05,24,72,22,0,3709,85,-81.394387,30.395196,-81.263234,29.829081,55.8,41.5,73,-81.263234,29.829081,-81.582418,30.362219,49.9,41.5,85,-81.394387,30.395196,-81.263234,29.829081,0,552,24,_qoxD|ixoNrl@l\`A`rAlgBmJbUbu@rw@baGaL~gGblAb`CrqCiB~Dp[~yNopA~cL_DxfDeb@`eF~g@beBudBxgIkNfaPaiIhiFi}DjXq{BaLuwBze@gmAzwFwpB|NmaGdf@}zBpqFicAi@cp@cj@vA,w~`uDdv~nNbj@wAh@do@srFncAef@d{BsMv_Gwv@rp@k`EhaAwf@vmAzKdwBuW|pBijF~fEqvOzbIskIrR_cCl|AqsEs^gx_@fiBukFpqDdRxuCczAsBH`a@dZC
FL-06,24,72,12,0,4850,177.4,-82.053577,29.507211,-81.094947,29.015722,106.5,74.9,136.5,-81.682185,28.798172,-81.411286,29.855792,96.8,74.9,177.4,-82.053577,29.507211,-81.094947,29.015722,0,552,24,acbsDzaysNraAwuA_q@aa@uBqfAye@qw@ky@hBlSh|AolAUcYhaAexL_Uca@aaGecBgtF`TiuBo^swHjpDeBhjAyr@b`Fc@w@}dBfv@edChNicC}OidB``@{}@yL_iFngLyfBrvWoNbwFquIvdAwoCniBuaAdcJgGjrAltA~~Bu`@ppBuhAiQa`C~jAmkCvb@g~Da`BsvH{MccJobBw_GlbIwgLvhCuK|iGk}GdnDeGRq`DhyAyUnRy|Bz}@a{@m|AmsMdc@gkHpcAyoEiNvh@,qswnDtppqNklCok@wR{bEqjDi|@sDcySajFegKysT}iMa`C{bDug@s}F{sJjFewAs{D}pBux@}lC{EadXbdIykH_dDipQsd@u_IucHibB`}@}iLyVupHdwBiqKl[i`CdlEsvZriJlfBj`Cs`HfkA
FL-07,24,72,11,0,4787,97.3,-80.867172,28.795744,-80.993042,28.734587,51.3,44.9,76.3,-81.395424,28.644711,-80.987637,29.187835,52.9,44.9,97.3,-80.867172,28.795744,-80.993042,28.734587,0,552,24,kdwnDxjqlN}fBz@usAulAym@erA{~Dh{@DxbKdbBg`@~{AvUxeBzeD|_@fbDifAnkB`Mr`Bii@zaBau@`j@eaAnyAkAl|WryDv`Dr~@vvBlr@t`@djAFKgnDvd@gdBriI_cKnz@}rEh^ioGxYeq@wf@iE{yA`oA_CklEiW}i@,mtymDjpxoNw@u^goH_L_iNy_E{vHa|CynH{gHm`Z_zGgp@wt@moAsdIx^{pIeLecDohBy`EotFrDeJeqAqeJ}aKww@mvC{cF~rB
FL-08,24,72,37,0,3996,138.4,-80.725896,27.845009,-81.06968,28.36338,86.9,68.8,105,-80.451258,27.859993,-80.894217,28.775477,76.5,68.8,138.4,-80.725896,27.845009,-81.06968,28.36338,0,552,24,in}hDzwukNrJgoBp|BaCvBykRcxB~|AgwIcCnUcfBeQ}hAshOvnCogKfvGs{DdoGmeUpC{xQrkDwgC`xC}gOlvIozCva@mM`eCejFv`F{DpfSkaFdvJgvCfkClPzeBvjJ[{@lfB~cL{@jlCa|C,}k`iDjc`jNmfl@|pUxgAtdFkcGjjD~BpoMc|K~CizQfmD{aCxuCevRtaKueMvFk{Fv{De}Rk@}rQ`rFcrJ~X
FL-09,24,72,12,0,4238,267.3,-81.479562,26.772827,-81.351572,28.080204,180,119.5,215.2,-81.050383,26.773293,-81.34315,28.483915,148,119.5,267.3,-81.479562,26.772827,-81.351572,28.080204,46,552,23,ealbDf~hpNtWg|@eyAg@}LlxAaeGg@po@s{FnaFke@etD{vC`@o`g@_dCkcCiO_mK__Z{k@kdFagOafDazEuiLcdIslGqxMykGceCcd@atBq|_AykCm}_@h~QiAsaA{mAxTqaQfqRo~IxqAm}LldJmfLdvLcnApiEk}M~gRi~`@hcKetF|aHmJnaDdqGlkExwShVkCa`DhtBuzH`tGgH`hAmbA,adlbDzcumNkrAvvC_uG~{@cRzmFc|WeGweNcsWw~KcvHslGqxM}pHezFy~_AmkCmrb@ztPo{PnmRo~IxqAunLvwIio`@joh@_ka@ljJy_K|kGesAspBc|Vfi@ku@oyC
FL-10,24,72,0,0,463,48.8,-81.231255,28.45701,-81.544892,28.635899,31.9,23.2,45.4,-81.231255,28.45701,-81.54381,28.64911,30.3,23.2,48.8,-81.231255,28.45701,-81.544892,28.635899,0,552,24,i_ulDjnxnN~_@dNxL~aEsmC|}Ayi@ro@m]uNs~BHkeAtYap@``C_iB_C|_@neN[n}Ag]~o@qQnR_{G~Qca@vMsVaMmu@`d@gxA`cCqxA|n@xIpb@oDphEqh@|u@a`@`}Ay`@pn@yGf{@hIflA|pAtGze@iMkVfQ,i_ulDjnxnN~_@dNxL~aEsmC|}Ayi@ro@m]uNs~BHkeAtYap@``C_iB_C|_@neN[n}Ag]~o@qQnR_{G~Qca@vMsVaMmu@`d@gxA`cCqxA|n@xIpb@oDphEwi@fx@ahAncD_@b}AvW`W
FL-11,24,72,5,0,4930,138.7,-81.37922,28.4147,-81.43173,28.76905,67.7,60.2,105.5,-82.221246,28.875261,-81.37922,28.4147,71.9,60.2,138.7,-81.37922,28.4147,-81.43173,28.76905,0,552,24,{vllDbkuoNpj@oKnEpsAgVfbGtX~gE{[|jA{sFvFLzgCyoG~u@oDjaDesAds@_pG{CiHr`Afd@rQpIvjAv@fuGqcBvxLe{AvjBuyErtC_iDmHgq@{r@kOft@ghBnq@uG|g@stCcg@cuBhM_Ay~BovAcrAe@}qDu|BcW{ZmlMkl@Nu@{iDs|@hBwk@}d@gc@edFy|D{aBuPxNaOmtElY_rBpjAwl@|cCpDrMk_B`f@sY,kufoDxyytNpeCssAka@yzFs`CmeGhe@mfEl}AuJ`r@co@xqCkzIzdF_tFdtB_oErkQclRl_LuwWxtH}bHrcBoyLC_bJue@cYu@qw@toGrCrsAqr@lDqaDloGwu@C}gCnsFuGf\ejAuXsbEdUohGoEqsAqj@nK
FL-12,24,72,18,0,3617,80.9,-82.613948,28.019588,-82.323272,28.341025,49.9,35.5,72.9,-82.468482,27.949157,-82.668497,28.431935,48.6,35.5,80.9,-82.613948,28.019588,-82.323272,28.341025,0,552,24,mq_jDdpfwNnMcm@yhAc_AxRorAgqF_B{G{_B_gBui@ae@itAigAyZupCnMkx@}qCb@esB{oD_fCypCmuAk}Eow@wgCjO{s@c`Ak_BuGajAsmAopCs[}iC{|AcFqlJ_}Hx@ekBhoAkkAeB_BanJa|Awv@~@_x@fuCz|C~tIjY,gyqiD~bjvNqIel@}^zCir@}z@uuJ~SqtLeZ{}E|jAkgFmWgzC`d@uf@`wCn]bfAjA|pGydFh_@cwRxFpKrbEkbAnkEtp@jwB|AvbEarE[}a@kr@atD~KgcBaeAqRpkAwsAxSv@lY
FL-13,24,72,34,0,4781,63.7,-82.596901,27.861034,-82.756564,28.216697,34.2,29.9,60.6,-82.604072,27.805176,-82.756564,28.216697,35.9,29.9,63.7,-82.596901,27.861034,-82.756564,28.216697,0,552,24,mr`iDrecwNlAth@hc@vr@sJzWnHvr@k^xM}Z}ZiVO_F}S~ZheCasCrfEy`@nM]vjBoy@fIqf@pj@ioAaK_}E``A{z@X]f`CsjFKu|@jm@yz@tFg`c@xG^rbCuU`G[g_@_TS,kuuhDlrdwNy[p]jRfhIq~A`JpDlcBm|AtK{aL~aHs~R`GyzBju@g`c@xG^rbCqk@yW
FL-14,24,72,5,0,4881,111.4,-82.05353,27.756611,-82.644349,28.017247,61.6,44,95.3,-82.644349,28.017247,-82.039206,27.672358,61.8,44,111.4,-82.05353,27.756611,-82.644349,28.017247,0,552,24,yelhDpaysNzSnb@zrAfPz`@d`@|Yq[xKnHrDul@vCxYrfCmL{@`ue@{l@phBs@`{J_pNMaC|sHgcJyNoeB|X{fD|aB}zDl@}AdfBgtAjjB_dBqDuLtXxIb|@hs@pXrLzZgJfaMatAjy@_Upm@eyBSkCpaCsxAt}AaInm@ieEfvHyU~y@fe@OzGaXhw@[,yb_jDdnlwNiw@Z{G`Xyc@FfUyx@fcEgsHdKeq@twAi|AlD{|@f[e]lAm`@f|AkBp`@cu@dgAiv@f@g~I|PBgGo`BoM}[_o@cS_Mya@`V{mAaPi|Ah^qwAx}IIxoDoeBn_BkVhcJ~OhBktHjpNz@Fy}Jzl@qhBz@wgm@diEruB
FL-15,24,72,21,0,4693,155.4,-82.360607,27.903702,-82.72278,28.998801,104.3,78.9,144.5,-82.360607,27.903702,-82.493827,29.040201,99.1,78.9,155.4,-82.360607,27.903702,-82.72278,28.998801,0,552,24,c}hiDx`uuNkhAejAmaNxz@gv@uiEspF`yCegHnSm~DbtBi`DyvBudQpAaoF}hDaoV_p@_tDs`FwkFwl@iyBe}Cw{F}rA_Dj`M}gEfmPy~Ibf@sjNniQ_bSlHwoCxgBciHkm@uxDjqGwq@pnHylTpcKjpA~rJ,c}hiDx`uuNkhAejAmaNxz@gv@uiEspF`yCegHnSm~DbtBi`DyvBudQpAaoF}hDaoV_p@_tDs`FwkFwl@iyBe}Cc{FasAkDx~LawCpfMinFua@eoCccBouYrH_vSudB}{^|qTmwBhSou@bs@xQ|gD
FL-16,24,72,16,1,4878,195.9,-82.036037,27.807984,-82.343525,27.115594,96.9,85.5,184.9,-82.828388,27.822476,-81.564008,27.297016,109.4,85.5,195.9,-82.036037,27.807984,-82.343525,27.115594,0,552,24,{fvhDftusNycCluBaeCX_@_eNthKj`@~vGr{AkBytC|aAeCzqA}cArbSwoBfgC|D@as@bxYocCj~Oi@fa@}_BtvMctArzEvb@pvDmPnsCtiGjJbhJ}j@zkDnP~bHx`An_DJz}CtkBcw@thA~AxX||Cf_B`Rn]jfAhhAtl@dpDzQmCnyV}kA|jGtRn_JkUrh@u{@h@j@ucG|j@zC,oayhDllpxNveCsiDqqAaaB~Im}C~{A}{Cv}Bw_COyrFzuQ|RhnD}Id_B}r@v_F{fDfmBi_DzZqvG{\ugB|AwfFnjHmh@rpCyw@hoAouCnx@qQ|]wcBbLcmHdu@azA|Iaqc@`uAc`Eu@mePk~@_kBuCasA{yAinBvSaqc@ebBa`EiLezCvh@kP~b@_iIbxCchGne@qsEn`BKnkEy`FjhL~jA@keNvoGM
FL-17,24,72,23,0,4805,177,-81.611718,26.846144,-82.618106,27.378878,90.9,79,148.3,-82.618106,27.378878,-81.568288,26.721885,102.7,79,177,-81.611718,26.846144,-82.618106,27.378878,0,552,24,kkzbDfxbqNhO`mBeaA|e@sg@n`HzS`]mk@`mC`i@rcAGbtFmgPxJeLzxm@nx@hrCyV|oAzh@llAc~C~}B}zGthKmdAlvCiEbiDixAhaCs`An_Eg\vmHzi@vjBqo@zqBaF||OcpC~kBe}Djz@kfBvrB_eAzFugFvrCi`DvkAw|El_@oqFp{EssJjAdAp{@ak@~eAzfBh_DwbBvd@ce@zwAkvCx_DavALhAy`@,_mbfDdjgwNeMdYfe@rMzyBifAh~ByxDtiBge@iaCi`E|E{fRruSp]fjK}|Bp{Iq{GzS{sFvyEm~B~jEwiDai@_|A~QkcG|iAojFvyAaeCbDedDn_@qiAmvByzItCmvEzrAwRzJ{j@|cG}|ChlD^hxGypA|kEknEfkDcr@dxLo{ObsGqtGrm@w~B|vBk{ArcBcA}sB_eGsnA_gKre@irO}hByXz@wpF`UjD
FL-18,24,72,3,0,4240,130,-82.095593,28.237052,-81.349301,27.946622,72.6,49.7,130,-82.095593,28.237052,-81.349301,27.946622,72.6,49.7,130,-82.095593,28.237052,-81.349301,27.946622,0,552,24,q`jkDlhatNwiClVGmrCdiAccCpeGcaH`mAsl@dmAnzA~jA_BbVg^s@y{EtjM{CbxBubBrjCkBvBwd@blGg}Gj}Pw{Jv}@kFvRyiCsr@wcD]woFmj@ahBHiyC|gB}nLm^a~Dv_AglDMatRzcA_nFexAYk]yh@iq@n`@otBx@ibA}qBqsD{oD{Sk_CnmAe@zi@_f@fd@cxC,q`jkDlhatNwiClVGmrCdiAccCpeGcaH`mAsl@dmAnzA~jA_BbVg^s@y{EtjM{CbxBubBrjCkBvBwd@blGg}Gj}Pw{Jv}@kFvRyiCsr@wcD]woFmj@ahBHiyC|gB}nLm^a~Dv_AglDMatRzcA_nFexAYk]yh@iq@n`@otBx@ibA}qBqsD{oD{Sk_CnmAe@zi@_f@fd@cxC
FL-19,24,72,28,0,4126,112.6,-81.788531,26.106124,-81.956769,26.765543,55.7,48.4,105.1,-82.052378,26.76583,-81.788531,26.106124,59.2,53.9,112.6,-81.788531,26.106124,-81.956769,26.765543,46,552,23,gzi~ChierNsmAh]xChv@woDdRaFk|@_sx@f`B}wCjiCsoCz~@knEdgD_pEnGu@|wGud@phD{h\ya@udBvmA~@lf@ulAlAyOlaBwoCe@hb@{cB}WY,mujbDjzxsNo[wwA~m\`Pz~@q`@``@o|Jz`G{@`f@u~RroEkGjnEcgD|oCc_AptCkhCjux@iaB|El{@dpDgRyCiv@rmAi]
FL-20,24,72,0,0,159,36.2,-80.28232,26.130193,-80.123109,26.315894,21.2,16.8,35.2,-80.28232,26.130193,-80.107343,26.316067,22.4,16.8,36.2,-80.28232,26.130193,-80.123109,26.315894,0,552,24,upn~Cnc_iN~F{LySsI|SieAeYsd@iE{Ypc@e@Q{qBaJuOub@Fc@euBmf@lNkfEhCwr@}J_rJgqH{y@oO{iBtMkO{PaQ_@_BatA}|A`AmH}PmAetAwr@UmLe\od@mV{O}@c@iFgd@CbCcP,upn~Cnc_iN~F{LySsI|SieAeYsd@iE{Ypc@e@Q{qBaJuOub@FiD_iLeT~Hol@BgxEefBssAcK}nAijAaYqLqnGs@iyAqbA}aBmCqjDkq@}ZuMq@mf@bNsB
FL-21,24,72,29,0,4999,190.3,-80.674755,27.117552,-80.663535,27.55139,88,66.3,155.1,-80.148378,26.707842,-80.663535,27.55139,85.7,66.3,190.3,-80.674755,27.117552,-80.663535,27.55139,0,552,24,ukodDfxkkN~xAooAnyAf@yIo\l_UkgGik@fHzBtZaVqqC_`DicIoRudCt{@qzIi~Dg_OieCexN_pA{nBehDcdB_`A_jAciBp_CioCf`B{hA`BtMbg@geEffCchLt`DiuEtuBwdKza@yxHtuCydGCmDxfo@{tHy@oSdgBs~AvHgAvp@gvEmABup@,_k_bDj~dhNtqDhuB}oFibE}|^ub@yoK|qDgxOtbNemKhaCi`XleOwpMn~DggJlXyxHtuCydGCmDxfo@{tHy@oSdgB{`Bnz@gvEmABup@
FL-22,24,72,20,0,3589,443.8,-80.241675,26.277368,-80.888273,26.005431,229.3,106.2,207.3,-80.189707,26.675144,-81.781951,26.101346,166.6,106.2,443.8,-80.241675,26.277368,-80.888273,26.005431,0,552,24,qhk_DnewhNey@an@|ByhEi`lAhAab@hib@suFr}Ja@|nj@vuJjZdHhaGt|SeMdn}@oko@boPkpBzDtsp@wbDhea@j~A~`{Azf`@nN|}MjhBz|@ozLnpC{}IbuDe_w@maEx{@{zE{oBgeEfKalAsiBmIbkC_aCmm@amAf|@uwCuuD~nA{vE,s~xaDt`mhNg]ea@ye@f|e@{tFzxJaDj_i@hUfv@teJ~VtEf_Gh_TiNpk}@kjo@zvPkeB{@thp@wbDhea@zh@tufAx`Ax{BrLt|~@qt@rcRlfI`EfCrxP|n@fU
FL-23,24,72,20,0,3390,59.1,-80.037485,26.770475,-80.200814,26.467737,32.1,25,46.2,-80.12943,26.432242,-80.057148,26.788093,31,25,59.1,-80.037485,26.770475,-80.200814,26.467737,0,552,24,orkbDhiogNeAzIpULl_DkXtoCfOMh`B|nD`EwAnwAro@fIpvB~DjrFqUdgMnOfcB~T`kC_GpaGnfB|~@lIlWd`Bh@tiDrVzk@~@juIoeAZPdo@cQsN,opi`D|gahNdFqm@weDvAoDyuCeRs`Ae~@~D}{F}eBmsCzEcaB{T{hMsOm`GtUsxCkYapBncAcpAfrAypE_Eu{C`v@gOeDvMcgDmP{k@Tuw@e\q@AjO
FL-24,24,72,0,0,1469,35,-80.274739,26.005706,-80.174304,25.790723,20.4,18.5,31.5,-80.210792,25.792355,-80.157179,26.055119,20.4,18.5,35,-80.274739,26.005706,-80.174304,25.790723,0,552,24,ufv}Cbt}hNoO_GiC{|CfhF}F^}hBplCqLxsBg~AtxU{d@zLsdArgCmCiGg~B,gql|CldqhNuiEzGm@ae@kd@oCi~Pb^iv@ci@cu@aqAknCazC_rJ|Go|Cu_@]ud@ej@dG
FL-25,24,72,22,1,4923,126.9,-80.145044,25.810845,-80.18278,26.448862,57.8,45.8,119.4,-80.145044,25.810845,-80.062031,26.469339,52.9,45.8,126.9,-80.145044,25.810845,-80.18278,26.448862,0,552,24,ydp|CnidhNeGec@coB_~@gaArGy]q_Aw~I|ZuzXky@hCvmDmaDpBksAy_AehD|ReDe_D_xAmf@ueIsZz@`fB_vAxOmtG_iBsrYagBah@|vEjA~{KgvOpD@{m@z\xP,ydp|CnidhNeGec@coB_~@gaArGy]q_Aw~I|ZuzXky@hCvmDmaDpBksAy_AehD|ReDe_D_xAmf@ueIsZz@`fB_vAxOyrGuhBsnSuiAoaD}ZabBm{@c_Lq]yEex@mzA}RgyAcLmBf]
FL-26,24,72,26,0,3762,88.9,-80.874424,25.806525,-80.223929,26.060719,61,44.1,88.9,-80.874424,25.806525,-80.223929,26.060719,61,44.1,88.9,-80.874424,25.806525,-80.223929,26.060719,0,552,24,yio|CbxrlN`vGcjH`EimbA_iXfTc|JupImbTfQ}a@a|g@tZ[,yio|CbxrlN`vGcjH`EimbA_iXfTc|JupImbTfQ}a@a|g@tZ[
FL-27,24,72,25,0,4907,54,-80.32489,25.536696,-80.156617,25.770516,24.3,19.3,54,-80.32489,25.536696,-80.156617,25.770516,24.3,19.3,54,-80.32489,25.536696,-80.156617,25.770516,0,552,24,kszzCpmgiNol@lf@s~EfBow@au@ebConAkhClCmeA}c@kIkV_sGtIwc@{Kw{FgzH}{AqbGcc@}r@onCqFqG__Bf{@mkD,kszzCpmgiNol@lf@s~EfBow@au@ebConAkhClCmeA}c@kIkV_sGtIwc@{Kw{FgzH}{AqbGcc@}r@onCqFqG__Bf{@mkD
FL-28,10,72,62,0,4315,129.3,-80.325235,25.534822,-81.100509,25.799235,66.4,51.6,129.3,-80.325235,25.534822,-81.100509,25.799235,66.4,51.6,129.3,-80.325235,25.534822,-81.100509,25.799235,0,90,10,sgzzCvogiN_NtcHusEl@c_@xq@ocC`B}@gg@qqDl[_o@`d@igFlTcpPae@UlihBt{AhoB]hvAqvAdlGLn`MgoD`dEaaA~A,sgzzCvogiN_NtcHusEl@c_@xq@ocC`B}@gg@qqDl[_o@`d@igFlTcpPae@UlihBt{AhoB]hvAqvAdlGLn`MgoD`dEaaA~A
GA-01,24,72,21,0,4226,235.9,-80.891674,32.0284,-82.177332,30.383203,170.7,147.2,226.4,-82.177332,30.383203,-81.214706,32.348729,168.3,147.2,235.9,-80.891674,32.0284,-82.177332,30.383203,0,552,24,opnbE|cvlNgc@jg^ukFxcO}RrcU~kWpgPzaIymAffTfgIn}XflB`_SrwHx{ZdFjt_@f~IzcSlaMnaEttGnoAx|Sd{Kjc@jiAvhMtmMj_Pb}@niJ~{PvwGnlOd{Mlit@isDlhVnyQcaBdxF,_fmxDhgqtNbaBexFmhVoyQmit@hsDolOe{M_|PwwGc}@oiJumMk_PkiAwhMm_Lgi@}q@yoQiaEavIybTokMi~_@q`JysZiG}zRwrHeyXylB__TaeIylIhiA}}JsiJquNi{FqbJdNw~FyvG}mTeVynHbtC
GA-02,24,72,0,0,2933,278.7,-84.913199,30.841973,-83.504049,32.805716,215.7,158.9,278.7,-84.913199,30.841973,-83.504049,32.805716,215.7,158.9,278.7,-84.913199,30.841973,-83.504049,32.805716,0,552,24,iyf{DnrgeOkvOxtEuqKkMqzFeyK{bJgg@k{Na|UunMl}EeuTvpXmeFdMa}P{aK_ki@w}FaiMocIsdh@dwG_gPgmBmeP~rE}u\kjIfqAwza@wxB{|OqyRelWcqQypKemEgfH`u@_zGiyCosOt~Cq}VcgJyyi@kaKuvJuwN}lCclHmkIsvKuqD|oAkxOx|EarH,iyf{DnrgeOkvOxtEuqKkMqzFeyK{bJgg@k{Na|UunMl}EeuTvpXmeFdMa}P{aK_ki@w}FaiMocIsdh@dwG_gPgmBmeP~rE}u\kjIfqAwza@wxB{|OqyRelWcqQypKemEgfH`u@_zGiyCosOt~Cq}VcgJyyi@kaKuvJuwN}lCclHmkIsvKuqD|oAkxOx|EarH
GA-03,24,72,0,0,1430,199.9,-84.133063,32.806279,-85.04307,33.897374,124.2,102.3,196.6,-84.133063,32.806279,-85.322479,33.904638,136.9,102.3,199.9,-84.133063,32.806279,-85.04307,33.897374,0,552,24,gnfgErfo`OaAtyClwC|s@zyD_j@i@`eFb~AndCwfBx`DexE~a@etFbjJmlJ|uBmbC`zFl~@boDkWp`DyqJbpGehEjoGzx@~aSkxGztNiAdgCo~\jgCgue@rqKof@r~B{yH`sIgfNftJipBlfNu}EneFydEwVglBjnEouLonJgsLlhC}gDtoCkjHyrDwgFbLivBvlAar@_i@,gnfgErfo`OaAtyClwC|s@zyD_j@i@`eFf~Ab}Bwm@bhBiqG`bBetFbjJmlJ|uBmbC`zFl~@boDkWp`DyqJbpGehEjoGzx@~aSkxGztN}BnmC}}KfjPozCvx@ycFz|GycBheJkeIlvBwhCflS}uBv|EyuGhcDuvNly@i_FfyC{bFydAqbGgoGswQqAwdKlsLqmCjMdD`sTgjOtsEkcPc]ufHvbE
GA-04,24,72,0,0,167,61.9,-84.111733,34.025928,-84.107752,33.6431,37.5,26.5,55.3,-84.107752,33.6431,-84.111733,34.025928,39,26.5,61.9,-84.111733,34.025928,-84.107752,33.6431,0,552,24,autnEhak`O|Z`k@jpA}sBx`CqyA~gB`m@rjJtlUlaAwMpoBz|AblDsOx`@sYxJ}mAfvDmk@fhPfCfeAwsD~pHluAphC{eDdx@knGiSkH,k|ilElhj`OhSjH{z@ltGwiDhfEeOd|@a}BfjAem@dcA}kD}ZodAvd@ij@deAekBjI{eAniAmdBx[{lDfSqtDse@qtDrU}t@dl@gyA_lCme@{rDy~IwwTawB}mAyRbs@mkBb}@amAbqB{\yg@
GA-05,24,72,0,0,162,54.3,-84.324286,33.871837,-84.397965,33.496637,31.6,26.3,53,-84.397965,33.496637,-84.324286,33.871837,31.8,26.3,54.3,-84.324286,33.871837,-84.397965,33.496637,0,552,24,_rvmExqtaOc]nGdoB|}AxwAiI`f@~Ynd@ci@vq@d_BrfAxLx\`eAcQdn@rvAj_C|lD{RpxAyhAhdAroAj{BhO`tB`|@thHew@|vXflDpWyuA~yC{`@Ly`@,_imkEh~bbOMx`@_zCz`@aWrtAknPmzBmB_`@qaCxUmpCcg@ywGdw@muBe|@{{BqPygAcoAmwAzgAumDzS_|CkyEaz@qxCmd@rz@_eCuPglBs{Ab]oG
GA-06,24,72,0,0,1196,85.3,-84.81094,33.533754,-84.354094,33.82776,43.2,37,82.6,-84.81094,33.533754,-84.353089,33.911168,48.3,37,85.3,-84.81094,33.533754,-84.354094,33.82776,0,552,24,}ptkEjssdOtJsb@xh@|b@~mAjMee@giC}w@gyAaJwpBpLcv@_RouA}Mkm@uq@aTy_@ua@gt@_BmLu{@pHk^ohA|Zgf@ieEsf@e{@seAaKir@`YckFlSukAsHscAcjDefAau@ibG{eHqjAcb@sj@ouAwcAee@s_BqcCqyAycDqxAelA{Ocj@o~BqoBoSqy@ml@i|@bBmm@y[mb@o_@qwA|HuKb@odG`c@F~LcuBm_@kHhJucAuHySwLdG,}ptkEjssdOtJsb@xwBhq@c~AocFoOk~F}Mkm@wgCwy@{Ba{AohA|Zgf@ieEsf@e{@epLzXygAgnD{fI{xIqjAcb@em@ixAmdAgf@srD{~G__ButAiLyd@~TyVmcAm]ukB`|@mwAibAihB`BqiFwbBqgE{dIrt@imJoBmo@}VnB
GA-07,24,72,0,0,4323,120.2,-84.214346,34.60863,-83.979856,34.143233,57.9,59.5,95.7,-84.395841,33.932368,-83.869058,34.675474,68.6,59.5,120.2,-84.214346,34.60863,-83.979856,34.143233,0,552,24,}nfrEtb_aOnw@|x@|m@qW~d@xgBjxAj^|l@zjAt~@wPvYbz@|mA~PnbCmmCtvDyuLhpEg}ExmA{kHv|@ayAcHsyAjcDmbGzk@{Wj_FfuCxgDu{A`hCcpCx|@svBrVpYtxHwQoC{fAwiAslAvRwsAcdCi~Gxj@kuAhdFtaAfmA|lAdsCxdAfh@ppC`}Ar]zzDpkDz]qe@`FtpA,ilbnE~pbbOwGwrFqaMkeCqfEanCycCa{Eg`EyhBenHkcJkeGucKccHamFsiX_hJyrIc~HqiDeDm{DcaDul@vjA}cDkgAixC~eAqaFeqA}_Hr[}nBabBg^odFcbDy~@qiBerF
GA-08,24,72,0,0,2261,381.7,-84.11068,32.851282,-82.810098,30.611962,268.1,190,338,-82.435647,30.696953,-83.841098,33.175017,228.1,190,381.7,-84.11068,32.851282,-82.810098,30.611962,0,552,24,ogogEvzj`OunDa`C}UuiQciFy{DkeUojDlv@wbf@lyIa_Ss`EqmStqV_gd@~nLofBji}AdpPxwEraCbkAfsFzjc@l}TpuN`~[jvFdcC|_H}u@hwV}{Fxax@ued@b_Ll}AjmFqjDzuo@iwIzdSgxH~h]{jF~wf@yyU`sB_{BccEc~^dkEy|s@j_LlcC,}njzDxucvNrJ~kRrtBp_CueXlzOa|MdyCexPwJuwZfr`@oc]zyC{hRgnCqug@jiAwfa@fnUizJfsAa`Kjg\e`OfgKihj@a`AeeCxjIuaPpqBkh`@llXsib@ktA{x`@mzGamLvfBmrVdgd@jaEjmScrIthTgbTrdPwjGtr@
GA-09,24,72,1,0,3419,256,-84.487939,34.982566,-84.108413,34.084529,139,89.8,228,-83.391614,34.047703,-84.487939,34.982566,133.8,89.8,256,-84.487939,34.982566,-84.108413,34.084529,0,552,24,apotErptbOd_HraE|nBooBxkAvfAjxA_qDmf@cuChb@}wHudAwaFn_Eo|H{_CybLjPy_O~q@qkAfi@ubNbsAusDvJekIsmAyzG|}GifEv^e}BvjDibAqAceBxzCrg@zbC_tFtkC`TLqsFzbFi{F~kBfx@fzAul@x{BtwBhhDqwAzoBjg@p`BgwBfeOsh@zvGpiHnwIoA|hE`t@lu@|lArmGy`FbeJvjFxgErbFn~Dc`@tiCsrCv|Cl[d}Bw~@noA~`HbtAcn@laCb~Bjc@jgCmj@nx@nuBfkHpOdoG~tCnqFueFbvDg`Co[_zAt~@ppBd{C,c}xnEpl~{NufBttEc`LhMamFrkBu}DapAc}KjbF}wFht@c~Ds|Ac{If`DimCqTc`BttB{`H|pAukAnbB_hBoz@q_Cd_@}oJxiPwcGcpAakFt|FguBxuDuG`fFomDnuE{lHra@gfB{qAvJ|s@crEsEakC_{An@bkEguCf{Cb`Hr|Hh}AhwIwjDhbAw^d}B}}GhfEnlAlzGuJbkIurA`rDmi@xbNmr@pnAgP~}N|~Bh~Km}DvaItdAvaFib@|wHlf@buCkxA~pDykAwfA}nBnoBe_HsaE
GA-10,24,72,0,0,1637,217.1,-82.940724,34.480685,-84.20109,33.34036,130,108.1,211.5,-84.038914,33.208593,-82.940724,34.480685,132.8,108.1,217.1,-82.940724,34.480685,-84.20109,33.34036,0,552,24,iomqEnjfyNxMsi@~vBzqA|tAgmChoBh|ArlCq}@nmBteAzkEeZ`vFvqJpzBtkA|p@l~RjaKfbA~hClzBnx@gO~nCxxBhcCn{GrcJj|Et{IrnMzaKzgG|oCy]hiDviCr`BpgE`oKtuBnnKvtIl|FnaC~Rf_Br}FzxFr}@zqExmE|`BfrDtbFaSnxDd{BvdEphAdmKb}FbxAxxCpcDevAjpFv|Fjz@vhBf`ShgDvtA`wBznD|eBfv\xbClkCptJ~]fU`oC,u`uiEdz|_OomBqvEvdAukBunB{cKswImuD{sAyfFi_BoeLtFilFb`B{}DsV{oFetI}sG{nK{eOmwEel@ccC`uAkyAch@}hJytI}zDikAqqDytFitRmr@olD}qAinBvh@grD}lAgrFpmBqgCgmBcsLcpBmv@}fE}iDslCyrC|[aeKeiGcyIilMscJk|Eg_E}xIunCol@ogAieBw`M_vA}p@m~RqzBukAkpFapJqqEnXomBueAslCp}@ioBi|A}tAfmC_wB{qAyMri@
GA-11,24,72,0,0,1177,112.1,-85.039497,34.163821,-84.325732,34.470428,61.2,57.3,84.3,-84.450287,33.916462,-85.050986,34.58143,68,57.3,112.1,-85.039497,34.163821,-84.325732,34.470428,0,552,24,{rooEzg`fOgiB~Lon@krAw~ALhLmqDac@icAyfBsmPji@umFkQoqApeCasHwx@IjQqtEeiAasAkNq|@{VokEfh@ocC`Q_`Fyx@_pEcgAbQ_mBkyBeu@wNuZknA}iBcjAmSmtBikAne@okBkj@cnGgiJmOifAu~DgoBtJ}dEk~@}RuqAmeBtPgbBgs@wlBr^is@mFsx@_xArEw]c]fGuhCk~@gX|P__@iTo`BuhAnW{Rqh@ojAzvA,{h_nEhembO~Nd|Ae~@nUjFx|AwzC~_EukArTqkFhhG{aHz`CwaFxzGj@jcHun@nfCePpqDogBvYmqAhjAq|B}MekCdsBczCh_AgcCmc@ou@sr@yxAtHsjDfyG}hCfyBszA`a@_ePnaQcz]|`@wxEtfDv[`tD_cBx}DlItbFbb@hd@
GA-12,24,72,0,0,4543,267.8,-82.016301,31.846365,-82.584351,33.957452,178.9,149.5,267.8,-82.016301,31.846365,-82.584351,33.957452,178.9,149.5,267.8,-82.016301,31.846365,-82.584351,33.957452,0,552,24,y~jaEzxqsNkyOo_IobAepFsjj@okCatEciDmxXkEyqOwzMukCtiBsyFatAcyGt|Hish@zkXazOggFsxd@dpEgdT|sI{af@ndDwrMabFsrEnvG{cQf|Fs~Xrrj@u~GtlAmbb@tqa@rg@jxDmsGxzLc|EfV`J}kG,y~jaEzxqsNkyOo_IobAepFsjj@okCatEciDmxXkEyqOwzMukCtiBsyFatAcyGt|Hish@zkXazOggFsxd@dpEgdT|sI{af@ndDwrMabFsrEnvG{cQf|Fs~Xrrj@u~GtlAmbb@tqa@rg@jxDmsGxzLc|EfV`J}kG
GA-13,24,72,0,0,428,111.1,-84.362222,33.392395,-83.867939,33.89604,57.9,44.9,111.1,-84.362222,33.392395,-83.867939,33.89604,57.9,44.9,111.1,-84.362222,33.392395,-83.867939,33.89604,0,552,24,o}xjEz~{aOq]os@{i@xzAcbBd[gmCuvBuAq{@ac@{GrCefCe~@cqDmy@yd@gFgkDox@ab@aEmp@weC{@qlBmeGk@qjA}fCnaAiH_x@o_B_jC_tCas@wiAg`DwG{fCsf@u|A}~A{_@wR{uAea@bKooBanDqsBwZgr@ykD{dGnByrFogAeb@rf@usBgfD{k@rr@qi@yFu~@y_E_wAxA_|@ih@euDqa@cdCxDcoCenH|Gwf@m_A_kA~v@mcC,o}xjEz~{aOq]os@{i@xzAcbBd[gmCuvBuAq{@ac@{GrCefCe~@cqDmy@yd@gFgkDox@ab@aEmp@weC{@qlBmeGk@qjA}fCnaAiH_x@o_B_jC_tCas@wiAg`DwG{fCsf@u|A}~A{_@wR{uAea@bKooBanDqsBwZgr@ykD{dGnByrFogAeb@rf@usBgfD{k@rr@qi@yFu~@y_E_wAxA_|@ih@euDqa@cdCxDcoCenH|Gwf@m_A_kA~v@mcC
GA-14,24,72,0,0,1610,225.2,-84.642451,34.925851,-84.621827,34.0433,136.3,94.1,200,-84.728555,33.80237,-85.557608,34.979519,129.5,94.1,225.2,-84.642451,34.925851,-84.621827,34.0433,0,552,24,qmdtEhvrcO_dA~|AdfA|nBm_CjvAdFvuE}lAteHdxAv_AncC`vHf`DvyMjHbxFdfO`JfyAx_BoY|bD~n@n{@khAffEfyFjgGr_AhgDfi^t~Eh{CdzBzy@|cEjmQfyN~rAaqBn~Du`@`cG_zL~lVrd@rqC_bCvpEzFbeFmoBdzH_ZnmDqkC`zEq_IdfGm`ChW}gBt`BoOlkIi_IboCgeImUmmItcBmjPyzAux@{{EyaTmbEb~@{hDiaGmiEyt@,y_imEnpcdOrK|uDgsLtj@_eCk}@ybAjrBz@duEefBlsJhTdtI_hC`wHkqIdiI}_BvNyXzjBydGl_C}~GjkKccSxiEqwEoEepCvaCq}Vi\euFjqLiwFp{Ae_Bf{E~cA|bFgkAhlBojOqcKkob@edBkoAvoE{|GvuEg`@riIaeAn_Bn^h~A|kCf~AukDhoJ}h@nk@qqE{{@}lA`bCueGkiEm{BrGau@oz@~AtjEvkAhqA_bBqFe|Bp_CiVxnBm_Af@
HI-01,24,72,34,0,3567,75,-157.655079,21.30513,-158.080098,21.298887,41.3,27.6,63.3,-158.083115,21.320673,-157.655079,21.30513,36.4,27.6,75,-157.655079,21.30513,-158.080098,21.298887,0,552,24,ad`aCf_ga]mG`L`XyAzUjb@ji@^x_B|zCzTtHqNz|AebAvjBd_AhuGgPv_EslBzjDq}@f`DufB~eAqlAj|AqNjq@xSjd@cBnv@m`@~|Dmn@nVu_Dar@keArn@ks@jaCpSzzA}e@n|A~dAfkBnSd|Adj@nwA~BhgA|k@vbApkBrlAhz@tfAj_Ber@sWioA`|CxMnQtUlIpvB,eecaCnrzc]kF~Yun@{F}z@ya@qwAizAwhAyZk~@miAauCwnHvIipA|m@arB{C_eBxUbFjbA_`Cxs@enDvf@kb@bjBcm@heAizBbgAgmA~}Aq~@t~@_bDpaA}sAzi@ouAlPibEc_AirGhaA_lBpN{|A{TuHy_B}zCwh@SoVwb@aXxAlGaL
HI-02,7,72,64,1,4848,153.2,-157.803448,21.379819,-158.171931,21.39869,75,32,97.8,-157.255568,21.088572,-156.758748,21.096966,40.5,93.4,153.2,-157.803448,21.379819,-158.171931,21.39869,24,42,4,{vnaCp~cb]ub@mgAykBfo@aBlm@si@fCgbEdyCk}@rH{dAvx@gt@lI{g@wLqu@jh@coBlh@m_@kIgv@qqBgp@iEa`Bhl@e}AnlA{S|{@nd@|b@sOff@s`BKsn@n{@cmC~nAq]d{@_oB`rAs}BmJog@|v@qvBvdAkh@jtAkgA|yAss@t_Cd^t|DjvE~kF~wAhi@v\yTxM~h@dbAbn@~uCf}CzkDvMhiAm_Ete@gk@bh@qdB|_D}{@taAfQ`dAffAxq@{Mff@i_A~l@jv@j|DzeA|hAiC|bAkYhcAip@xeEwvAzxB|lDdqAlb@~tBhtBlGn[}v@bwAym@~sCilAvTmbBhx@alBxtBk]zqAsd@x[jh@ua@,qzu_Ch~x~\eGiXym@oYySpNcWoj@ysAi\g^qlCi{AkHkv@_mAfSk~BmKeu@{RgPhRy|HcMge@Hi_Bio@u_All@qyBnpA}jAhwCqHzmAakAz}CohK|y@enE~q@}bIjn@caBO}Ts[~@mVq}@gPgaCfNq^o|@slB_n@cgDmfAotAwhAygC
IA-01,24,72,0,0,1898,336.3,-90.362842,42.187719,-93.780827,41.438113,261.9,188.8,301.8,-93.780827,41.438113,-90.172246,41.883031,237.6,188.8,336.3,-90.362842,42.187719,-93.780827,41.438113,0,552,24,gxn`Gv~ofPyj@|vBj|DfItfAneh@lxHfzBvpEv~HlaQmcAfwTyzO|is@lb@}h@h}[gtD|uUgBv|b@kxJncpBbWpvyA|x`@sEt}B|mDhnGyXhiBhyN`lRjcAhDjxn@rtFr_XhgA|q\mvCn}^xy@r`k@yyL`_g@f`B~n~@or@n`]aiVgBzvG|R,ek|{Fdqk{PjvM|F}q@ci}Av{Lgbg@w{@m}j@lvCo}^igA}q\stFs_XiDkxn@alRkcAiiBiyNinGxXu}B}mDcp`@hQy^_`zAdxJ{`pBjBa`c@`tDatU`|@c`]auh@kTeo@ic{@_eH_{Do`C_xI
IA-02,24,72,0,0,967,301.4,-91.3512,43.494387,-92.323111,41.50973,196.4,167.4,275.8,-93.491459,43.437493,-90.507113,42.390167,220.4,167.4,301.4,-91.3512,43.494387,-92.323111,41.50973,0,552,24,}~mhG~_qlPgsA||TnnEfXv{G~sJrm@hbe@jrUdaPrlC}b@|cJpoLj_Huq@dkInuPvFpzHjiJvqZp~R_i@_A~}a@jsJwKxtDj|Bf{fC~|@@mnHfdi@uGhCdqO`oLfiA~m@b~EjnO``BzdJej@@}xNjfm@gNOwhE,i{bhGr`syPAkmC~rNm`AzQagTtfq@eLirDipzAuF}{W|qA{dClgMqrAvSgzJ|oKyhQzxt@qpD|i@ucJbf]}lHaGglFleCiErwEuuK|gDihAht@kweAscBoh]}w@o`aC~mE{wVqIiph@kuEmuEhcCgeK|{HupFsfB_aEzpDusV
IA-03,24,72,0,0,564,339.9,-94.504608,42.209295,-92.305772,40.598319,224.7,167.7,308.3,-95.367872,40.597029,-92.186373,40.878778,196.8,167.7,339.9,-94.504608,42.209295,-92.305772,40.598319,0,552,24,c_s`Gx|x_QCuvDhfJ_D~KexQpc|@}iApLgd[vp[BI}ye@d{uA_}@n@woKzsDoaFtRupOdtTwf@fsEacIj~EwYeGwwaAhfEme^mnBqebDpbDg_Dpep@r|@f_CqkEfcPk@gNs{Jv}EmpA,mbxvFdpaeQp@miEykJl@zJeaf@gmP|Gt@gyMdgBo|BcGkm[plBumRzdEsw@jv@yuQki@c|i@aaFi@~EunoAevAiuC}{Aogz@ofCalUv}E}{nEuwAugZ}{TmrAo}BamQmpHavK~fGulI
IA-04,24,72,0,0,502,395.4,-95.668299,40.592244,-93.49769,43.429791,312.9,225.5,395.4,-95.668299,40.592244,-93.49769,43.429791,312.9,225.5,395.4,-95.668299,40.592244,-93.49769,43.429791,0,552,24,odwvFze|fQaxYda\it`B`_C}ci@knl@c`z@goXwzDciXirn@nvCwtc@k}Gst@g_Nefq@uGnjDekxH}j{DySeoB_eZ,odwvFze|fQaxYda\it`B`_C}ci@knl@c`z@goXwzDciXirn@nvCwtc@k}Gst@g_Nefq@uGnjDekxH}j{DySeoB_eZ
ID-01,24,72,27,0,4785,859.8,-116.001352,47.938525,-117.029694,42.784989,533.3,429.9,840.5,-117.029694,42.784989,-116.387328,48.991243,579.5,429.9,859.8,-116.001352,47.938525,-117.029694,42.784989,0,552,24,y~qcHlo_cUz{x@}mDkjBl`d@lcTlcTcvCfl`@|dh@hrm@fhLa_]hlY}`HngQ~}d@ln_@`sLb{Rmxc@z`^j_Ibvd@veo@fgPmqKnhEqmg@beNp{Al`Esc`@d|i@y}RnuPoj]|p_@tqZ~sZi~Fzqx@|xPp_`AgyN~`AhnSh`bAprIhxGf{l@zi|@rev@fjw@arGbkgAcqaAlir@~}Erya@arRv_Vvu[~nNtocAdla@fpC,emcdGpjhiUela@gpC_oNuocAw_Vwu[sya@`rR_pr@g~EwrgAbqaAg{v@lrGmg|@wav@q{Gg_m@i`bAqrIm~@inScb`AfyN{qx@}xP_tZh~F}p_@uqZouPnj]e|i@x}R_rEv{`@abT|zDtFnu]g}Op`DryA`ia@cfH`iHsaUesQoym@tiPkyo@yqg@axTxaWcxe@yuLikOdiWuvh@o~g@eliBafp@if\`W{e|@ovl@s`o@dJipHfzM
ID-02,24,72,16,0,4967,746.9,-116.116238,43.485146,-114.587057,45.296983,408.6,287.1,472.9,-111.05633,42.092511,-113.943829,45.689191,365.3,287.1,746.9,-116.116238,43.485146,-114.587057,45.296983,0,552,24,eelhGn}ucUo`JfjG~kAyoTmnFipAmlAqoFcuAx@jQyzFayBifBvhBqlCwbAsoBvgAuyCknJirU|vBcsHzxCphAziIudHyY{dLdeIn`Cbe@{tGnpPm`@kCykDp{M}|A`VmgFeyDmoHzrDnsBhmCedEgjAi`Q|_DgpBqjCafUr~B{a]euG{uRvCgiwAncA}_fAl{FczXggAimKqfEujBeGmzGsjDuxIi|Dmbd@yhGctBkyEe`MgkPkaMgjJ_|_@ozBwb@syi@dg[_xGt}[iiQha_@qpYvi[eePx}G}zLh~Pc{IjgA}mMv~Ji|MdhTuzRufEcaEm_F_bBgqKeoS}rRw{Iv~BmgDqhEmt[qlDakU}lJ_af@bCqmGj~EenAqz@wcAdsGwrC_`@meD~zIpcFxbNwgEnmWj|O|c^ug@joItzD~u],ee|_G`uydTctDllOspM~pAtF|bHewLv~L_kr@rzXszSnkWgeD~zTtjA||n@flEbyPm_Axbd@{_FnqGqmWroCqq@bxVu_FrzHkeQjqEcvn@kpIko}@wx_AwaZl`Dymf@h`UabArlz@erb@huw@isw@bzl@}kQh}c@yhs@haZwd^d~r@eed@h|G_|KnyJyyOpja@mc\|a@qvNxvPeqX}bL{wVntHksDusE
IL-01,24,71,0,0,653,129.9,-88.207125,41.207057,-87.600761,41.826605,73.2,53.1,128.5,-87.600761,41.826605,-88.207125,41.207057,74.7,53.1,129.9,-88.207125,41.207057,-87.600761,41.826605,0,552,24,cgozFp}jyOtZto@rEpuDm_F`FeaLsoO{o@amDwp@k@cU}_p@oh\}Bu{BmxAynAmkBp@ipJyeIbNi@mv@_zAhB_@{{@mc@h@kw@{iBgAagCwuHtJwc@kdFqpBaGaBajFqyCyA}pA{t@cgA_Cof@cnDocHfBeB_xBqiJhG_Pme@,igh~FvotuOwiAzs@vrA_s@lFvd@bjJoGfA~aCteHqFdd@fjDzfA`CftAvu@vwCdFzA|bFjeBeCfYrwBzmF{GjVu]bgCdlDrtArm@jiApeD|ItlHeYxbExpHgW|nAhlB`gDtiBbzZcObU|_p@vp@j@zo@`mDdaLroOl_FaFsEquDuZuo@
IL-02,24,71,0,0,507,211.3,-87.530431,41.724464,-87.806539,40.090278,134.9,116.3,204.2,-87.629976,40.042605,-87.530431,41.724464,130.5,116.3,211.3,-87.530431,41.724464,-87.806539,40.090278,0,552,24,{ht}FdxfuOhJj|DbgFt_Gh|FcpCdfi@{HhfErpHtl]xKzb@z}EfvSfs@`d@jnIj{r@duBrdNlH|\ayHjtEkfA~_}@bFzqj@c{IvxM\_Nr|LzmC`rSttAc@,iyksFjfzuOwt]q@kuj@t{I_`}@cFktEjfA}\`yHsdNmHszr@quByd@_nIgvSgs@{b@{}Eon]{MofEipHyfi@vIkyF|oCwrF_|L
IL-03,24,72,0,0,466,85.3,-87.703325,41.944771,-88.240976,42.042105,45.5,29.1,84,-87.703325,41.944771,-88.257295,42.032122,45.4,29.1,85.3,-87.703325,41.944771,-88.240976,42.042105,0,552,24,yi__GxphvOqJla@n@~rBnl@i@jJr`W_eBzf@{\haExi@ry@z@ff@a]hrDc\bWi@~zC}I?|iB{EnCrnBl`BpB{^r`B`OzFhNzrCmSh|BoHz@byDLrGnjGzvAb@lEltF{eBoEqeArePsyDkAov@}QkpFfMom@sWgz@kA~BjQ{w@zzDwkCrMwFvN,yi__GxphvOqJla@n@~rBnl@i@jJr`W_eBzf@{\haExi@ry@z@ff@a]hrDc\bWi@~zC}I?|iB{EnCrnBl`BpB{^r`B`OzFhNzrCmSh|BoHz@byDLrGnjGzvAb@lEltF{eBoEqeArePsyDkAov@}QkpFfMom@sWgz@kA~BjQ{a@~wA}d@t_Dud@fiAm_@uB
IL-04,24,72,0,0,206,55.9,-87.776853,41.738386,-87.864676,41.931145,28,15.8,51.1,-87.727643,41.746543,-87.913349,41.928801,25,15.8,55.9,-87.776853,41.738386,-87.864676,41.931145,0,552,24,}_w}Fh|vvO|C}NihCsjEgeKhJnCzzKlK|pApTfa@iCrgFoXprEcpAlHpCpnDccDdGowCj}@cmCUmHwvMaqCx@,{rx}FvhmvOkQV~@~sAifMpLnCzzKlK|pApTfa@iCrgFoXprEcpAlHpCpnDccDdGowCj}@cmCU_BggCcxCxD\ad@jMv@
IL-05,24,72,0,0,183,76.5,-88.193802,42.166802,-87.671385,41.911605,40,32.1,76.4,-87.671385,41.911605,-88.193802,42.166802,40,32.1,76.5,-88.193802,42.166802,-87.671385,41.911605,0,552,24,ouj`GfjhyOnIyDSzh@ncAHdC_|h@xmBTxXq]rvBn@d{BixDf_B_xBn}@}s@vzB_hFdiFgdBuF_yFhtAufC~@c`Grm@alBmB_dGbu@syAn|A}XpgDw|BjuDaEcEtU,qzx~FdibvO`EmVstD`EghDn}By|AlXyt@rxAxAvdG_m@xlB_Ab`GitAtfCfDrzFwfFrbBk}BjkF{z@pp@g_B~wBy{BjwDoyB]eVj]qmB]qBx|h@ocAIR{h@oIxD
IL-06,24,72,0,0,343,69.5,-87.944279,41.926752,-87.812394,41.562765,37.3,26.1,68.5,-87.812394,41.562765,-87.944279,41.926752,37.4,26.1,69.5,-87.944279,41.926752,-87.812394,41.562765,0,552,24,ey{~FvrwwO~~BqZpA~|CrgHgk@fl@nyAphKxNrM_mDz~GmI{dAyfBsz@gdDeAehEbaBwkBdlUlEoCiuEbzAiBOq]roIsJ,ivt|Flz}vOskBzAgBsxBmfZxV~Dhu@}kC~wC}a@leDwuAxaFw\bUtm@tiBupAbNv`A|mDkrAnLfCrnDkcNsKad@ehBqgAt`@efIh^uy@yaAcCww@dZ}K
IL-07,24,72,0,0,168,43.7,-87.680626,41.761893,-87.913555,41.847804,27.1,15.7,33,-87.621692,41.795996,-87.906924,41.878467,20.7,15.7,43.7,-87.680626,41.761893,-87.913555,41.847804,0,552,24,yr{}F|bdvOyPNc@ciB{yArA}AqsEknD~F}ZwHgzDdEmNbLqO|y@cSjNmkCo@kOnGj@|cIlG~dA|@vsCbLjm@lDjmDeSxgG`Kzz@|CrkAfCvlGnEzhAyAjWeNn\kIvg@tbDoFpAr`BMsT,_hb~FprxuO~FE^hv@cjHbAmNbLqO|y@cSjNmkCo@kOnGj@|cIlG~dA|@vsCbLjm@lDjmDeSxgG`Kzz@|CrkAfCvlGnEzhAyAjWmXpdAqSh@hGj_@uLz@A{F
IL-08,24,72,0,0,669,63,-88.370242,41.946162,-87.860077,41.978244,41.3,32.2,55.5,-87.860077,41.978244,-88.457084,42.12358,38.8,32.2,63,-88.370242,41.946162,-87.860077,41.978244,0,552,24,or__G~xjzOzDgg@_`AAkGslCezEw@gm@}]kxH|_@qqAu`@edBkDhk@i}Bja@gsDNagc@x}@aqNzqAocEbY}\}lAwN`XqwDmGu_Er_DiBgEedDrOaYnwAo`@tv@aAjk@yyCxtAlPoDcO,_{e_GndgwOnDbOcxAmOqkHxqCshBbkFxo@GjDt`@bCbaD}XzvDdq@bGpGvN_zAzzEa}@~mNu@luc@sf@jyDsfDx{Jax@ldDgxAduDkG_Cjf@]lZzd@pSna@tA`iAarAI
IL-09,24,72,0,0,276,75.8,-88.162825,42.216947,-87.65427,41.976147,40.9,33,72.7,-87.65427,41.976147,-88.173968,42.258623,39.6,39.1,75.8,-88.162825,42.216947,-87.65427,41.976147,190,552,19,}nt`GthbyOalAwoBisA`_@kz@se@bK}Bnj@gnCdkC{eFmDgaA~PqyAdz@ypC|kAmfBCcrDf_C^fPa^z}Bp@zIefAuGciAzTkQtbAc@RgkAltDEfI_bJjgG{|FF}w@bw@~Ah_E}cDy@crJlH~FlkDchFoCcdGlc@qHbt@g~AKo]bn@wD,}me_Gd~~uO}n@xDd@l]sk@ziAhA`{EswAfnCq}Bz_DmH_Gx@brJ}_E~bDov@aAGrv@soGbbG}Ab~IosDB]fjAcbAd@{UbRxGxhA{IzeAa~BW_Pt\m_CYZhsDycAxuA{aA|_DmQ`{AzCrbA{kCldFqo@j}Cqf@ni@y`@ffCzZ@
IL-10,24,72,0,0,338,98.9,-88.466074,42.393422,-87.750999,42.084077,62.9,45.3,86.3,-88.461997,42.47625,-87.750999,42.084077,56.8,45.3,98.9,-88.466074,42.393422,-87.750999,42.084077,0,552,24,{}vaG|o}zOgOvIvbAfP@u_Dk{@cf@iaNmc@u@{pN{m@{dHtsDs@nc@uyCzp@st@YszFr^i`BbxAcd@dRqiA`rAayAvkEq|AyKusBbS_oCrkCugJxs@gmFj{D{hFvDcwE~kCwg@vFcbGvq@fDvhBadAzyD{CdiHe`DnmDcGfManEzaAa_BbAyxH`kEgrA|We_AbjBcB,qcgbGnv|zOlfAqVQmkBcl@yv@[{kN{m@{dHtsDs@nc@uyCzp@st@YszFr^i`BbxAcd@dRqiA`rAayAvkEq|AyKusBbS_oCrkCugJxs@gmFj{D{hFvDcwE~kCwg@vFcbGvq@fDvhBadAzyD{CdiHe`DnmDcGfManEzaAa_BbAyxH`kEgrA|We_AbjBcB
IL-11,24,72,0,0,497,172.5,-87.919505,41.674369,-88.126384,42.309742,96.6,63.9,140.7,-87.919505,41.674369,-88.853005,42.28644,88.1,63.9,172.5,-87.919505,41.674369,-88.126384,42.309742,0,552,24,yoj}F|wrwO_wAzbCl_Bh|JwgNvcApWrsd@ogJoFp{@dk_@{xHyAfV`gRcyRrgAe`GuJyq@{wAkfK|By@bzAmo@rH_dR~Gak@unIu`Ns_@}TsrY{_I}@_aCiiAmL__DgrBubA|~AafH~JqmFhzAybD,yoj}F|wrwOsb@nZR~t@sp@cIkBn{@l_Bh|JwgNvcApWrsd@ogJoFp{@dk_@sHpa@goHkd@gIvfE|b@l~K{wAyX}dAju@_lHOwoDll@e`GuJyq@{wAkfK|By@bzAukLrVmyClwDtTfYmbB~oIuaMvwh@kNpzEypFdRaLjtD_}@pI
IL-12,24,72,1,0,2524,323.4,-89.364182,37.084537,-88.035435,39.677059,244.9,194.6,305.1,-89.175503,37.005525,-88.035435,39.677059,236.1,194.6,323.4,-89.364182,37.084537,-88.035435,39.677059,0,552,24,kajaFb}l`Psx@{}S|bIcmJ}s[oyFssn@}a@}{Nm}JgmK_iPseRu`Fw_cB{eKgvJzNgwMpnH_dz@rfBgNmxs@a`Iqxd@ei\j@au\jeFew]mv@_bEek`@{aO}gh@ofd@oyCe{FtqEcoHidZoa[tgA,qsz`Fzah_PcbGlyCitZueG{hn@k^ufO_aKitKwmPgce@i~Iyj]hCgoq@ygGgvJzNgwMpnHccz@`gBiOyzs@{_Isvd@ei\j@au\jeFew]mv@_bEek`@{aO}gh@ofd@oyCe{FtqEcoHidZoa[tgA
IL-13,24,72,0,0,2343,327.2,-88.239463,40.166514,-89.937376,38.531574,214.4,153.8,323.9,-90.190155,38.529658,-88.239463,40.166514,215.3,153.8,327.2,-88.239463,40.166514,-89.937376,38.531574,0,552,24,u_dtFrgqyO`tFztKt{RfMnAh`r@emApyD~uBlx[f}HVbuA`uBsVrrJx_H|dIb[fgUjnL|gK}Bzkf@zmCvt@mElbW`fNz}AqbA`jYmmF`oKdiEnj@jkB`dFb|[b^jHtlT`m\zkCjdF~dDfpBxxJpdSnsApbFkhLhgTwIbh@zdZt}QkZhbLp{Cfi]oq@jbHvzGr|U~n@t|DzcEnzBetR|fKo`A,kidjFngnePizAjDo@qwD}`HojLilK{xJmvZfjAykBs|HqsBuC|t@g}BqkC{mAy{UlhAibLq{Co_RtYwd@edZ{hTvIu|EzeLmmS_rAgmBywJkdF_eDal\ylCiI{lU}j[SyyBgaFmvDcs@jyEugK`aA_iYafN{}AzEq_WwaCwqAiBuqe@mlL{lKsa@oiUw_G{yHeHqvJugKgmC{mBur[fw@gmx@syRvSovFysK
IL-14,24,72,0,0,577,137.1,-89.388079,41.473364,-88.027041,41.438329,93.5,71.8,119.4,-89.383091,41.298949,-88.052789,41.592264,86.4,71.8,137.1,-89.388079,41.473364,-88.027041,41.438329,0,552,24,ogc|Fnrq`PlJja@brRkBGurAcqDbGwAygKbUsjBbrCkfItu@a|H{EoaOyi@oqB`[y|EcCe_f@mm@aqCpDekJenFyrG{|@khCqrDm}EmsEahE_Huk^etAoWgu@_{EgXgfd@am@wfA}HilVrnArEiBmrG~uNeQyGchJol@x@|@tc@,mea{Fhsp`P{pAsPwd@hfAmjD_eA}rIGjCqxLfbDa~Jtu@a|H{EoaOyi@oqB`[y|EcCe_f@mm@aqCpDekJenFyrG{|@khCqrDm}EmsEahEqGmg^stAw[wt@muEwXykd@_m@qeAoB}`Jc`B_s@osE|Dc_Aqy@oAemPujAqj@r]iuBiSqS
IL-15,24,72,0,0,1985,500.1,-89.208313,38.747535,-91.03531,41.325328,294.9,210.4,453,-87.542497,39.843284,-91.495163,40.170741,261.8,210.4,500.1,-89.208313,38.747535,-91.03531,41.325328,0,552,24,c{nkF|nn_Ps_@elEszAMvKibI{lJi@|@o|Eo_zAvjA}|BstBquN}FbHe~Ecv]mPyuk@kgMmvJjuM}zWlXlN`wQqfG`yXwfJpf@w`Pp`LyhAzzKuxKrmGskO_i@rwArhwB}`Ax_W{fFdz@g_Bv{j@gzGrdI_eWaEcIbpDicCzgA}Ijx]wob@bnAcjIenDurSdH~dBdmMrxC~gA`b@leVilND_q@|aLyyp@~aBsHhzIcbTyd@_tD`qF,o{drFrciuOhfH|WpXjrpF}tDdoQ|qG~rAwE`bPehLvlLeuUWlN`wQktGzyWp~Svbg@nCdlKixKvvBfEzd_@afCzkEaCv_OfkF|h@jx@nuRlwIbHk`Wze~Ae{CnfCuc@dt]j~Ht}PqjA|w^euDbdHu|ApmZ`kEjue@yEzcU{|KsDgBnfI}xK}L{u@rjLkdCd|@
IL-16,24,72,0,0,649,453.8,-90.497972,42.503173,-88.590482,41.340544,256.8,176.6,450,-88.37657,40.50064,-90.497972,42.503173,273.7,176.6,453.8,-90.497972,42.503173,-88.590482,41.340544,0,552,24,yklbGhkjgPt`Q}}K}~I}e`@cm@}wQcmDw_Ar_Bg`n@u{@g|n@lrDo_Bko@s{VlxAuiIb|OcNgCyuUtcP{`@~CnzAbBipH|iOeGxAroFbbMiFnn@rbN~eMiFh{F~pJj`\r_@feLkoFjgqAzj@vtIypLl~Vpa@pwOwaFuuAexkCwiJu@oOmjk@wed@n`@zVdo`@duDgR,_hevFp`lzOv`FfcAqg@tzYyzAjQcNxchAy{UnCuEplQscJlp@{kBfoC{qtAvyGrB`bh@dzBv~I{mAttDyhO|dEqkVk~@mcJbmMkgqA{j@geLjoFk`\s_@i{F_qJgdMfFgp@qbNcbMhFyAsoFekOfG{EvtEucPz`@fCxuUc|ObNmxAtiIho@vxVkrDjbBt{@f|n@s_Bf`n@nmD~`Apl@zuQdeCtuEhmDznXauOb_M
IL-17,24,71,0,0,501,364.4,-90.692395,40.481734,-89.025953,42.212047,237.1,147.5,364.4,-90.692395,40.481734,-89.025953,42.212047,237.1,147.5,364.4,-90.692395,40.481734,-89.025953,42.212047,160,552,20,yqavFnjphPoOokBh_Dsf@r^s~^}bPsChHceJuuDq@iA_`C}pQdw@ahK{|Dkaj@iKngEjdOw{@~v^y{Y{`Cke@ghFmal@N{|WqiCqgGuzEeBg~UqpKq|GohAcmUekZ{~XmpEkd]ozOkSo~AzxCupr@kcA}{@ue[ylJkw@cLade@ueW`SG}asArjGyiMeAsyIdzBxGbe@aiH,yqavFnjphPoOokBh_Dsf@r^s~^}bPsChHceJuuDq@iA_`C}pQdw@ahK{|Dkaj@iKngEjdOw{@~v^y{Y{`Cke@ghFmal@N{|WqiCqgGuzEeBg~UqpKq|GohAcmUekZ{~XmpEkd]ozOkSo~AzxCupr@kcA}{@ue[ylJkw@cLade@ueW`SG}asArjGyiMeAsyIdzBxGbe@aiH
IN-01,24,72,12,0,4554,101,-87.531902,41.713956,-86.935715,41.244566,61,56.7,98.6,-87.490394,41.172395,-86.714747,41.752084,74.6,56.7,101,-87.531902,41.713956,-86.935715,41.244566,0,552,24,ggr}FjaguOv`CoqCpuHtBwNvNvfA{c@`pCymDnZgbNoIqhHtj@mfGbfBwmAyo@sgKlgAysFdKskErm@y|AQawBkh@weBcCqsFng@uaCcRyg@rbEhAvt@ykA|`CwaA`kD}PzeExf@nzY_FjCg~M~hM_Ak@_qA,onhzF|}~tOmb@oUiKalFuqEnoBenFlAe|Cg{ManAx@xAs|PaqEtOajKdwCebBu_@}oLbOclGcZcfC_u@}cCw@sy@yp@wmB}aLymAi~Ck`AcrTwbByoDwN_|GuhEk`KoAoqPowAizBe^c}Cw_BwbCvo@y{LkiCgk@ilEdUigAcy@Qmx@
IN-02,24,72,0,0,577,169.6,-85.664824,41.703967,-86.920364,40.912404,118.9,90.5,162.5,-85.919783,40.569399,-86.693001,41.742143,114,90.5,169.6,-85.664824,41.703967,-86.920364,40.912404,0,552,24,yhp}FblziOXbuC~zE~oCxJteb@nxHbb^ex@jif@fyDtkAr`EmpBpsJhUbzD~lEd|CveA`Bv~AhaPz@uNhp]i|Dj`]~fNJo@rzs@zyiA~@J~xBjfC[B`y@,wurvFrelkO_iF~{@}t@nx@wJlwCu_Jx{CuoEh_F_zCxf@qbB~rEy}CliBkJ~cHygMk@mtOzxFwbNdActD|nDozAbkGm`UzAo}Ff{BqeLveAi`Oq@uuKtjDq{H}vAidEatEqsJwUuaEtpBewDo}AsIp~C}rEfzJkkAzV|Tvys@kv@zvLgsFgjAq_Czj@eWdlB
IN-03,24,72,0,0,502,198.2,-85.641752,41.756793,-85.207563,40.194847,129.4,117,193.1,-84.808125,40.184689,-85.641752,41.756793,135.1,117,198.2,-85.641752,41.756793,-85.207563,40.194847,0,552,24,}rz}F|{uiO~~Dvd@y@ufDpaMaJ_AkrFhlk@xb@reOkpMlnKm|O`hEofPx|Kc`HlwHaaRfkX}[pLmxB`cwCmeCQkuBrmDsAgJdqN,iqgtFxasdOsvCiLiqLbh`@q}h@bScbeAybGmp`@~ld@_cMnk@utO`|\u~KpbHewEl~Pyc[ft]mnk@ea@~@jrFqaM`Jx@tfD__Ewd@
IN-04,24,72,0,0,763,231,-86.932511,41.176302,-86.591859,39.348355,170.3,140.9,217.1,-86.264375,39.346034,-87.181292,41.261778,163.3,140.9,231,-86.932511,41.176302,-86.591859,39.348355,0,552,24,{fizFd_rqOe`AoNcDjbj@hnGbC_AxqUdsYxUhvd@gfT~pZcqT|ib@{dd@b~`@uaU~l[cje@tmZauNrlSpfKt`\~u@`tP_{BjuAi|Ez~i@kzGnaGz~GfxBjuM~fDq\~uBzlE,uwcoFjoomOu|CoFeqKl}c@}dHgoAksP`{F_~Rxo@kuAh|EoqPzzBgc\{u@qkJswHqmHurAwgRvqHs_LfbJsfVfn`@az`@f~Tolb@~fd@mmZpnT}fYv_KcpI~|GahZoS}Ke}KoiUSmQkmB
IN-05,24,72,0,0,945,140.5,-86.339555,40.56136,-85.219093,40.081301,93,68.1,133.6,-86.367883,40.534069,-85.219093,40.081301,91.8,68.1,140.5,-86.339555,40.56136,-85.219093,40.081301,0,552,24,ocqvFfe~mODxk@~sDr@qCmkSlnG`@zRynUj}@mBqWyu{Akx@__CvJslF~j@oiBj@yeD~`CjHttB{j@fqA`^f_GqDbeBr_AdgQB]ghd@tbEeEp`AecBz_D}{AjjEvCbgBflBbJuc@lhEyfC|{Ec|AlUq_E`bAyl@i@quI_[J,}xkvFfvcnO`E_nWlnG`@zRynUj}@mBqWyu{Akx@__CvJslF~j@oiBj@yeD~`CjHttB{j@fqA`^f_GqDbeBr_AdgQB]ghd@tbEeEp`AecBz_D}{AjjEvCbgBflBbJuc@lhEyfC|{Ec|AlUq_E`bAyl@i@quI_[J
IN-06,24,72,0,0,2703,185.5,-84.936396,40.168905,-86.041982,39.157948,136.1,91.4,184,-86.041982,39.157948,-84.818388,40.085767,134.5,91.4,185.5,-84.936396,40.168905,-86.041982,39.157948,0,552,24,undtFncleObQp}DbtC|@tkGgnD|vO^~mZczHtxBlgb@?zcoAngDzxXrY|z]|_Pgf@tqD`~@peQai@xlBtz@jeNlAxpApvCjy@~t^`jA~aIbmOy{L|_MkKhsD|}ChpDmxAjhLr]dXzgI`qGbQpZv{Bur@ns@,e`_nFjadlOtr@os@qZw{BaqGcQmQamIgoLiZmlD|xAawDm~CufMtKi{HvaIcjE`iB{iAwnHoy@uv^ypAqvCmdNkAwmBwz@qeQ`i@uqDa~@crO|c@ef@e{]kgD_xXBg`oAysBqgb@u_Z`sHmxGpHpc@cwT}uDmCcl@qz@
IN-07,24,72,0,0,374,52.4,-86.319714,39.834148,-85.943967,39.906208,26.4,22.7,48.8,-86.302305,39.728031,-85.943967,39.906208,29.2,22.7,52.4,-86.319714,39.834148,-85.943967,39.906208,0,552,24,mbcrFdizmOiSbCLni@mzAjC}DarKlkAyjAtE{o@`uA}pAdLo`@iKcia@moFusNm|@i_Bgk@}[ic@ycAomBAgIvc@,eknqFl|vmOsKnOsVyh@mYEukCwgMxx@NkYasBoBenAvQ_nH__Es\yvAk{CbBetAyZmjAy]szDdr@}qA~DeqAwmCcPqkAnUwcEgwKm|@i_Bgk@}[ic@ycAomBAgIvc@
IN-08,24,72,0,0,1205,292.2,-87.211071,40.156864,-86.657587,37.914092,193.4,165.7,283.5,-88.046246,37.848104,-87.211071,40.156864,204.9,165.7,292.2,-87.211071,40.156864,-86.657587,37.914092,0,552,24,kcbtFdlhsOSvgEl_lAmj@dUurXjoY`JxgE`mBfu|@_hA~^guFf`Fo@VwlDrbEyeEhjLe}BdzGggN`cLfiChj}AklFncRfnFr{j@`kEtyI|bEtfGcnCzFyrL~sUiQrCctPdeBspFzwOasIubBiuK,se_fF`pkxOqwDcrRq`IwH{qAmck@smE_{MeDinRcyj@pm@syCzpBw}OVcrDtyDyzJ|AifTulFy`BakC}eV}u@mpEubGaxc@ytIgvCjv@}~JoqEcgMmm@yhP`yCsnOu`F_n`@cG}{GbkDwlNsKylK~sCkbRwJyeGkbFq`JkDk}TbkAi}LzkGwkb@lXaWg{h@arE?RwgE
IN-09,24,72,0,0,786,262.3,-86.652914,39.3475,-84.853526,39.518752,168.8,126.3,241.1,-86.235305,38.041306,-84.853526,39.518752,182.9,126.3,262.3,-86.652914,39.3475,-84.853526,39.518752,0,552,24,{`doFtk{oOroCmrCj`Iwt@`mF`b@vdDq}Gj|ByrAfT}aIb`CmiBd@}fN|lAagBqBwpJmeAi|Ars@cmDcm@_cCo|FqsE~rAk_M}dAmbJ|WwiEjxFtuAfwA{xDofAe}I|gCFkKgtIzwBcQtjLquGjrIk}Kr{EqDo|Coa]o_IyxHcmW{x@ooCyxIuzWiFylIitR`|GsdUxHg~WvvEkrQcn@ou]x~@wxB_zOwc@}kFv{HegDbm@cwA_qGejCktBgeI{Pjm@}jB~EuzMc|@a@,e}dgFtyimOlaC}~Fiui@qyKmfK{_u@i~FsiHiNufIic~@f_EcjSz~H}wUaqCkyKvlEqiDyz\o_IyxHcmW{x@ooCyxIuzWiFylIitR`|GsdUxHg~WvvEkrQtOgoa@_zOwc@}kFv{HegDbm@ibFkfKgeI{PwFugQ
KS-01,24,72,0,0,2126,682.2,-95.330821,38.976866,-102.036175,37.214174,520.6,393.1,630.7,-102.036175,37.214174,-95.347864,39.415396,487.6,393.1,682.2,-95.330821,38.976866,-102.036175,37.214174,0,552,24,mt{lFrhzdQrVsmQqjHkO}sJnw]quq@plCywAjp]sgIjyTizIhBukFrhkC`aMfgV}n@nvn@d|Ymu@_s@xw`@t~Of^]baSrwk@kkAz_HvdWteL|sxArz@zg~Ahs\z`Y|ou@droAfyLxsIrtBxsUvt]pdt@~@d_yA`pQvth@bf@|qYbl{@jiAtaJvcNldB`t\`mt@`fjD`tRt`d@br^pr[rqId{{@joQ`vh@}oVndDp@jtWigMh}@,qkcbFb}wmRhgMi}@q@ktW|oVodDkoQavh@sqIe{{@cr^qr[atRu`d@amt@afjDmdBat\uaJwcNcl{@kiAcf@}qYapQwth@_Ae_yAwt]qdt@aqBkqUy|LgvI}ou@eroAgq\qbYe{@we~Au}TazpB_bl@hkA\caSu~Og^~r@yw`@e|Ylu@|n@ovn@aaMggVtkFshkCt}IqGjbLwqk@uyMioS
KS-02,24,72,0,0,789,473.7,-95.057595,38.386131,-96.239614,39.762997,312.5,208,420.8,-95.249817,37.004072,-95.673288,39.996038,304.9,208,473.7,-95.057595,38.386131,-96.239614,39.762997,0,552,24,ihhiF~|dcQfyFaEl|AwsKpjGeY|tG|Dnu@djDh_]qy@j@~eIfzc@dOctD~{R{A~u`AdcCjmZnhCdaDyArcMyupBwcAy_Lq|Eutp@{aAl@mzoAitY{k@coCkq^_s`@ea@_sJuvNedb@__CybBhmJ{iR`uGy~B|yE_rLqRxBz`a@_uRn`Ncu@dvcAtlIbFkwHbxe@ndAbaSaeMDPbjg@}hFS,mjz`FjnjdQsqGfAvK|s_Awmc@vZc_p@mnUedg@nq@m@~ff@{fUzpJow_CqcA}n}@}~Gl@mzoAitY{k@coCkq^_s`@ea@_sJuvNedb@__CybBhmJitV|tNie{@liA}jGxbYLlzo@}lUzMooGf~KlYxbN
KS-03,24,72,0,0,822,139.2,-94.788471,39.096614,-95.518121,38.13219,95.7,83.7,117.7,-95.437751,38.038333,-94.626282,39.070051,93.8,83.7,139.2,-94.788471,39.096614,-95.518121,38.13219,0,552,24,y`smF|jpaQJwy@dy@A[fxCpfZozDr|@urCzzNn{KppOdy@zbChwAxd`@cOdwLd~Pf|GxfC|cJ`lSrpBf`IfhDdxAtp@rgEvzCbmDjxE`oBxcFdyHvcJjCd~BlzA~hAhqC_@zhh@tvDlCGbqBjo@B,qjdgF|doeQWsvDujDqFcJymDg}MsfIokGwsLufMqy@eyEspHsbJedGm`Ag~E_jDqzAspBg`I}bJimSg|G}fCawLa~Pue`@lN_cCgwAmuNox@guHyoE_`Q_wO_|FocAmyAixG{yCk`CpXvf@
KS-04,24,72,0,0,4100,406.7,-99.058799,37.009728,-96.35127,38.1461,241.4,208.9,359.3,-99.509604,36.999013,-95.964617,38.112849,261.8,208.9,406.7,-99.058799,37.009728,-96.35127,38.1461,0,552,24,ym{`Fnlr{QitFfdApEpib@}yAzRyC|yLu_iBqP}xF_koBrt@q`~@}v@a`~@keC{|G{z@m`hDkzSurn@gls@w{z@t|@qwl@a|OmeNsgBfuC,yjy`F~mj~QuCq|CaqEu}Aaa^fiAiCg`]atoAe`@}xF_koBrt@q`~@}v@a`~@keC{|Gsz@m~gDaePa_h@slIicNjFqmbCybCccIqwTZo{MkkFejTwO~AkiGnfC}vDxCcuR
KY-01,24,72,2,0,2662,529.6,-84.772415,38.181426,-89.369379,36.574805,400.9,275.7,529.4,-89.369379,36.574805,-84.772415,38.181426,400.7,275.7,529.6,-84.772415,38.181426,-89.369379,36.574805,0,552,24,}h`hFrbldOio@bqHfzAku@xzA`dO~zNh`Ehj@vxOvrJqjB`n@xrKdmDg`BhzMpxT~mLfiAbhCwvBdiIl_CduLf{KvuQncBl`I|sIv{XggCh}FnyCvnDhcIprKhcB~b[auNv{Cxm@f`EbaFrE|}KpjGvkN~lDzsXx|IeLruDluEv~PltFhmVrCvmLj{N{]bnCgqE`]wzFflMmq@pzNbiDhzQohJxnZ~dBvfC{SllHteIp}RceId{`AgrKnrZwmGj`FvxGjwj@kiGjia@g~Abrf@mvBtjEqOzkj@_{MnjV_`HneU}nJd}M}lAzePp_C`hSraLzeTrrPhRjkHr`DtmR~zw@bnCxIpbGzdKvh_@`dYbNtiDetDx`CsrChpq@|vC~jP}j@|rLaiDxi@tf@htE,qof~Er}m`Puf@itE`iDyi@|j@}rL}vC_kPrrCipq@p_Ee`CyWiiDwi_@gfYgbGadKolCoGmnRa|w@wlHybDepPqS}bLqcTu_CchSxlA{dPbhKe|N~aGe{S~eNwkV~Gsvj@`vBqeEp_Bkuf@viGana@czGmtj@xmGo`FfrKorZbeIe{`AueIq}RzSmlH_eBwfCnhJynZciDizQlq@qzNvzFglMfqEa]z]cnCwmLk{NimVsCw~PmtFsuDmuEokIjIeiDubLyRgmKkjG{jNIo`LahEq_Fw{Cym@_c[`uNwpKkeBesDedIuzFqvCw{XfgCm`I}sIwuQocBeuLg{KeiIm_CchCvvB_nLgiAizMqxTemDf`Ban@yrKwrJpjBij@wxOy_NclEijB{bOccB||@nl@anH
KY-02,24,72,0,0,1132,222,-87.468838,37.661815,-85.515318,38.166184,161.8,122.9,178.6,-87.301685,37.126993,-85.435228,38.116318,141.9,122.9,222,-87.468838,37.661815,-85.515318,38.166184,0,552,24,kyzdFfwztOm[cbA~}FiwAhAyjDb}@}eBcQi{Cr_DumMr_HkyF_[utEvxBazL|nF}qCgnCciJj}@owLvpCqeEvz@q}H|eCkiAwZ{kDjvAmhC~rJguHwgAamHr|@{fTohAqvOagBmmHtX{dJih@gqHugDuyGw_Juwe@ayHikHmiDsaRy{M_qXgcD}tDjj@yqAyvHolCqkCukEisCyQ{pKciMkiOu`EmxNtvAmjGaj[qtBejDsY_vCwgCqfAuy@omBuhO}eAayAztApGx{CvqCfJpA~aA,ujraFpbzsOo`Ak{EgwFcgDeoDwmG}cAsj@scFn~@uvEw}TurEwfIhGscFqjE{oNs~@_zKgyD}uKlt@{dYwhAqzOagBmmHiGuwR_oDcyHweJycf@asHe_HmiDsaRy{M_qXgcD}tDzi@irAivH_lCqkCukEisCyQ{pKciMkiOu`Es{NrsA{~Jyrc@_{EmkF_fD{c@dg@wZmN}xD
KY-03,24,72,0,0,928,64.4,-85.636828,38.346639,-85.887745,38.042388,30.6,30.6,49.6,-85.930466,38.008397,-85.508829,38.302339,38.6,30.6,64.4,-85.636828,38.346639,-85.887745,38.042388,0,552,24,oq`iFd}tiOhNmCzLaa@bKlDrGs_@|dA~^hC|v@jcBpgAdoEveHhMkFhW`_@vn@fxAf]plDpBb}BnfEvWdkAbyA~bA|p@rdA|dB~kCr{BdtDtqA|bEnxCbtD`jBn_Cb^vkCbdCjFcNiN}x@`JsTic@cf@,oo~fFlhnkOeFjFgpA_zAgbAyXabDa{CkuBuYkrA_s@~PmuAFwmBklBo}DwvAwsElRgdCoB}}B~WihByGkfBb]}oDe~AstKs{AkoCoHeeC{g@g~CmwA{oBqxBk{A{dRyr@eY`OkWr`Aeu@ej@mQnf@wMiU
KY-04,24,72,0,0,794,341.1,-82.873628,38.396008,-85.503786,37.853821,244.7,154.4,331.3,-85.503786,37.853821,-82.806991,38.561528,245.5,154.4,341.1,-82.873628,38.396008,-85.503786,37.853821,0,552,24,afjiFdgyxNws@EyJtvEebBvY_KzyLqpGn_Lt|@l_Bum@jtJihFrvJw~FtaDafEt{Ku@viGkaCrxAbyAdbDgSl}IlwAhcCy|BjsIztAvcAtaDfdMu|Hpbc@_wEfoGwwBvlQi~DnjHqrD~pAawAt}DsRhnUc_Dx}GejAdfIaxD|eBk{CjsFe_JpK{uEruCkoO|kWi{@|zJm}Ar~@s@nvNgw@twFlrE~`HzlWe_C|qPvpVpzL~}WzgJhna@nXleKd}D|dGjeHpbDdbVdmUnpCubAzmDpT`mCahCeOwfAfdGsyAz{Hj{CpuIgjD|mWfsS|u@xwCv~IgxD~cG_Jd~GmlFdjHtjBbfEexA|fDv}FpiEfoRqZ`lBgxBkJwu@~qG,ki`fFt}zhOvu@_rGfxBjJpZalBqiEgoR}fDw}FcfEdxAejHujBe~GllFwbGrI_`JrxD}u@ywCwlWgsSwvIfjD{{Hk{CgdGryAdOvfAulCzgCuvHpe@_lVkhUcxEg{AyeGefIiXw_KwiJcva@avL_xWkaQkjWscWdpCubEmkGn{@}mVljAoqAvv@woJzpCo|GpfKs~NnqE}rCd_JqKj{CksFl{D_lBxfAc`I~~Cc}GzQolU|wAe`ElsD}qAl`EooHrsBucQnvE}kGpd@u_GttDmaNvbBimLkaDy|L{tAwcAx|BksIg~AsnDbYawHmzAigCzdCqqBlCqyF{`BoiBaYs`O{tCc`H|cAqyCywDe~S|~@yoCn_@qpJ_vCwxFvdLm{EliBqgF
KY-05,24,72,0,0,2484,307.6,-82.065153,37.477415,-84.989189,36.627999,230.5,177.7,303.6,-84.989189,36.627999,-82.599374,38.366456,242.1,177.7,307.6,-82.065153,37.477415,-84.989189,36.627999,0,552,24,{xvcFdj{sNuiCes@ofBteFvlA~rCyx@dcG~hD~fEibA~oLziAdwHmjBvfH_iF~fAnh@~jB}qD`dFzvGldFlmA|`MgpFdkIn^`cIlhGdeCnnDdkItD~yJoxEhxGloOtkXxdJf~EadAhzVpvTze[nxF|xYv~HtmM~]tvS}`DxvGx_IjsMdw@zcLw}Af`JrlFnu\_xFpxTgmBdz\plBz~MovBnbIxLr|[t~ItvLjsEim@n}Mf`Hj~Lfv\v~N|fSfzCpb@jpFbuNhkGej@p_T|aG,_|p~ElmveOq_T}aGikGdj@kpFcuNoxCaa@o`OmhSk_Mkx\u|Ms_HgsEnm@yeIqsLwe@s|[rvBcfIqlBa}MrwBusLsIadOfxF_zTslFou\v}Ag`Jew@{cLy_IksMdsCgqEvIsjPqmA_jIanGayHivFmtYuuT{e[naAg~VwxIkoE{`H{eJ{wCo`Le_PobL{pKy_AaxAzmFyxPfWioMxwHwwEw~AojBmtGocGolAivBefNo_CmxBcvYujGmqNvqB}qAcbFm`Jp[c|Cw`E_iJq`@cgHjjC
KY-06,24,72,0,0,987,175.6,-85.011253,37.739776,-83.48118,38.368857,124.2,93.9,175.6,-85.011253,37.739776,-83.48118,38.368857,124.2,93.9,175.6,-85.011253,37.739776,-83.48118,38.368857,0,552,24,s`jeFhwzeO}sBug_@yz[fbAe}JtjBoiAwo@ir@kqClRshDszA_gBkgEmpRu_BguBlf@cqG_^uaMaxDwrFzX_zJunYy{g@yuMewQqxD{kAq`BqkF{CweIevNstGewGepHkf@_jEpuCwhD|oBcvKsPcqOfsCciFboAosKriBqmEdrJu}HyoGq}F_pBw{G,s`jeFhwzeO}sBug_@yz[fbAe}JtjBoiAwo@ir@kqClRshDszA_gBkgEmpRu_BguBlf@cqG_^uaMaxDwrFzX_zJunYy{g@yuMewQqxD{kAq`BqkF{CweIevNstGewGepHkf@_jEpuCwhD|oBcvKsPcqOfsCciFboAosKriBqmEdrJu}HyoGq}F_pBw{G
LA-01,24,71,40,0,4940,123.6,-90.690852,29.839283,-90.794824,29.469197,74.1,52.5,99.2,-90.546495,30.47314,-89.790915,30.084507,74.9,98.2,123.6,-90.690852,29.839283,-90.794824,29.469197,358,552,12,o~buDx`phP}aAulAwt@_ChWyuBmeByeIjXu~A|pHvKnaBi}BblDoq@hLqd@rvAnLf@yk@nvExc@|}ArnArxBe`DxtE}z@l~C_rEtdEmsBddCaxOsKsbBzp@{{@lr@r^wOni@h~BjrAlaArhIcqAfoDvUpjDibBhoLxoAbfA}`@x~@iLprCyiAb}C_~B~jBgjAffEfoExwCz_D{GdhBpvC|dBtaAdmDi]qFj_A`dBtxD}c@je@,cx~xDrzsgPoFqYznFQ_Zs_GbQiiIsg@otEqxEuNyTe|RlSw{LxbJofb@tvOcw_@x{CgtLdWcqMv]aOfqI~`CvsBckBvtF|n@ffAyqDzqA`tAxsAoAvsBreCfsFrl@`|@`oC
LA-02,24,72,6,0,4550,202.2,-91.113558,30.560923,-89.818767,30.070758,143,89.2,170.4,-89.818767,30.070758,-91.284301,30.318169,122.4,89.2,202.6,-91.137447,30.332045,-89.818767,30.070758,90,552,22,w|oyDvrbkPlLzzBjqJzzBpaAxnAduDMdTtyAfgBoAoLbxDxpCfjAtWez@vnJ~fHv`B~D~m^wgQfnRwhg@{wA}rCouAwoKjcAcyDj}HmsI``@uzFi|DqxK~tGc_ClcG~yByqAuwDjBk_EcdCw}Fvc@{kHddJo}Q||JicFeqCg{Lhd@ys]dqBk}G{h@}fI}`BabDmxByy@e]lcEemAhgB}jHgvG{xFitZy_F{|Fxa@kwF,gepvDhvecPya@jwFd}EpxFh{F~zZdjHb|GhxAq~BjTgnDfwBlu@x_B|aDpe@jgIkdCxuHhe@nsAus@vdZ|aCnkLikJdnFafJjbRwc@zkHbdCv}FkBj_ElpAhxDabGszBkvG|}BzzDheKuTfvF}eIhlJ{fAp~Dh_Dd_OujE|xOymKpiWorYndOkq@pcBj\rvB
LA-03,24,72,38,2,4911,238.3,-91.28266,30.06623,-93.3263,30.116903,184.8,155.2,225.2,-90.777616,29.713533,-93.3263,30.116903,185.4,187.2,328.3,-91.28266,30.06623,-93.799722,29.7239,126,552,21,}hovDrsclP~bEqjDvjHjrAtlHgpA~`F}pGfdF{e@`uEedEhkEiWp{K|g@ffExkCpoCdfPooCv}PoaJpcNizDrgMi_D~s@i}C|cEg{IxiVuwFv_Kc{DrpNgqIboNyhIrtDetMxn@ciEhvFa~DftAurA`bDwuDh`AyBtsn@hfBxsJb]`w[waBt{^fCjmbBreH|nAfJb`NzpDa@^tqEjrGo@nn@doG,qljtDb_aiP|tEvhAql@|pJkkCdtJzzBxvPraCtlFsSp{OyoCzuD{m@baFzwCvdRsmCvyPkcJpgNizDrgMi_D~s@i}C|cEg{IxiVuwFv_Kc{DrpNuuIttNkdI`oDetMxn@ciEhvFa~DftAurA`bDwuDh`AyBtsn@hfBxsJb]`w[waBt{^fCjmbBreH|nAfJb`NzpDa@^tqEjrGo@nn@doG
LA-04,24,72,1,0,4804,443.9,-92.070705,32.821149,-92.290162,30.95361,281.7,207.6,385.4,-93.332205,30.059372,-92.659949,33.008526,258,207.6,443.9,-92.070705,32.821149,-92.290162,30.95361,0,552,24,ekigE|p}pPs_CryVwtJ`nIztV`x\co@jea@qmEl`JjzCten@||N~_Em[~uEbfKfuCxcSsoGfbRxbHl]zuBnaWc{@neUfmGlzEy]xj@wyE|xE_Pt~\r_Nb~EmUtwF~_L|bOudGzgMb{EhhGteTtlNcgCrcOhbBhn^qdHxk[|yF~uNtlKpvX|NXgrN~yKehHg[k`Zni]el`AleEsbe@g_Luze@_lFb~E{jKtmAk^qnE,a~mvDh}sxPwpCdsDuxX~|AsfCucVwfKu_AeHycIsgMh`@amDbgEonqA`{@sgErdHwlz@skC_zN{gKyk[}yFin^pdHscOibBsmN|fCc|CorOciB}rC}pDxAoZwfCyqJ_oAulKl~FuwF_`Lc~ElUga]k`NkvEvPyj@vyEuxEz]ggUimGoaWb{@m]{uBgbRybHkpHte@cwFlhFysJ_jAslBwiAh\muEy}Nq`Ea_Ce}h@ijSyK{jDkxEawJztF
LA-05,24,72,5,0,1602,333.5,-91.003147,32.26416,-91.902682,30.591961,245.9,166.6,268.2,-91.902682,30.591961,-91.896287,33.003181,212.5,212.1,333.5,-91.003147,32.26416,-91.902682,30.591961,238,552,17,_r|cEt`mjPfzBybAmjNwyDusA`kRkjLtc_@ysQvrfDzaHgI|lJnaEjqNurD~wTnvDrlOm`Hzdb@nlV|m\|bb@lbJftEfwStoBvfo@ysArnHz~@hlD~yDzhJckBxoAfnE|~EthAx`^awJ|_IihThxOsyMtkVyqFjgOasSrwIqzEfdJnAlqAanEj{Cik@}@s`He|GyzJ,w~uyDvv|oPn{GjzJv@xaHomFjlF}fJpIcsIztEe|NbdS_yVdeGesOrrMerIjvTwa^`pJgnE_hAgsAcpE_hJjhBezMyuFggo@jsAytSunBgdJeuEei\o~a@ekb@eqVafOx_H}bUwuD{qNxqDekJgaEe}k@uaFutPosQmLwhFgvIk|EsdUy|CuwGh_@emAroF
LA-06,24,72,12,2,3195,238.1,-90.686836,29.650887,-91.791211,30.91731,151.2,109.5,238.1,-90.686836,29.650887,-91.791211,30.91731,151.2,109.7,238.1,-90.686836,29.650887,-91.791211,30.91731,310,552,15,ae~sDvgohPoyHs_K}tD_pBalArcR{xB|vIcsEdgFmKh~EouE|oTmhDtkFezJfv@wxDr~F}`FycAcvDbeUulCkNavIx_D_mGzM_~EmqAmmAj`DarN|kHhwAbpB}tAplAfkCt{CibBdhFi`Jp`BwsC|xEiwDxcBk^vuDsqFt}CadEfmBy|EsbLyzIzpCg~@t|DawJidAobB|mHcvAfgAqmDiYa_CobCmiCfsAmuBhaTwgZl~PwrLthD{s@nyBbWbzCzhCbnCmLzcC,ae~sDvgohPoyHs_K}tD_pBalArcR{xB|vIcsEdgFmKh~EouE|oTmhDtkFezJfv@wxDr~F}`FycAcvDbeUulCkNavIx_D_mGzM_~EmqAmmAj`DarN|kHhwAbpB}tAplAfkCt{CibBdhFi`Jp`BwsC|xEiwDxcBk^vuDsqFt}CadEfmBy|EsbLyzIzpCg~@t|DawJidAobB|mHcvAfgAqmDiYa_CobCmiCfsAmuBhaTwgZl~PwrLthD{s@nyBbWbzCzhCbnCmLzcC
MA-01,24,72,0,0,4965,192.4,-71.88186,42.075522,-72.86258,42.707642,113.9,82.6,162.6,-71.88186,42.075522,-73.491242,42.113203,110.3,82.6,192.4,-71.88186,42.075522,-72.86258,42.707642,0,552,24,_{x_GrlvuLvcDrWd|CfqKuaHbeK_tBhlIkmC|}BevBejDwWt{KkgHffPxlBfpLckA|`FxoClhKkfB~sKlv@x`Qkr@bgHhzAb{DbN~nGtqAbvD_i@tyGn`Af_@wHrw@weEzoDs`D|v@ocIfqNsiD_YgkBzz@i}Aqw@yqB~w@igD`qE}lGb_EeoBxGc~DbuF}xD|nA{iBskArEwrDe_Eue@w_@}nAqyFdaCwiGgtBzPylBirC{jAtLsuBorBl}ErKb_AkfCvn@wtG{zHfIklC,_{x_GrlvuLvcDrWd|CfqKuaHbeK_tBhlIkmC|}BevBejDwWt{KagHzbPnlBrsLckA|`FxoClhKkfB~sKlv@x`Qkr@bgH|zAb}DnM~lGxtAbnE{aBn|KoLpkJkdB`yPimK`rOpW|yHe|A`{K}dGzpHygA`xHrHj`DdbCzaCcTpaJxzBrbBtyJzwB~aHtbNe\v`HlxA|r@rsEei@~^n`Ach@to@
MA-02,24,72,0,0,1720,198.2,-72.852447,42.700069,-71.399248,42.162784,113.6,82.9,198.2,-72.852447,42.700069,-71.399248,42.162784,113.6,82.9,198.2,-72.852447,42.700069,-71.399248,42.162784,0,552,24,mzrcGx~s{Lr|Ak|@_qBiU_kAgwC~xB}|HboD}rFai@{uAfc@k`DftE_qBbwC|]jCueDh{C{pCu|CixAy\ysAng@cdBiv@_vCtbAg|CoHopCzgDkgBvQiqBe}D{qGffA_xNjtFenHwyBksVlr@y~R`rYqlQ`_D}eIt~FckErhCofG`iGyr@boDexGtzA_]tr@mwDp|Bk`Dtw@|Q_f@ssUaaFc}IlaIkjC{yAk_CnaCo`B{Ca}Lps@_|BvgEm|@vRkbA,mzrcGx~s{Lr|Ak|@_qBiU_kAgwC~xB}|HboD}rFai@{uAfc@k`DftE_qBbwC|]jCueDh{C{pCu|CixAy\ysAng@cdBiv@_vCtbAg|CoHopCzgDkgBvQiqBe}D{qGffA_xNjtFenHwyBksVlr@y~R`rYqlQ`_D}eIt~FckErhCofG`iGyr@boDexGtzA_]tr@mwDp|Bk`Dtw@|Q_f@ssUaaFc}IlaIkjC{yAk_CnaCo`B{Ca}Lps@_|BvgEm|@vRkbA
MA-03,24,72,0,0,815,132.1,-72.108394,42.651444,-71.151573,42.810144,79.3,56.1,127.7,-71.02541,42.816404,-72.108394,42.651444,80.9,56.1,132.1,-72.108394,42.651444,-71.151573,42.810144,0,552,24,ojicGltbwLvpAqaCZ_i@ceEgV{hAo|Cha@efD|_CyiC`nFrZllAugBdJw{Adg@my@vsF_jE|dBifGis@iwEhKup@wf@wa@q}@zO}f@_Y_vA_jDbUauBy^usCkx@yvBuS_kBfVi_Ae[mgB|QuvEbeCy|FuFueEhbBogAlo@klBlZoxCqRq`C~hAqiBjHcmBa|@g~@aaAcbGqjB_wCudD}nJo[eoFuzBd@ew@abAouAa[dRqkAs`AowAui@m{EwaBokA{xBsb@cn@wgBiy@dNq~Aan@gbBwiHjk@c`BwsBeeBymDwsAszC|hEhDhz@,oqidGxcopLtlA|}CiK|pDhz@~kCziAfrA|dDnv@p}AnjB{WrtA~uA``F{JdtAjoDri@dq@`sAzxBrb@f`B~iAdk@||Er`AnwAuRbkArtAr[|t@jbA`qBzJnh@vfF|dDjoJzeBnmCd_Ah}Fz}@nsAsCt`B_iApiBpRp`Cu\noC}l@btBqbBvhAtFteE{dC~{FeRnwEd[nhByUpaAzmAphGpz@iWnpBnqAtg@mQ}GlsA|_@xr@dD`rAcTprEpu@~hFskC~}HwkEftCeg@ly@aJn{AqlA|gBanFsZo_CzhC}a@xiD`iAxyCbeEfV[~h@wpApaC
MA-04,24,72,0,0,319,113,-71.136294,42.31816,-71.054659,41.698037,62,47.1,103,-71.178878,41.676593,-71.23384,42.357093,62.9,47.1,113,-71.136294,42.31816,-71.054659,41.698037,0,552,24,oghaGxxdqLo@n[fdA|b@wTzgB|hApoCjc@poHroAtIyS`bBjm@rPzXz~@bvEffBbhD~vDfsAbB~}B_fBj}EhdBztCgK|p@|e@paBguAhpAmcCxqGppDfk@i|GlgDcaHriAs_HnmCypDrg@iaCho@gv@dwA_@zdAmtAj_Bmn@~dA`Jxp@ibCroCafBdeO|lCx}BjtBbvAyHvdBpeA~HchBfeAmwBfbD_gB,u}j}F~bmqLgcHkgDmyJg}L_hPkfDyyDbtF}{JvaEiyKdzY}`AnqGu~FawCksDjzEeeL__CypElcBmjDixDgvEgfBmq@yrDkbBqLmb@elAgzDxfEuhC_{@oSocA
MA-05,24,72,0,0,1721,72.1,-70.975175,42.361949,-71.470186,42.433779,35.9,27.6,65.3,-71.477483,42.288823,-70.974126,42.432755,36.3,27.6,72.1,-70.975175,42.361949,-71.470186,42.433779,0,552,24,eypaGziepLnEeZs^wJmqArj@aZuSab@zk@k_BbeAyvAwVuAd{Auz@jsAeQjCdL|iFlXplAiFrbB|q@tjDmRjs@rDp}CoK`j@jb@xDlbAdlAocAfeFyZlxCyGxkC{cApoC{ZxoCaTla@p_BdYbTxr@ph@hh@l_@t~Aqe@p_BqXllC|cA|_@jXrk@_Qrz@xLt|@ucAjSq}AlnG{QtuCjR}EgD}Q,cpbaGfmgsLuKwp@|Bgl@er@vmAlUxL|GjY}e@_o@gOqgCmi@wvA_g@_`D|XypGap@iuC}p@ghA_l@ihBkWobGkTaoAtH{Bwz@zM__Arl@ghAyPa\crBeHisCupA}kDxHgu@obE{vGcG{dCtZ{bByw@_yC~FwbByXwjAqPkrDpiAomCveAeBmFoOhIcr@kmAab@{hAsfA
MA-06,24,72,25,0,4332,89.2,-71.309177,42.481221,-71.002717,42.86032,53.8,36.7,80.3,-71.309177,42.481221,-70.81724,42.869513,50.7,36.7,89.2,-71.309177,42.481221,-71.002717,42.86032,0,552,24,sbhbGjqfrLyfA_zBd[geC}jAk{AgJmlD_iBqdAfBcZy`Cc}@aMo{Be]ah@f`CquL@elF`oAcxCoKcoFidMecGgsExlB_{J}SuhLaxD_pH}wDy{DuDa}AmbBiVd_Czn@|vAx|@dbK_Oz\qW}z@kt@tVy_BheCzCwrA,sbhbGjqfrLyfA_zBd[geC}jAk{AgJmlD_iBqdAfBcZy`Cc}@aMo{Be]ah@f`CquL@elF`oAcxC_IslFw_McdGizEfkB{nJ{PytLc{D_pH}wDkaEqGsxAqoArb@mjIyTc|DshDeF
MA-07,24,72,0,0,2091,64,-71.01838,42.357724,-71.044095,42.148636,26,18.7,58.7,-71.044095,42.148636,-71.039511,42.419314,24.2,18.7,64,-71.01838,42.357724,-71.044095,42.148636,0,552,24,w~oaGzwmpLgIdl@es@_Fce@t[}v@qg@k[dClI~WoFjp@k_@xT~{B~lCrC|SaOdZjlAt}@z`@bkBeEeW|sAyh@rj@av@tu@te@ppBmBlcEvbAvrFMpTiTxu@h[be@{X|bAjg@jEfa@bg@}h@wJqjDxFkYf|FqlCvs@pVla@gE,_dg`GrxrpLma@fEws@qVyvDtpBmzAze@wAiMxXltDcChZc`@la@uCe_@cd@{^ib@oIqc@vX}t@g[ia@jU}kG{L_pBfsAitA_i@}mAAmaBkm@aSbIuNiS_k@vTcWatA}qAkfAc|@pc@yf@wPkaE{lDrLcS
MA-08,24,72,24,0,4568,77,-71.014256,42.341083,-71.124995,42.313059,41.2,25.4,55.9,-71.069473,42.361462,-71.030026,41.994974,33.5,25.4,77,-71.014256,42.341083,-71.124995,42.313059,0,552,24,wvlaGb~lpL`Nd{AgPdh@ljAqAuBl{@rm@~[bEd\f`@kPb~@rN~c@s`@loAwa@hiAtl@hWIvuCqsApn@mjA`fAyLjL}YwAshApkAwx@d[pDpL`e@|wBnTxu@jl@bg@aF|v@b}@~jAdi@|n@ih@`nAeXtiArdD}Av\k[`b@uE|xAuz@h_EcuJjjBuu@pAq@oMpFnw@sIfu@mzAncD{i@rmBwUvM}mBs|@igBmRwv@`b@sm@uQwj@bCmo@cuAc@gxBsLop@wcAkw@u]MvCxV,cvpaGdwwpLmd@yk@dp@c}@rh@jWxfAc`CljAqAuBl{@vs@dy@j_Bw@ltBkcAraBjl@vuCqsAlo@_kAhfAiMtGaaBfjAaz@j|EvmBrgA_q@`xFpM~vApwApw@pLlW~{@fFjbEto@kf@tvDhItuHosArnBkqB
MA-09,22,72,50,0,4974,167.3,-70.037836,42.020014,-71.116575,41.497045,105,66.3,165.4,-71.116575,41.497045,-70.037836,42.020014,103.4,66.3,167.3,-70.037836,42.020014,-71.116575,41.497045,0,462,22,a`n_GngnjLbxAviCl]gz@jzBem@hmAuzAziCnUlcDq}Cja@iwBrtAaQ~nEjiApsBas@poAuxAl~B{a@z}A~mAvv@t`CruFrCzcEvaFtaCf_J[dwHttAjeQc[pfOrd@h}EshGr_Oi}A`hLiqAzuAcaA~bCcm@bHp\nGqb@rP`XlkAzeDreDywAzn@w`Buq@ai@nn@wF~qC~iBxmHwfCtnKhyAjnA|wB`n@`xGlaHxvBtfAfrBjjC|}ArpMh@txHfmBvQ}Q|sDpb@xZ}@v_B|r@n}Afg@`_Ez}CxOrqBge@zc@hvBaNlkEhn@toB`aA~w@jiEor@lo@gv@j`@tn@hgAsJ,q{g|Fr}`qLigArJk`@un@mo@fv@kiEnr@qlAgkAum@sxCgpJ}uAkc@_|Fgh@hUueA}_@`]}uOuKkfG_yAswMgoBcoCsdC_vAuvGm_HqvB{j@}cAu}@ftBw~KgjBokH`GssCrg@cj@l_Bfs@`~Asq@yeDc~Ca^gpAht@ee@~`AwbCpqAwvAt}AwgLxiG}}Ngb@k~EhYqhOexAqmQZmmHuaCg_J{cEwaFsuFsCkj@uqBgjB_}AeaCtb@imAxsAgwK[yb@~wBmcDp}C{iCoUimAtzAkzBdm@m]fz@cxAwiC
MD-01,24,72,24,0,4993,320.5,-75.66879,37.96536,-76.65936,39.682853,193,132.4,299.7,-75.507666,38.011433,-76.629229,39.71638,190,132.4,320.5,-75.66879,37.96536,-76.65936,39.682853,0,552,24,obvfF|`zlMgdGkzCskFjaFwkBdaJ}pRigHsoJvo@gfZivQi{O~~QklQjxAkhGbxMkvPu`FufCvdFufZecAidFreHqp^opF{yCdoJykGvoDk`NsfBqcKngB}eNekDuv@fcDqtGv`A_eHelCasFp_AufPyhLelIpyCqt@vlV{`Djn@vfJh`^_EdaPlaEzwT_lDp|CaJtrRsoDjsFg|@x_KqcPpdQhxB~fD,mb_gF|qzkM_{BlqEwaHtzBuoJbiZypOsVgfZivQi{O~~QklQjxAkhGbxMkvPu`FufCvdFufZecAidFreHqp^opF{yCdoJykGvoDk`NsfBqcKngB}eNekDuv@fcDqtGv`A_eHelCasFp_AufPyhLelIpyCqt@vlV{`Djn@vfJh`^_EdaPlaEzwT_lDp|CaJtrRsoDjsFc}@laK}zRrnP
MD-02,24,72,1,0,4323,111.4,-77.269658,39.632515,-76.363946,39.323843,62.4,53.4,97.3,-76.404447,39.251631,-77.20949,39.710567,63.6,53.4,111.4,-77.269658,39.632515,-76.363946,39.323843,0,552,24,gv{pFjvrvMqF}fAppBynApLox@v_AbEvn@atAdNatEej@qjHxi@kuA_EsdG|rAeqJw@syCdkBerBuBoz@t}BosFpcBy_A~yEo`F`[msChrBcyEfpAsTlaMm_Q{eAocHixC}nFzo@q|D}FuwDhuDytKzlIg_FcaAs{BxeAe~Dkg@w~AzLyz@wUq`A~zAgnF,uiqnFxviqMsz@z]jDro@ahAvy@yxBpKadBneCakAjs@yVxxBwtA||AqrA~JcpErlDckBpuE{A`fAegAlmBnBpiEao@hbEruCrfF`o@bxFpqAzvCwhDj}Aaz@j}CmzD~iEqhEvbBiuA~zCq]nvCo|Hd|GauCvvGyfCzeBnQjyBwOrvAieJ`wSyJ`aBrTtaBorB`yAolDne@u^nx@}hB`}@`QbO
MD-03,24,72,4,0,3263,90.8,-76.47383,38.914933,-77.09517,39.272707,59.8,49.3,88.6,-76.47383,38.914933,-77.122144,39.42186,63.6,49.3,90.8,-76.47383,38.914933,-77.09517,39.272707,0,552,24,iqolFlhwqMa~AvGwkBnkAqz@|_Cs_B~bB`CrpBidAdwAeOnuBmy@jm@c}AlqDs|DjMstCdgD}kCgbByyGbpBidC|DwYzkAr|@rgFgCjeAajJleM{X`oBut@r@g}@zcBaqCz}@mxByVy`Dbe@jJ~yDuy@rzD`S|vC{l@~tHszEb`U|mArj@|fCfbEluD}hCdt@~s@,iqolFlhwqMa~AvGwkBnkAqz@|_Cs_B~bB`CrpBidAdwAeOnuBmy@jm@c}AlqDs|DjMstCdgD}kCgbByyGbpBidC|DwYzkAr|@rgFgCjeAajJleM{X`oBut@r@g}@zcBaqCz}@mxByVi`Dhd@zIxzDuy@rzD`S|vC{l@~tHifDroOspBzzPwh@dsAvCbzAwx@g}AqrCke@}aCilBcn@gE
MD-04,24,72,0,0,716,74.7,-76.975604,39.134613,-77.03234,38.714812,42.6,29.5,66.8,-76.976975,38.707271,-76.975604,39.134613,40.6,29.5,74.7,-76.975604,39.134613,-77.03234,38.714812,0,552,24,inzmFnhytMcXrp@fOteAl|Auc@zQmnArbBlb@duAmlBfa@odBzuBsjApHw{AvdAbHhzB_oCd|@bHfiAi{@nk@dc@lwD{hDjpEovA|jLakAdvDdgC|Bjt@`}AvYxfEvkFzWdxBtxA`nB|TdfAcKpbA|q@|sBtmI{Zr^jhCql@b~B,m_gkFbqytMzI_SgnA`aAqoEikAaeA{jB{tAoPisAsbBgWgwBc{A{uB_qCs_DayFcrDcfL~kAizEb|A{_G~pFm}@roFcfDu}Cm{@gGqHv{AwvBziAk`@feBeuAllBsbBmb@sRpmAu{Apd@gOueAbXsp@
MD-05,24,72,30,0,4966,141.9,-76.376193,38.298308,-76.776812,39.051604,85,61.8,137.6,-76.376193,38.298308,-76.76941,39.138792,85.6,61.8,141.9,-76.376193,38.298308,-76.776812,39.051604,0,552,24,mcwhFdfdqMbqDbqC~U|gI{jFfdLq`D}dIqgKa_Ei~HbrE}c@dhCsuBpnBihDny@opApiG}sDxbDofK`aDisJ_p@u~I|hIqiM`k@qwB`hEul@lqFsaJweBofR}^ivHmaCqnB}zB{lE~dFe_BeqAej@xrBdi@fs@wWl|GpwF~`@,mcwhFdfdqMbqDbqC~U|gI{jFfdLq`D}dImdKa`EmaIbsE}c@dhCsuBpnBihDny@opApiG}sDxbDofK`aDisJ_p@u~I|hIqiM`k@qwB`hEak@vpFgcJaeBofR}^ivHmaCeoB}zBglE~dFe_BeqAgj@xsBnh@rk@}GdjD_o@x|AmrDfhC_sAmyB
MD-06,24,72,0,0,1019,248.5,-77.476354,39.113095,-79.393149,39.269722,173.2,125.3,209.9,-79.47769,39.390405,-77.133229,39.50539,162.8,125.3,248.5,-77.476354,39.113095,-79.393149,39.269722,0,552,24,{gvmFdb{wMbp@oi@k|CwiBcq@m}DkaAmf@q{DcPahDvkCqxAaeAknDhpBymAtkC{zArAw}SoxIi}AbrAgt@z{GwnInkGsmHvqNgcMhxFauB`|Eij@xdTopGjyMsLz}K`uCj`If^~vFiuJhxPizDjmPjEb~Fr{AhkBefCpnFreBzwDlSlbL~_FnyF_qBhxLuvAjbC~DjxDsuBtmLfuGl_PmRp`EppCp_D~vAjuLeg@rcHzs@vvGh{CkSvzDbjGLlyAz{K~xH`t@b`D~wAcZpgBhzAer@vv@nf@~zAmyBndJdcItbPxdB~xHseAnvCdmAr|EftDleFd~@y~DrmCnLpcBuhBllEnlCv_DmTc_@r}BbtCb~C,amloFp~adN|B{vDkdCigEpXqu@}`Pu}KapFm`Se{CikBccE|bAevF{kBkiCajDyeFs_Csn@wyDjrAywMw`@osOpsHunDdd@ukEsu@yjEna@w|IewAiuLgpC{_DrRu`EcuG}~O~sBwdLkC}`EpvAcbCxpB}xLw~EczFmTabLseBktDffCuqFk{AqkB{@_vF~uDgtPrvJu{PkZwuFauCanHhJmcLfoG{jNvp@azT`bDmrF|kKg`EfmHwsNxxE_pCjcAk{IqvEuwHq\gsLi{D_nKcbAw~JlWihEwwAwoC
MD-07,24,72,10,0,3375,54,-76.443193,39.198152,-76.773265,39.350534,31.1,22,51,-76.39866,39.22968,-76.773953,39.35897,30.2,22,54,-76.443193,39.198152,-76.773265,39.350534,0,552,24,m{fnF|hqqMaWmM_BfX{FhAad@{SqaAuz@op@yI}SdYyJzd@yj@|[aUdk@dA|Nk^a@_`@bNyaAbJwdApaAuTj_@}ZnvAu]``Agj@h|ClVxh@pVZqCpStCgFnRlJ~Ad`AtFtR~z@n[`x@`jAvRdl@j@fq@qY~gAgJ~_A{@h`CyOlsA{GhaB|l@xnBfv@bl@pDxo@iXhtAanAnlC}q@|[sf@~cAyRdRapCdVojF|Cs@{ExDvDml@b_CjQvK|Pdb@,o`mnFrrhqMjJt^iKh]~MtuAgd@nqByh@bYwVz_A_}BdUaqArmA{fAzmDgj@h|ClVxh@pVZqCpSdWdCtIzsA~z@n[bmAl|B@`l@qd@dgCcAbbCwXbsD~l@lqB`x@np@xC|e@gUvoAqsAtxCqp@xYo_A`zAelCjS}jF_Aaw@`yD
MD-08,24,72,0,0,925,57.9,-77.038708,39.2219,-77.328253,39.128585,26.6,21.9,49.2,-77.089641,38.96418,-77.142994,39.278239,26.6,21.9,57.9,-77.038708,39.2219,-77.328253,39.128585,0,552,24,{oknF|reuMvN|Cld@wF|Q~Kar@reBi_@h`@wOrm@jN~j@pk@~lEl\rmErw@qMjb@tXpMtu@rx@wLxo@Shb@|IdrAfp@l_AurAhfAdm@~g@tl@xJfc@rXeQjVie@l`@tn@yj@zfAjTv\d^~Ut`A`]uIpw@`]xyAcT~xAagAzhBwMbj@yA~^rCzVpYri@zL`{@pk@tq@fFpZsnC|mFuGoGiGtC,ceylFfqouMfAuNwnCdn@gtC`Pil@lVc`ArlAi[r~CqOz[uiEfxAgnAlmAu}B|r@ms@zg@oIkkA{v@qrAcQjLas@wFilB}uAg`AdrA_uBiz@qiBrNqMuu@_c@yX{w@vMciGjEmyAfu@{t@}h@eAkO
ME-01,24,72,28,1,4786,255.5,-70.974305,43.685847,-69.536282,44.709107,148.7,127,239.2,-70.783517,43.106183,-69.536282,44.709107,153,127,255.5,-70.974305,43.685847,-69.536282,44.709107,0,552,24,qksiGldepLv`BrnBdnDmlAdKcnN}q@sqIgyHs|J{j@wvHwyC}gCsgBmuEfrAe_CiK_}SzaJ}vOeiAuoK|~BsrK{aIgvE}jAy{Ix]udBceIc_F{pJiaM_qJufHacC{rKsmFq`IyqPukL_yHojCpfAeuQoaEg}@e}@g{@`LiuAmxQxvBtReoRubG{iE_`EmzFwsK}DupGkeBc}EoxF_eGw{B_uGbpM}SxoEeiAlkAalAwoF_|OgaP_gGb_E{xDhP,sdbfG~{_oLd`AgkE{gLwtQmi\keGu}c@qbXkrVmyXcoAwxIguD{aFa}Gci@esLarJueVqlV{nJ{pUykZewPpfAeuQoaEg}@cp@qqCmxQxvBtReoRucMieMmeTikBccNguJctJjmValAwoF_|OgaP{`MlpE
ME-02,24,72,17,0,4826,695.7,-70.744547,43.952592,-69.759459,46.879575,359.9,271.5,518.9,-70.984036,43.894141,-68.019188,47.231628,374.6,271.5,695.7,-70.744547,43.952592,-69.759459,46.879575,0,552,24,ungkGlhxnLkxXjxPyoHeoAutPsxc@jx@siUmsMce]byBm}Q}a{@ucQeeLeb[aeLgmn@uvJyxNbdA_n[uyOind@hcJci`@rtC}g}@{aB_mLexTwrVy}gAqjAwaPugM{{o@onOeoJzuShn@xcOocFriPsoZz|^o~Fzza@geMtsImyP{~B}oSrdHm_M_pMg|BhuKyiPm}@}xJff]}aDsiCycIdiMsrPr`C{`K`sSieFuwK}~HnnOoiSn{@_~Wpsa@t}IzrB,ka|jGfagpL}gJwlPwtKzvOw|WqgR_aRi\{iBijFnbHyg^`Gag[kiNi``@~xBe~Q}a{@ucQeeLeb[aeLgmn@uvJyxNbdA_n[qyOcmd@toPowlAgoCgw]iuOa_TgrmAwqDuyOueMk_gB{gf@s`j@__n@qbF}~S|g@}ji@mnjBbaFm|[yeNcyVfrE{nSkhEqx_@~{i@
MI-01,24,72,44,0,2887,605.2,-86.027891,44.514119,-90.300764,46.528832,465,359.6,584.1,-90.300764,46.528832,-83.909711,43.913485,477.9,359.6,605.2,-86.027891,44.514119,-90.300764,46.528832,88,552,22,gdunGhialOqd@ae\{vNiyT~sCqvmAsoWgr^iuZo`N{aWo}ZqfCwkXkzF}^dLoe^wyWsrBa|N}yO}gqAdkIkbIzuPoh\l@i|Ad|RmmZ`{c@ipPfbnAhUhuaByxn@|sDgQ`xgB_mFre\gqIhqBhx@|md@_}K~t`@|~@vr}@tsD|sKwiIvlk@~_DhtOg~@`mh@oxGnhTotGvrrAjeN|vi@puEzbgA{{JdnLqEbb`@ueJz|m@f}Gjmv@vtLz`Vc[nvTwuF`tGcr@hzf@,et~zGvzcfPbr@izf@vuFatGd[ifUytLaqUg}Gkmv@teJ{|m@pEcb`@|{JejLsuE{fgAkeN}vi@nnRszlC{mKka{@neKugP_cAel~@f}Kex`@wx@cld@tqIcsB~lFse\fQaxgBxxn@}sDyUapaBxjPczmAlsZmhd@noB_wR~t[k@xpHgiP~dIwfB`tgAmpFr~WhrSlkkBxiBf}RmuSlaTwcG~sRcs`A`ey@e|f@t`Ee_T
MI-02,24,72,19,0,4232,266.4,-84.178878,44.006657,-85.538192,42.433248,179.8,152.8,256.1,-85.20919,42.425039,-86.236703,44.50669,197,152.8,266.4,-84.178878,44.006657,-85.538192,42.433248,0,552,24,s`rkG~dx`OwyBvMjPn{EptFwbAri@jyC{uAncjBvcZKvfD_rDz~e@tu@|lG|s@tFjvJ`y`@zu@L`nLtrU]a@hsJ|a[fGmBlbT~r^pDtqIhe^yNx}QpxHbtFXxtFziReLtQxvGxhJlu@EhzAftS{rDxkJ|fJphI~d@~bAjfEdrKw],oc}aGllagOaOz{DqeHbgC}_Mcq@}kRbiFuz\nCHlrDidM`fAR`{Aqhz@dh@w\vmj@arGwDkgRapJcnKnJmqNo`GssXlfAysXzyGcoh@a_Aouf@w~I{sJa~IgpMdbLy|H~bT{vHtnGydKboj@{iMb~WiDnqWhlDld@u_@xrVesAl\
MI-03,24,72,30,0,3976,73.2,-85.549552,42.794386,-86.273612,43.12581,55.8,47.3,66.7,-85.436838,42.922797,-86.302669,43.184401,53,48.6,73.2,-85.549552,42.794386,-86.273612,43.12581,46,552,23,}gedGt{ciOH_XilKuDotI`ZuDm{AeuBtvDq|Cnq@}wAzeBgg@paBmlDpDyr@hn@oi@hvDw@z~C`[zaBo^tdFzT|uGuk@vxAwjD`kTYr|JiiB|yEkNlgPkYpfAeeK`kLhl@rNqFtsTnYeG`Stv@,oj~dGf{mhOqyBzrE{A~v@m}AheAu_@fyDfMl|GiTdvAcwAxrCsoDzDuu@lbAgb@~`Dw@z~C`[zaBo^tdFzT|uGuk@vxAqkDjoTv@hnJakB|cF_\hxQiiJdtK}iIpxNyUbv@cHpmH~Tv^@x`BhQyH
MI-04,24,72,23,0,4625,123.8,-86.143826,42.938849,-85.305037,42.197031,84.9,75.6,102.2,-86.485039,42.055186,-85.089785,42.415674,87.2,75.6,123.8,-86.143826,42.938849,-85.305037,42.197031,0,552,24,ynaeG|}wlO`bBb[rsKogGz_KgwClhH_\lyO}aPhzFmbC|qMaePnqBo_At}EojRjmEsfFs@gnEfhA{fG~nVf_@pzAgqMfoCxB_SsjBx|BmjCl_@wnCIycNqnAygOv}@w}LhvBbbGl_Iwe@x\s{C,}{t_GnrznOcP@Qu{@cy@Ez~@}iBo|BasF_hGgtDc|Ia`OuUakKi}@ipH_s@qaR~FwrKbf@opE_zA{gIeMusKgbAewDod@{oUmvA_pF|ByxUmxAwuFkoBetDmBu{KehA}yKmDcuEngB_qPtPojL{^cvAoaGzw@aoAkr@uj@mbC{kDyZcdGu`Cyk@g`@_GgoBov@ikB
MI-05,24,72,15,0,3823,284.5,-83.433408,42.082104,-86.837234,41.754171,197.5,176.4,283.8,-86.837234,41.754171,-83.433408,42.082104,197.1,176.4,284.5,-83.433408,42.082104,-86.837234,41.754171,0,552,24,cdz_Gxqf|N{\`bHbiO{EvqDfeE_i@fyCpaChqAoe@hhJ|aBx|BwuGz|m@_zD`jv@}qE|wLdeAv_Mkn@nbf@`rOblg@raFl_r@q}@l~M`l[rk}@uj@zluAfiFre\acE~zS`iBz~YefDbfDjeBnyf@gn@|xx@vaH`wU,qbz}Ftk_qOwaHawUfn@}xx@oqAm`g@`pCuvCxFgzDsnBclTzcEqqSajFao\tj@{luAal[sk}@t}@}|MwaF}`r@arOclg@jn@obf@eeAw_M|qE}wL~yDajv@vuG{|m@}aBy|Bne@ihJqaCiqA~h@gyCwqDgeEciOzEz\abH
MI-06,24,72,0,0,1891,103.9,-83.188531,42.043961,-84.103694,42.07714,59.7,53.7,97.1,-83.142439,42.119071,-84.123773,42.395654,65.5,53.7,103.9,-83.188531,42.043961,-84.103694,42.07714,0,552,24,wur_GhwvzNy{@b`@pArrBuyAwGdAdjFm|@jfC}uB~qCnNn_QqsAj}Aiq@nBoJ~`Axd@tw{@a}GhgIw{@|`@zf@ncBn@n`Xfo@`jB~Cd_Flm@vYi\fbFxlIs^iA`]zm@}@l@|}@xzA{BtE~cI{w@nsBe@d`@rZsA,eka`GfwmzNqk@iG}IztGd\zeVoiJ|HjJppTw~Elp@`T|u@yYbg@ca@eBpWn}UawAtvCjm@xoJgClmGyjAxmDeJbnGcjCzrD_tCp_@aZhnGa{@`yDlCjoTss@|sH_gBeBasAfq@_`Bt|C_~El`F}q@niBnw@rj@un@zEqDju@
MI-07,24,72,0,0,505,139.2,-84.832948,43.068861,-83.692107,42.765138,100,76.7,114.7,-85.06647,42.44333,-83.567064,42.546825,92,76.7,139.2,-84.832948,43.068861,-83.692107,42.765138,0,552,24,k{zeG||wdO`BlYldCTf@obR|g_@pVn`O_WnIocH|fAs{B|gDq]tgLtBd|CorDjDo|Gfi@wlHgtBwcJ}EqxI`nAiyRQ_pUttAy{Etc@y`XzzB_gH~tAmvAy|@g~@CmbOsk@}yCsUujW}|Dd~@kePfV{nBakAjbAgyG}uCtCp^omAzc@pSbj@q_@,yu`bGlpefOyAimH~`A{r@gTysJ{eBoe@wlAwcGgkJgdNizJmaA_uFw~NmyHobNzs@whBhl@c_QgtBwcJoEqcJrmAinRQ_pUttAy{E|`@}rWn{Js}Who@{sLtyIqnTl_@srXuc@uvFqrCoz@
MI-08,24,72,6,0,1094,155.3,-83.917607,42.839628,-84.267488,43.827546,101.2,85.4,125.4,-83.771099,42.786221,-84.145969,43.99154,96.7,85.4,155.3,-83.917607,42.839628,-84.267488,43.827546,0,552,24,ubndG`de_OEadCexDbFOenHkyAlAmH{kVm~K{g@gcDnVqwBljC}bKfqAk|b@bo@_~Ph~PmfEff@qiEtkCmtKxBqdD`yEggG`nB}nOnW{vHzoKqjUrsAu_M_o@{Ab_P`xAxAe@b_KmDpyFiyA{@}CzwJvsD`B,{tcdGjph~NaUyqEgrB}jAmuIvyAmePahB_hDxVqwBljC}bKfqAk|b@bo@_~Ph~PmfEff@qiEtkCmtKxBqdD`yEggG`nB}nOnWu|HdrKwdUhqA{{Lao@mC|q@seX|DuE|aRil@~@SlaC
MI-09,24,72,35,0,4715,167.5,-82.520434,42.628731,-83.663524,43.595952,129.3,88.3,167.4,-83.663524,43.595952,-82.520434,42.628731,129.7,89.5,189.9,-82.584111,42.567244,-83.663524,43.595952,46,552,23,q|dcGtgtvNw~Pq{B{Q_eAayHswA}eEhkAq~CkRsJ~kAsqMtt@_rFlKifAqhBwvAMahBbjPvdBlpFaXbvh@kaAr_EvBt`LcdB`yZukoAfbBna@n}x@ajSd[id@bsMgwPtLvFpqYhwCraKweAL,uyaiG~os}NveAMiwCsaKwFqqYfwPuLhd@csM`jSe[oa@o}x@|dpAkxA~hAybh@zaAg~D{T{dM`s@wlDaEqmUkbB}oFziB{{OzqAkBhbA~fBxvFT{K{n@||MmSrJ_lAp~CjR|eEikA`yHrwAzQ~dAv~Pp{B
MI-10,24,72,0,0,1392,55,-82.782592,42.570882,-83.206371,42.697599,30.6,23.5,50.8,-82.885674,42.455157,-83.197036,42.705508,32.1,23.5,55,-82.782592,42.570882,-83.206371,42.697599,0,552,24,_sybGdngxNuuAhk@_n@cImHfk@fLx\gYpy@jtAxCKjw@tr@ltBnZ`xDhPpmRqfArzCseBvqCafBhdBudBeCzHMbDrb@[bdOuf@hbCsgAlwAiSdeB{p@|]ybAhGH|cBotDhGb@|l@yVhIr@`P,w_cbGlr{xNmKc_@_oAvn@qn@xEuRbtAj@vqAwgA^yU|Zzb@vcWevYln@nIbA~BdhAwCr}I}e@p}BsgAlwAiSdeB{p@|]ybAhGH|cBmwFjJqB|J
MI-11,24,72,0,0,283,60,-83.190518,42.449665,-83.555639,42.618699,30.5,27.5,53.6,-83.557798,42.677266,-83.112984,42.451357,36.9,27.5,60,-83.190518,42.449665,-83.555639,42.618699,0,552,24,m}abGvcwzN_}@jFr@by@udMfTpEoc@m|Bb~Ae^vk@swD~~CnIeEtKzh@hKdaHsd@lsDdTh_DgC`g@ue@gS_g@`[gL`rBfx@boCEd|AwS`w@wBdkBhGziFel@lAfH`tFk}AfNhEtgEmn@lA,}kncGf{~|NVmYbnCqE?xMda@}}AwD{yGme@inB{_@k{F`JgcAuDgmFtWedA`vBqjDtMsv@xZs]vDiz@fz@_MfjB{aEiFgfG{p@wsBhm@ydEjDqiEz}@_m@zkEwMbL}a@}AekDd]ej@tsH}MviAvLveEe`AT~V`|@yBNzQ
MI-12,24,72,0,0,103,42.1,-83.395981,42.292601,-83.210111,42.522246,25.9,18.5,42.1,-83.395981,42.292601,-83.210111,42.522246,25.9,18.5,42.1,-83.395981,42.292601,-83.210111,42.522246,0,552,24,wgcaGzg_|NwOVs@yp@}qDrE{iAgZgfEvKUi]suA}WoS}xXxl@cuAgD}|Ak_Zbf@y@}qAm]H,wgcaGzg_|NwOVs@yp@}qDrE{iAgZgfEvKUi]suA}WoS}xXxl@cuAgD}|Ak_Zbf@y@}qAm]H
MI-13,24,72,6,0,4955,60.1,-82.890218,42.395049,-83.406972,42.283393,34.4,31.6,56.2,-83.416768,42.212678,-82.886022,42.446474,37.3,31.6,60.1,-82.890218,42.395049,-83.406972,42.283393,0,552,24,ahwaGzn|xNnb@j\tt@n_CnUzqBxe@f~AzWpeC_NvHdhBxoGmNdItf@dkBbkApzChXhyCpPpLfq@sW~]|I|bBzeFzy@xr@bbBhaEjjCb|Cc}@hkE}Vf^sKsAxMhr@~L`yHb`AjrCnJlaOeU~Oq~AsHwfA_]vNrnCoUd@,gts`Gxic|NoQcIk@a_Am[sRYweBgp@yJmtBuvMesAgmBeTwcAcL{yIxUgb@`~@qmErIjCodA{s@c[wv@wy@au@__Bo|Doz@ut@ofBoiFid@cB_jDlxAo`@ebBcdBctDoh@qmBwa@}f@ol@ykCiFehAqb@w|@yz@usE{sAqvBcvCqwAfg@elD{k@eR
MN-01,24,72,0,0,4578,355.9,-96.351919,43.84437,-91.279625,43.516785,307.8,258.9,351.5,-96.446998,43.7768,-91.279625,43.516785,310.9,258.9,355.9,-96.351919,43.84437,-91.279625,43.516785,0,552,24,ijrjGnvakQoOwzT~qHejDtc^|BH{vjFwpDgjdA}wAu`DlgE{aeDiiBs_q@s~CmvTncDgyYva@wjm@uaCw}Ed\gto@iuf@enn@cxMwm^`@s}o@txBiqO|[}cZcaDoug@|zFqcJvc@cjGugC{yZroB_xIxeHkzHv`Y__G~ii@do@,_dejGvhtkQHqxAd}_@_AgCwoRk~DcdVhEuzjFwpDgjdA}wAu`DrgEgudDoiBglq@c~CgdX~bDmkVta@wlm@saCw{Ed\gto@iuf@enn@cxMwm^`@s}o@txBiqO|[}cZqaDsmg@j{FmkJvc@cjGugC{yZroB_xIxeHkzHv`Y__G~ii@do@
MN-02,24,72,0,0,1064,147.4,-92.775554,44.85487,-93.996417,44.271416,99.9,73.8,143.5,-94.004353,44.24306,-92.775554,44.85487,98.3,73.8,147.4,-92.775554,44.85487,-93.996417,44.271416,0,552,24,}uwpGdfguPhdArtAcYxvd@wk@heAilE`}@`rAzeE{@jdGp~Ab`Cm[xoHpkHpiDjhDfsDvxHpyNvz^b{ApNbzFjuDpCtAp_g@bfJrAMv}FreKqAzvBtzBz{BvAlAtv[xcJxlM|s@rwOmWbzE~jLf~DGnuDokBqbA,cf`mGdfw|PwcA~PFouD_kLg~DlWczE}s@swO}cJ{{MiAsg[{{BwA{vBuzBgdKXm@s`[mfJ`A{@s_SmsDoE_AkbGik_@wyAsuHsqNcgMiwJfM_vGm_BqbCxAs}Fy{@etDnaFgxCtXkwd@idAstA
MN-03,24,72,0,0,406,69.6,-93.761847,44.909183,-93.332996,45.207545,45.8,31.8,56.2,-93.26114,44.816808,-93.614674,45.20307,40.8,31.8,69.6,-93.761847,44.909183,-93.332996,45.207545,0,552,24,kibqGpzg{PpUoEjVisA}rKm@yVe|A}lBtAgIwX}By_BjKe`Ba^qkACghFbYkhA{T}sAfh@kmBtA{~DrM}xAvv@ooCyVgaBjMa_Cb\i{@hF_fEwpGsJe{Aq[wlDoEo`Bya@ejBHkHua@~Iy~Arl@ywCylBlGs{@m`AewAqOupAzRspHPm[pZo~Aeh@tBwgFlM}j@hYkVKqy@_dAgUhEvW,ahppGbafxP_MvjDimGhApYvdHaGtcNmi@pkBebCngA}|KxhBmgZioAuuCfhEwlEtmC_fBtqCm~@vRixBvoCowAlD}@hhFhm@r{C
MN-04,24,72,0,0,1233,54.4,-93.074771,45.122308,-92.775649,44.885428,36.5,26.8,49.2,-93.221321,45.111943,-92.775649,44.885428,35.6,26.8,54.4,-93.074771,45.122308,-92.775649,44.885428,0,552,24,m}krGhtawP_J~H[h_IbkEkCja@}e@j~B_}@lTuYhfBDj|@q_BvpJaMllCjIfMe]kQqaAlPog@cCiqDvYuyH[ms^qKwfB}}@yiFpXaOznDr@n~@hRxsAdw@z|@R~x@eo@,s|irGfh~wPv_BeeDjnEwlEzz@{yFtbBkxDj|J{RvcCpNdSwWuNkkAnPih@cCiqDvYuyH[ms^qKwfB}}@yiFpXaOznDr@n~@hRxsAdw@z|@R~x@eo@
MN-05,24,72,0,0,308,39,-93.248489,45.120039,-93.190067,44.882381,27,17.6,33.8,-93.286998,44.86656,-93.248489,45.120039,22.8,17.6,39,-93.248489,45.120039,-93.190067,44.882381,0,552,24,gokrG`rcxP`^QNkg@ttE`I`eAl[fGhX{Kz{EnjCiQ|eB|QrvAu]`lCjCdk@|`@xeCaC`KgP_LylA`QmS`k@jAhl@h^tdJ~AjIoLQo|AkYip@zFqQthEnD{HkqFcd@s}@stA{z@,__zpGvbkxPbBveAky@CeuAkUyDafBiMcSebJkB}l@m]_u@aAcIrb@lMnaA_IvMgfCbBoi@g`@{hBuC}r@ZkfAr\yfBwQqbAnPw`AkS`PabFk{AsYyjDbAyf@{KD`j@a^P
MN-06,24,72,0,0,502,166.4,-93.630575,44.71714,-93.028272,45.215653,111.1,80.4,149.3,-93.836718,44.673507,-94.145108,45.815995,98.5,80.4,166.4,-93.630575,44.71714,-93.028272,45.215653,0,552,24,cy|oGbfnzPgErnBqpBi@kr@ll@yv@woAefFoAckBt~@oXjkDam@pwAwHnqGyn@hx@qo@`pCu^~gH{pB|DkbBik@cdOngDqfAxdBeIfgCwvBpnCsuBlBcz@p|@e_HxDa@yfGe|QeEkV_mA^}cJhRou@so@qzOlt@shFcfH_Fyd@qiKcg@uoAsr@ekFgqIpaA}jAkv@gl@nGfUu~@d@koG}sDbAnDgcYjm@{uBZy_K{Veu@hV{a@nAc~EpdEmJ~SkjAf[}tLoi@e~@CaaKjiEh@~Y_uIxyO`m@iD{Xy|HaE,mhtoGnnv{Pe@poAwf[QsbAocDa`HgfAmfOdiD}dAdeBoHdeCwvBpnC}pMxeAa@yfGspWtg@kjVg|OwaCx|Dy~CdCkcIf`Ogtz@fqCi~EnbGqEvvV_kJf_@Zr~Fsy@dBnNx}@
MN-07,24,72,0,0,1778,624.3,-95.097149,48.722122,-94.859165,43.984237,463.6,361.5,554.5,-94.859165,43.984237,-97.065765,48.991974,409,361.5,624.3,-95.097149,48.722122,-94.859165,43.984237,0,552,24,g`khHdtlcQcrQrfFe~Qvne@tyMn}nB`oYlat@vkwDpuPnCnxy@puMoAzdoDulKxabBu~kAjol@yfs@foe@euwAvxe@aaClld@odeAnzoDsrAprBjkWzm|A`B|@}`n@bzKe{B,otmkGxd~aQczKd{B}@|`n@{m|AaBqrBkkWozoDrrAmld@ndeAubf@|_Csfe@ttwAknl@tfs@_ebBvblA}w}DzlKg_pFnf`B
MN-08,24,72,24,0,3387,617.9,-95.342612,48.645034,-90.564187,48.080502,379.5,302.3,498.2,-96.060336,47.368681,-89.62612,47.996251,373.1,302.3,617.9,-95.342612,48.645034,-90.564187,48.080502,0,552,24,m~{gHhr|dQveH@MceC|xAa@@{{M}dFqxQybQwBkz@y}Gfv@q`[_qIf@vdJsro@qFmv]tbCyhRus@kd`@r}AefDd`Ek^n{@caUfeB}_El@_gs@`gU_rE_aA{ys@cgE}rQzB_{KtuH}JvpNi|YbzAaxEjRar]dhGcpNxtNlVfve@qk[lx]jb@vqIk`MftEooNxpQwxD`qLxZzlBmkMdwDiqCr|Un\cAqaH`~H~w@_bAc}E`lDqt[leMmxMj_@iz`AurBo|D_{Aafa@xnDqve@|vHczT}MedOhrDsd@rD_tKux^eqg@uc\o`t@klRuno@onGo`d@czCgjCksArfAalNoeMmcFdA}sEjoL}aEkd@k{H`xIecFhk[wpB`hIwi@gx@,gub`HbxhiQtnGfg@byAstdCylJM_yA}t]yq[|lCdaB}pr@vbVgkf@n{LiugEble@ym_Bbyt@knsA~}DaumCmtB}{Qqzz@i{iBcwy@agkAsm`@a}{@s|Ogmj@amc@mnnCweSgy_@
MO-01,24,72,0,0,2030,63.9,-90.433533,38.8179,-90.163317,38.823174,22.7,22.8,49,-90.264149,38.539731,-90.316181,38.867246,28.8,22.8,63.9,-90.433533,38.8179,-90.163317,38.823174,0,552,24,{r|kFpx}fP`bAobAfC{ZgG{MrYy[nTnAqcAsbB~@yv@dM_a@_EaIwa@wNfDy`@qCyPnyByiEff@_uA{i@ga@bB}tCbNe^mDiOpEqjBqC{sAgQ_\sL_s@dVyaBfAamAka@if@cF}g@qa@kJyYab@rGa]cAm[nJ}ImDc[nDaw@zk@{U|LiRlO{aD}f@{PkMdDcN|Usa@jQyk@r}@sF~]sO|ZvBrS,ihfjF|u|ePwCqIua@tq@yg@uAuHyo@sc@qi@{WgkAaq@gf@a|AegCwz@`DggAiTwq@u~BkhAqe@e}@P{aDjiAcnA|t@ol@lfAoBniA}jCbxBkp@yo@gq@wJqrBjjAimCdl@{qAv`Bqx@t_@mcAnfAq|GzwDomA_}@yk@`f@cScSyFrL
MO-02,24,72,0,0,1400,201,-90.650937,37.776826,-91.598512,38.678324,114.4,85.1,148.9,-91.504953,37.804448,-90.400001,38.67785,106,85.1,201,-90.650937,37.776826,-91.598512,38.678324,0,552,24,ehqeFjghhPsi@xuBirAon@w~DfbBc`AbkCk{AqHy`B|~Bm`AuY_bCvpFqfDrn@wFjjAwtF{_AqvBhm@chEa~AgrF~Z}kBacCapAxEqpGpaIgpM`tGm_@zaCqpDbyAwrAkq@e~Exh@_yC~bBoyDv~RaiAchAu~O|tAiwBnzAq`NfBa`I~qUvGtgHu~BteU{lChhD}xBjvHgxF~dEq`BvlDsAluBtaCpeAlcHj~Jgb@nkDqnDvwDxeBprIefBl|Au_@wmF,ytveF|`omPqnBssCl\k_H}uAzKqfD{cC_xGjr@ytGos@}xAeqA}l@qlF}{@tkAqfQvtDgcQugc@msRwgTe~D_bAgk@s`EuoF{nMioFmnDuuB}nFakFigB_eDuwIqnBcoA}RmmPo_CwvMiIijV_xBklBsx@ufDy_Ay}OkcF`yBitLIyMgjGymCe`@
MO-03,24,72,0,0,2393,225.7,-92.128705,39.657463,-90.187582,38.880109,161.8,121.7,185.8,-92.450497,38.862684,-90.187582,38.880109,143,121.7,225.7,-92.128705,39.657463,-90.187582,38.880109,0,552,24,cr`qFl{hqPqQwfQliQpE|JipFzxHsRaImcJnRyyCfwAaGdDgqJ~iAu|Fqb@obB~fF{X}BqaGprCscMlMo`GpzMnd@lv@y`nAywA}cElzEw|Fh`CmiHv`GodHleBolH|bXseK`mTtlB`oFyxBffCixDxsKcmAfjC_|FrqI{kFnn@{tn@kaBmfA{jAeeJdmCitHwjGsgBadCkhJmm@gM`Fm~CygFmaCt^ehLnVu~Bjx@T|YkyFffDuB}rB}}E,wjelFrvgsPyyA`}@_z@ud@hQ}uD`vA_bCuh@srImpEa~A{PyiGgoHkYxy@ue}@xn@mkCte@cwVddDwpRdHa~KbgBaaFwwA_tOte@m|LxnImkc@xPqvG~yC}oH~KodM{hAs{QtbDw~Uee@e}D~jA_ut@_bB_hAgjAyaJdmCcvHwjGsgBadCkhJmm@gM`Fm~CygFmaCt^ehLnVu~Bjx@T|YkyFffDuB}rB}}E
MO-04,24,72,0,0,1289,299,-94.197505,39.004529,-92.041718,37.911321,219.2,167.6,292.5,-94.601505,39.04545,-92.113948,37.604242,216.8,167.6,299,-94.197505,39.004529,-92.041718,37.911321,0,552,24,iaamFl}|}PruPjxChgE{OawBlaOcNzsMnm`@OtvA_u@biJhGpiGa}B`jBiePhlDk`LbqIswItKwuD|iH}pRbb@knF|dCwyBboAqcEfP{wFn~EmeJ|PctK|cCue@`YauYtgGeGleD{~W`mDowBz`C`KxjAeyAkbCemPlsDcv@lzBswDp{Dyr@uBouEzeFe{TvPyuLrlFmqFa|AwyKkDmzMhaAynEcYoeBlmAsgBse@_{ApZoqCzuLwyIv_@a`CtpCaqD~_\un@puKu`DzBa}K~p@e}AzaEadAuiBmtJtl@q}Ek}A{~IaoBenb@u`EucIkr@miP_zA_oBmtAlT_i@wrA}qCsu@ylDrnCotGot@eE}pCpoBR~m@koBn~Bcl@,aaimFlzk`QzrSi\jr@igLf|PbDx}MwxFtuO}wLzjBczHnkGczBjwGuf]bqIswIvyIaw_@xeMs}[|PctK|cCue@`YauYtgGeGleD{~WvzJseEkbCemPlkNqbH|sFohi@rlFmqFmaBeuZ`~AyqRjbMktJlqDcrH~_\un@puKu`DzBa}KzsFgbDmjGab`AykBeeExp@edJhgJomFxkC~}CfsJtt@bcJegDc_@}vB
MO-05,24,72,0,0,1787,276.3,-94.512342,38.927233,-91.636287,38.14547,206.9,169.2,274,-91.636287,38.14547,-94.569047,39.007321,204.4,169.2,276.3,-94.512342,38.927233,-91.636287,38.14547,0,552,24,e~qlFbmz_QodDzdBscSy}FjsBcu[abBc{CpVegVr_EnFznHszvDfjFcnv@eWw_v@biX{~ScB}lLpsGgiCraAywNh_KszGtnBvd@~_HunVriNiuSxnAwkMtxGkeLfsF|`@zaH_fG~nBorGHufTzwGysCtgHwtLnxQ|GtBs`G~_Iq`AdH_zE,ehygFxuhnPeH~yE_`Ip`AuBr`GoxQ}GugHvtL{wGxsCItfT_oBnrG{aH~eG_uFwm@wwG~oLqnAhkMaiN|wS_`HtnVunBwd@i_KrzGsaAxwNqsGfiCbB|lLkoX~_T~[t~u@}iF|lv@g~FfwaDc}@vaT_qDwDuT|sPjvAlsJiaCp_[zzGvoDlp@bzH
MO-06,24,72,0,0,4948,404.8,-95.682225,40.506262,-91.851729,40.604706,264.8,231.6,328.2,-95.682225,40.506262,-91.432504,39.690165,262.5,231.6,404.8,-95.682225,40.506262,-91.851729,40.604706,0,552,24,ckfvF||~fQw_@_uBpvEm~F]ysDlxLuhFo~AidDyFqbZuzAeSkWuxeA~`CiErJo{GhkD{|A`]yiQhaGimB`Gmv`@|eRnb@lSyaPv~Bi_Az[coHyyC_TnGueZwwCif\llB}ac@imB_zElCq`[yhBosJ_|Hc~Dyp@szGkxEizEajD{tNmfA_}Wi~FoqGubAssQqgAulgAhhAun]ouCawNiUsnf@}wDccAm`@k~TnpN_}Zop@yvfAx~Eykf@kkE`hB}wNir@eiKnkFoo@`wO,ckfvF||~fQw_@_uBpvEm~F]ysDtad@u~TrgIgmKfvGuzJd}FygTdqLwzFveSqic@dz@_uHdsTw}^`dTalBqtA_ftApnAigy@t`BirFkS{sjAkeFgdHyi@qs{AhoB{sRz|@w}qCrsOig_Awe@coK~{A_uImZweQisChG{Ueiv@
MO-07,24,72,0,0,989,248.2,-92.78163,36.713357,-94.528235,36.503747,169.9,115.5,208.4,-94.614793,37.322382,-92.794127,36.501815,156.5,115.5,248.2,-92.78163,36.713357,-94.528235,36.503747,0,552,24,oqa_FdlhuPwsBqY_dFdjBgvCzfD{DtwAhkBpe@wNtmKarB`HukDhqHc]vqJwdG_@cwBfcAsxCdmFubKqtCelCzeBy\jr`@qhW`MynA~`Fnl@j}Ekt@fiH_bBnvCen@hoFqcEnnEbrAjoI{QpdZdxRzua@`BpwF`iApiEcq@rh{AnrBjaLlzd@zOlnDsbBpjQnnAveDmv@xkGzfCt~Cc@bcAdxA|aDylAhdAvfB~vEbk@xgCxlD|wCsl@hcAlqGjw@gO,{oxbFlmn`QvdBqSh}@u~z@xxRvb@fVkmBwl@eaD`eA_kmBsf@mkEju@u{_@gaAenIrrDonEzn@opFjbBgxCzs@meH{m@igDhWc`DdfAckB|tMmg@vtVrc@bpBxlAhqLq`DrdQr\f^_jCn|Bef@yt@s{@nm@c_BeBsmGjdGwt@cB_gEwpAwnE|{AmXxxA}mD`[_nFhmBqVp_F__GhUkdOzhI_xAfsA|bBxgBvNn_@}qLfjB`Y
MO-08,24,72,1,0,2226,365.1,-92.756749,36.542108,-90.358561,38.452294,279.7,207.2,306.5,-92.900023,36.978791,-89.146064,36.973935,247.2,207.2,365.1,-92.756749,36.542108,-90.358561,38.452294,0,552,24,ec`~EtpcuP_lFs}Av\{qVuzCmgExlBogJq`EckXykKkpB}f@ypIuxCwaDxYofEupDciAfAebE{nRqh@vbCgfMwwSkh@c_Ey}As{E{lJgAonPfxBsgIclFyck@j`Bme\exAwvi@xlD}kIxcDiu`@s{BkhJs|LoaQlv@_cH{bFzW_RqsIykCogBllA_zVaeAa~E_zJxbBsgHidPplA}n[c_LkcAaa_@qs[mzG{cAscTdvCgtUtaJ}zJneLsbI}Oyo]reToyJkgL}nDfaAqvT{lEsrEw_D}s@uoFwni@wq@qkFs}D,mlu`Fbp_vPw[mvA}}CrpBkvD{_MxtBqkAmU_rIl`KqcQelJylEslBijE}nNis@|c@ea_@mgFqz]nSmwRleG_~SjkHe_Iv`KmkDzrDqgKukF}hk@j`Bme\kxAmpi@~lDgrI`dDss`@cfQ{w_@nzT_aYhXi~JtiNgb]vUmnPdlHmuJh}@kzp@adK_xnBexJwo`@gaB{rl@seIs|J
MS-01,24,72,0,0,2795,281.2,-89.309924,33.153174,-90.232409,34.992136,176.9,157,257.5,-88.409445,33.29287,-90.232409,34.992136,195.8,157,281.2,-89.309924,33.153174,-90.232409,34.992136,0,552,24,ifjiE~ib`Ps~VcpCenGyvSefItaBksHvyGqyKua@sdPzqGw|HnOe{QhmPy~K}q@k`LijI}nh@ljMm}HeCiuJp{MeiObhKghZgmDkySdyB}kJixEimb@s~C}qI|~GgvIhef@ykSdj\|c@rjy@a_FhbO,moejE`nrzOwxCx@f@l}DsuDvo@d@`kPu`Zc_Hm\bx_@uph@~x@qak@pwLidK}fFyuz@eBubClcSuzOnjT_h@ppEkwQnxPykIp_TiuL`wKc}@dmMetEloFwuAdpJ{pUb_VgvIhef@ykSdj\|c@rjy@a_FhbO
MS-02,24,72,8,0,4786,437.4,-90.560021,31.009117,-89.505893,33.904465,291.7,264.8,409.2,-91.468511,31.002314,-90.443279,34.737565,316.2,264.8,437.4,-90.560021,31.009117,-89.505893,33.904465,0,552,24,_ng|DbovgPojBlj@fXxoNylGtiBgcQfc[oeGpof@izLr_AafCrpKwaKdrGgbu@iaNcfMncDicJihDklEjo@ims@qmY}`ZjcC_zMewDqyL_|O_r^}dF_~JmpOsgAmdMqpFknJitj@erZltBqra@epFw}Se~AuuWytaAcmh@crS_vEcvn@m[uih@`lL~dD{xj@wyOoz@o`A{}LctGlUqj@ukE,mcf|Dd}gmPolLfhF{iEath@i|D_yBwlm@hxVol]w[g|b@ie}@{qcAs`\wrh@el@ygMcdP}a^ooBkc^duKshIh{Kwvo@izUelXpqJanN}wGiin@jiGadq@wx]i|aArkDy`QkuJm|L}g^sg|Aeb]egIcUaqCzuL
MS-03,24,72,0,0,2333,370.2,-88.682351,33.550578,-90.323731,31.002755,242.1,200.4,369.5,-90.323731,31.002755,-88.682351,33.550578,241.7,200.4,370.2,-88.682351,33.550578,-90.323731,31.002755,0,552,24,czwkEtwg|OlqE`vChrBbgMjjExlDnWdhH|~IUdbQxtIfmEas@`mGvqNzpJtvEp}BdlM`bYa~DvcNhkFrvV`Rx~BldEroMz|Cbn_@muIntWx`@lwU`_Gh_WllAzdMxuL~eShcJbnGrDdKx`DtzHbuFxsRjsGk[poE`e[|}Df~Jzq_@_~A~}Tr{d@ldD~o[fgJroHreHzzAefAltInq`@rvKreTpwOz{HbXlgPrpCflG,gff|DhjhfPspCglGiW{hPkxOmzH}qKg`Tg{Iq}`@wxAzlAsoHseH_p[ggJgyd@ycDv}A}~Tc~J{r_@ig[s|Dj[qoEysRksGuzHcuFeKy`DcnGsD_fSicJ{dMyuLi_WmlAmwUa_GotWy`@cn_@luIsoM{|Cy~BmdEsvVaRwcNikF{dYzgDcyBswLaqJ{vEimGarN}sE`q@c{P_rIq`JmTmWwpGkjEylDirBcgMmqEavC
MS-04,24,72,15,0,2841,235.1,-88.527222,31.874115,-89.579161,30.211665,177.9,130.7,234.3,-89.579161,30.211665,-88.527222,31.874115,177.5,130.7,235.1,-88.527222,31.874115,-89.579161,30.211665,0,552,24,glpaEbni{O|aA~cFnsNakRtsFtaIb_Kl~^mwCnbr@~s@xma@bsBreFbdFjlAzz\tc]`iSoBzaFl}DfwJbFrkK{sDxveAtj`@rdUhsDfwu@vd_@x~LsiKd~LayAxyCu}DbB}gM~nEhaIraDibBh`E|aF,}ukwDv|vaPi`E}aFsaDhbBaqEmaIcBtgMoyCh~Dy}LpxAuvLdbKqcv@yb_@yyT}mDc`fA{n`@ydKvvDawJeEmhFe`EycS`Ds|\ed]ecFcjAsmButFuw@}_a@lvC{_r@y~J___@suFkbIosN`kR}aA_dF
MT-01,24,72,26,0,4511,819.5,-112.190033,48.779668,-110.867411,46.188374,584.6,365.6,694,-111.213786,44.584167,-116.044928,48.710142,523.2,365.6,819.5,-112.190033,48.779668,-110.867411,46.188374,0,552,24,}gvhHtbwkTcX~qIx{HfaAGxwKx_PIvaBl~Enf@l{}@xgQ~sv@gaDp_Klj|@|yyAdi@fgNimUbdNwpZvli@yd@vgUdsItxKvmIvG`}EbrU`v^kBbu@crHtaPi`CzK}rUtpOmtBddOauTx|n@oqEhcyA}}v@ziZ{wY|{MixAagGeec@ztKwae@l~ZshQt|Lcqd@lf_@uzTll@d}Jr|HjxExgBdtTzkF{uMfkPyk@hgv@x`OrdSgaPza@k~Lv~p@bxPl_\{lL`{QrlInvu@s`MebE}aMyew@i}l@dfLkjWna]eySkNmdSxyGs_RwbG_~Ju_@msRegp@}pKeb@ofRodKoxJuwCej`AeitAm|Ai_CczJhjBwtc@s`NmuI,azboGdmxeT~_@khGidNyiBsb@_tI{jVdtAuuBtxV{tLj{S`uG~zRmlGnaV{_UvwOgcx@`dEwkMztGdmLdlb@yyGr_RjNldSoa]dySefLjjWl`_@zxUze]brc@cb^jhLugWhg@ifQ{jI__\zlLwnq@y}QmOn}McmSxhPwsu@}`OukR`xAohf@`d|AuzDz}|AqgJjhDycQvwa@faAjzN}uOfh]ikc@icP_lZdqZwwOlhkApdE`jMooBnvV}h]pm^esRr|wA{dMpqDofk@fit@uxK`zEomJhbYwvJsxMswFd{Oozx@e|GkxDrqLyr\pwWe~RvfD
MT-02,24,72,16,0,4280,799.7,-104.053381,45.689426,-112.791823,46.879603,575.4,460.5,703,-104.07474,45.035401,-111.944783,48.998261,591.6,460.5,799.7,-104.053381,45.689426,-112.791823,46.879603,0,552,24,}uzuGr|azRidPr}HczMraUklgA|pCseJ||Lylk@whOctg@veAakt@_mIaxUp_kAot@dy{@qo[~zgAcx^ntw@baUzrd@aqFl~qCvwCdioAh}Lrvi@vhV|fj@j~[hi_BqpPlquGddCf|v@r|L~rXbDdrKicCneV{qHpnFusCdqm@}dNzxPgwRrxp@y_Fxk`Auy]bbg@qaUznaBnpLnknAfv_@hk[nkJdxW~mj@ly`@rqNfoe@hmBv}]~wCotCloGbjM,g~zqGbbfzRcuEn|PgcVnjUzw^rrXyy}@ncaDk~Upgi@abPdwqAq~A`k|@smLbcmAz]zb[nbSxaj@z_Apwd@u~J~cy@koLjpCk`R~pUi~DrlsBk{Hhsg@~nEbuOuaBvlZktUrpHav[`zd@grl@hnMfg@xxjAkrYxc~AehFueHgnbBmaCicCryV{qHpnFusCdqm@}dNzxPgwRrxp@y_Fxk`Auy]bbg@ceUbxaBma]x_XszQjFum^byQ{sf@ry`@src@fAov_@{xMomg@bI}fS~Jgc]j}N
NC-01,24,72,20,1,4966,308.7,-78.419333,36.538411,-77.070106,34.834584,222.3,163.2,268.8,-75.658022,36.017751,-78.555772,36.350046,202,163.2,308.7,-78.419333,36.538411,-77.070106,34.834584,0,552,24,al_~Exgs}MvpEmr@lsFf}DrvKckC{rBq~LpxBk{Cg~GohWxmPw|RzyFe~P`cJczGh`IhpAxhNcaHhfJveA~mFysEflIsa@jeCwyWhaComBlzAsaPpkDuwEtp@_vPjeCcoChbEuqZmw@oo_@vaDa`[~{Yd}AviTquA|sQjbI|pZxnEriRueNxqWksKnoBfvDhvYwgPtvk@gtAr{Cp|WqiMrzEshBtcEcqGgvJ,}uyzEr}wlM{yNh|InuBnwNkaEx`EogHnnE}vN|fBgw[dtR_[|wNh}FjrQbsHnsJkhEreB}zNn}TwtDd_h@i|@~yVjxBxlMsxDfqLna@dvFvcKplP_bEh_Q}uAl}Yz[~zjAyoElnH~pFtuBabFlmh@lcH`~Z}|B~uMa^zrYrxCxhPb{NnpWuqBlgK|p@vvN
NC-02,24,72,0,0,171,56.2,-78.307693,35.818534,-78.865865,35.8067,41,31.3,55.2,-78.865865,35.8067,-78.307693,35.818534,38.6,31.3,56.2,-78.307693,35.818534,-78.865865,35.8067,0,552,24,yxryE`n}|MdElNyrBrkApDxdCdn@nsBf_@jpC`pB`eGfdBlg@~m@f|@~w@ri@pd@fuCqSfxHgoAxoHlKhK~wB_Ad^x[~Jxj@u[nyCf^fqAaId|AbIx{@wZfdB~`@ryD{@liAgk@ntC{bCdjBug@Ea]mZm[tdAzEjr@am@xf@zGdlCbw@jfBru@lESjT_z@|~C~TvpBaOZmz@tjAyZfDiCsZ,{npyEtnj`NhCrZxZgDlz@ujAxOe@}TipBxx@e{ChFkcF|j@a~@_YufBlbAsrAz|@kf@fi@_rCr@klAm`@gtDlZseB{Hi}@lIizAi^gwAl[avCyH}f@iYy\irBeNsNuStfAg}GzSoeHq_@iwCakBurBukAoSg^{ZieBilFkd@{_Dim@umBrFiwChbB}`AeEmN
NC-03,24,72,4,0,4373,176,-77.515838,34.442936,-77.745918,35.792884,111.8,99.8,168.7,-78.242949,34.583477,-77.27719,35.792679,118.9,99.8,176,-77.515838,34.442936,-77.745918,35.792884,0,552,24,kcfqE~xbxMyrH}mPysCl{@ebEcTqnFnxDiVlkBk`D|YyhJacBqqFzoAm|Ew{C}wAb|DsdRjnJonDtRknBdiF}jOtyIua]jBalGwyBsoCfTehFupAgn@eaAg`AxeG_uK|mBkjIbj@_qIkp@}mJb{BugG_YakEziDggFyq@uyI|tOyjDjb@qoIa^uRy~@giGhVkx@{bBzh@}pA,wqarElyp|M{xJeZinMajFgeO`oAetFewQmnIqlI}lEudIgqAmhH_bBktB}xE}xA{_Eu}LewDghB{p@esJ}`Amz@am@s{FgzNkaEivCgiEk}Fm{C{nE{aHmMsaDwrC{~AycLqkP}rI}gEw}Gug@w|MhxEwdHuTkiP_aIrZ{{G}fA}Qi}G}yPo_@}lDswGsz@glDzxG
NC-04,24,72,0,0,918,111.2,-78.902283,35.585696,-79.230171,36.239097,71.2,51.8,93.8,-78.798401,35.575411,-79.230171,36.239097,65.2,51.8,111.2,-78.902283,35.585696,-79.230171,36.239097,0,552,24,siexEfrq`NnmBat@pmCzFmEwdAyhEwtBotD~y@qbAieBiuAag@{`AcnAc|Azy@{jAcw@awBmI{P`uDq|FhzCkbHmg@usHfp@opAqp@_pAqmDe^|c@cbFlmA_b@iRkr@j`IdZ|hHc}@bgAmnDt|@ugA`_AmtAraDzElgC_k@dfBctJ|yCwb@tiBi~BnmBexAxiGg_@xUopChYokDkNg}AodAahCrSmf@btCiiAxlBcfDdeAqaCxpBqb@cs@,iicxE~h}_NouB~@koBbx@{oFpsFamFix@{P`uDoxFryCmfHwf@usHfp@opAqp@_pAqmDe^|c@cbFlmA_b@iRkr@j`IdZ|hHc}@bgAmnDt|@ugA`_AmtAraDzElgC_k@dfBctJ|yCwb@tiBi~BnmBexAxiGg_@xUopChYokDkNg}AodAahCrSmf@btCiiAxlBcfDdeAqaCxpBqb@cs@
NC-05,24,72,0,0,678,266.9,-81.727966,36.071371,-79.525102,36.457379,176.3,132.5,257.6,-81.893274,36.257117,-79.525102,36.457379,170.5,132.5,266.9,-81.727966,36.071371,-79.525102,36.457379,0,552,24,aed{ExnyqNhnFcuCv\o|BdiCxq@dlBs}AxzDoPtgDn_Adj@qiAsmBioEiHqwEy_Hw|G{`DewJonCknCy{@mnDw`AkTuwCotP}pB}vDb@obJ_tAqy@}`DkdMlv@{qIy_Co~YktBeg@irEv}B_}A}zMsjHygMihAagFmhH}cD{oEvXonNs_Ci~HwaF|_Iqr[yd@ynH~|HwsJbkAkjEatDskEmdAapMyyCskH~oA}lIrlBapAb{@esEy`FmdHx@gqAuwGg{Ggm@eiGflD{eKeT}gGrx@ccDmjBuvVt}BmdBiy@aaF~nA{kA}h@awEpiBchIcwA_nKtmAsfF}gA{l@|HalA,_nh|E|wyrN{`As{@rsA}eBhE_kExm@iq@eaAaeIf~AciAlzCekPqiDwkZ|lKa`\z~BwxBhrA{sHsVenYyrAsfGidBf_@g_D_zJkr@icHjl@_kGqqAsyDwG{dEkkHojMihAagFmhH}cD{oEvXonNs_C_~Hy_Fr_Iot[yd@ynH~|HwsJbkAkjEatDskEmdAapMyyCskH~oA}lIrlBapAb{@esEy`FmdHx@gqAuwGg{Ggm@eiGflD{eKeT}gGrx@ccDmjBuvVt}BmdBiy@aaF~nA{kA}h@awEpiBchIcwA_nKtmAsfF}gA{l@|HalA
NC-06,24,72,0,0,666,130.4,-80.712829,35.384814,-80.145792,36.254051,85.2,67.9,130.4,-80.712829,35.384814,-80.145792,36.254051,85.2,67.9,130.4,-80.712829,35.384814,-80.145792,36.254051,0,552,24,ab~vEdfskNgEdl@gdCci@v^iaBepEu}Fg|@qfHgmMjOgbCe{@o}S{aXmmEqnKcsGy~CkwLukPq{LqpD{wAcbFmbLd]kfD}`AynMswSgyDqbAyvCcvDiiBo`@a|AlgCjBxnC{_EfvB_tFkzDwgCt_Ax[|xB{cC{XyeAroA,ab~vEdfskNgEdl@gdCci@v^iaBepEu}Fg|@qfHgmMjOgbCe{@o}S{aXmmEqnKcsGy~CkwLukPq{LqpD{wAcbFmbLd]kfD}`AynMswSgyDqbAyvCcvDiiBo`@a|AlgCjBxnC{_EfvB_tFkzDwgCt_Ax[|xB{cC{XyeAroA
NC-07,24,72,18,0,1022,196.5,-78.448291,35.106122,-77.554787,34.465951,121.7,93.9,174.8,-77.554787,34.465951,-79.126582,34.88469,119.3,93.9,196.5,-78.448291,35.106122,-77.554787,34.465951,0,552,24,gtguEx|x}M_tA|JqZr}CtuApcDcTj~EfxA{I~zEbuCjfHkiA~L~iIthA|mFjoGjr@`iAioDvgKmgGrrF{oM~tMseIzfDmgGztJw_GtkCuoEh`HwbAr}GoxJjqAhIzt@gpGci@yiDt|CgrCc`@g}@dq@{iI{q@azEn_JgdCnyMme@fbU_yMq}DajErx@w~Eiv@s`G~nAatMywZe{^_|C{aGjm@guC,esjqElljxMqUhnDjcCtiFfzZtb_@wqAljMdv@~`Gsw@bhFjnGjkHiVzgN~~BjvBsmIn|Wk|EnhCs~PlhZik@h~CiyN|cKsxGz~Ii{Ej~KlJtuH}oD|pDcpCtvKq_CrbBuaD_Eu}EhuJ}mIlmBmfAv{Jvu@hxFaeAzcKe~EppIwwGrgFb{@v_Byb@hqF
NC-08,24,72,0,1,457,188.4,-79.120266,34.402716,-80.486125,35.496845,129.5,108.7,159.8,-79.018963,34.573199,-80.817062,35.116583,122,108.7,188.4,-79.120266,34.402716,-80.486125,35.496845,0,552,24,_h~pEtd|aNktCtkHqxGzgEc\v`FsxIpqG{{@paCizPzsF{iIjiQqrLj{CuUzrCmsF~aFm~B`|IqwHjoLl{An~PehEpxHcmDrq@_kE~dIfKp}FypBpaLeBjqR{{Ax`FouLqQ_nIt}BeuUlYerElyG_mJjmAaqBl{DcgC`[mf@fsAyuCdvO_J~dNseBboImeMvhBdgAhiBedFvfB,oq_rEnkhaNa|BnkJ_M~yS_m\lr\{fBx_Kf_@xgO}cEn}CwvDbqLqwHjoL~|AtzPwiEj|HcmDrq@okEpfIvK~{FypBpaLwBjuRyuFzcZjmA~}K~b@vm[ekArjBw{Ab_Q{~NlmTy_@duBxn@lrCuhE`}Fhw@|wGik@zcAddBphGcjAoIzB~dA
NC-09,24,72,0,0,895,192.3,-79.852173,36.180138,-79.098599,34.912124,129.6,97.3,192.1,-79.098599,34.912124,-79.852173,36.180138,129.5,97.3,192.3,-79.852173,36.180138,-79.098599,34.912124,0,552,24,{ly{E`ckfNyhBl{@qlEmnSsF{kBzqB}bDuH{fDh_LyjApkB{jApbDr}EliHimAplEbaA{CvhAlvC{tAfmFp|@bkJ{sEryJinLp_JenN|vGkrO~tHyz@fvIqdIhlB`d@raB`hC`_I_t@dy@~fBdwBtPvoAh}AhmIynDndKfl@nuFq|@|xXllIvgDyJlsGkmEbzC~aBvZ{cFbpU}aPrcCifK`xBiaAfB}cDp{Ag_EpjEcyEpn@usG,wwatEf}waNqn@tsGqjEbyEq{Af_E{A`cDmxBdbAscChfKcpU|aPwZzcFczC_bBmqGnkEwiDtL}xXmlIouFp|@odKgl@imIxnDwoAi}AewBuPey@_gBa_I~s@saBahC_mBme@}tIxcIovHf{@m}G|xOmsIb`Nc}JzpLe{JzbFm~E}dAmvCztAzCwhAacE}gA_yHrbAo|CclEqkBzjAi_LxjAtHzfDmqB|aDdFzlBplElnSxhBm{@
NC-10,24,72,0,0,602,153.9,-81.411566,35.423196,-80.249703,36.254298,113,88.1,150.8,-81.411566,35.423196,-80.141359,36.174559,114.8,88.1,153.9,-81.411566,35.423196,-80.249703,36.254298,0,552,24,_rewEhu{oN_`B~]bUm~CgnAijDslE|wBiqE}dCiYfh@_}Cow@o~BuzD_}DeuAmwDlf@mmC_iNshA{oAilFs\wbCsuDwhAetN_eKg{`@_|A{}KggDiRccBy|AuwDtq@yxIeeAqwQm`FyjPkc@hp@aom@ea@}rDf~AspGbGcaKeyB|_@wuA{{Af^yeAqgCwgHwLslFm`Dr^}{CciEyiE}^gmBaeI,_rewEhu{oN_`B~]bUm~CgnAijDslE|wBiqE}dCiYfh@_}Cow@o~BuzD_}DeuAmwDlf@mmC_iNshA{oAilFs\wbCsuDwhAetN_eKg{`@{{Aw}KkgDmRccBy|AuwDtq@yxIeeAqwQm`FclPee@rq@gmm@q`@a{D|uF}r\|b@{xKygCe|Gl\qnC_fAgrK_rK{eJyz@hY
NC-11,24,72,6,0,4741,334.9,-81.823074,35.982318,-84.226157,35.229158,204.2,152.9,271.8,-84.163904,34.991609,-81.873487,36.186619,198.2,152.9,334.9,-81.823074,35.982318,-84.226157,35.229158,0,552,24,oxrzEdalrNmpAlUsZpgDetAkKplAfoDabBfJvcEdyAzb@fyE|vAdvBr~DumAnlIdBniFvtFv_@tnCjoEfuD~zKbzBoPzjAlqBd}@jfEiy@vpEp}NzgBlfAlNsfAneBbgFrUjtWvgAhaCxnBhzVblE`hJqk@roLrl@|zCMfoTbwApjF~OtbGshBfmIzoAnyLd`Bd|@~H~{CvqB`_GlfHnmClb@b`FzpCl_EmBxvAfzEvcEtFhcNteCvxE}sAjdEpn@b`BwsA~gAedAkXpFdeDmpApl@o|BxeGrjAlqKngIttLaHfoE~}@dbB`~Cxz@d|@zdBuXblH~qPfkNvbB~iCyM~gA|rEpjGkcAr}HrsClsMblOfzVosAv@f[|qBot@pc@eqEqdB{eFfzBivBdsJV~rBvcA|Jro@hnDuXfnCmxBj~AqpA|gD{b@}c@,qhqtEjgu`OquAk`Eo`LanN}_AkpD{qFa_DclI}wM{aEqlPjaAydI}rEqjGxM_hAwbB_jC_rPgkNtXclHe|@{dBa~Cyz@_~@ebBpI{nEegIurLakAutKvnBsiFv}AkhAqGicDndApXbrAeeAsl@qcBvsAuhE}dCquEgGgdNczEmcEhC{tA{qCuaEgb@i_FegHqnCwzBczKmcBgrA}lA__LvhBksIqOm_GgwAaoFlL{wRky@wiEhk@gvLcnE{nJulByrVohAqcCkRqfW}aBooFwUdcA{gBmfAwpEq}NkfEhy@mqBe}@nP{jA{yK{yB{oEevDk`@_nCmgFysFsiNlX_iAfeBq{JexGa|Hj_BwxEypAoqFaaHmb@j_Agw@y~@u}AjW
NC-12,24,72,0,0,293,50.9,-80.749495,35.378739,-80.835244,35.069239,29.9,21.9,50.4,-80.835244,35.069239,-80.749495,35.378739,28.5,21.9,50.9,-80.749495,35.378739,-80.835244,35.069239,0,552,24,c||vEjkzkNqCrb@bLxQyM|a@rd@DiIhh@~Nty@j]bAKwxAhs@wfCxn@ij@|\{BtcCj`ApvArhA`kBhn@zaAn|@b[jkBblCrDrgAon@xO}i@fr@w`@ptCjo@t{@t\xz@|y@|M|w@vX`I~lAxbB~qA{J~{BvhBbc@lD`bAz_B~rApWfkAnFrp@eg@`j@eKjc@u}@nb@zIzO{XoHwU,wm`uEfcklNrGlUcOxWca@iJmb@~|@uj@zKqa@t_@e}AVgrAiWoaAa_Bcc@mD_|BoiB_rArKglAkcB}XuGoJss@c}@w~@e}Buh@{t@mc@_q@rGc`@bWgOdj@ehA~n@}bCuDqm@gyBieAuy@gfBaj@}pA_eAwxAwd@}o@}{@eNhBefAtdBeLyRpNfEwdAj_Bk]q@wCucA
NC-13,24,72,0,0,1086,307.3,-79.334928,35.516162,-79.509222,36.484233,193.2,106.3,231.5,-78.283001,35.318475,-79.441836,36.536946,149.4,106.3,307.3,-79.334928,35.516162,-79.509222,36.484233,0,552,24,_wwwEhbfcNvOqdDlpGgyPgw@}jFn~DqkHtxDogp@xyBshK_bD{qBiuFyn@ibGebGw}BmuGc|GevAqlAmwAsz@}xO{lDkxMe~Ek_F}kB{MhRmtEqs@cuAikDilAmcCo|C_c@ivTw`Pm~@{qA~qIicHfrGuiChRcnIt{J_pIdjDcjFhyH_uBph@eNxyCo`FpbAkfAnqEhxArpF~BvgFi`Gv{Ji_Br\asBiaBubK|fC_`JoJq{ExvCgo@n`Xi_EbtQ{uCrgAd~AvxO_`Dpg]hgBb`GipBzvDsGhdFyhBjnB}jT~nGpxBrwByDx`InrAhxGfpBog@,ocqvEvsx|MidB_`LaiE}pB_}EwnAqv@vm@oaIel@q^r|@gWi~@cbEzW{lCw_BskH|sBcbCsW_~IluDk_DlcEsh[~zB{qA~qIicHfrGuiChRcnIt{J_pIdjDcjFhyH_uBph@eNxyCo`FpbAkfAnqEhxArpF~BvgFi`Gv{Ji_Br\asBiaBkuG~rBimMlGuuC`fAeiAzzA}h@zkWmjCtmInQx}AkhAbpD{uCrgAd~AvxO_`Dpg]hgBb`GipBzvDsGhdFyhBjnB}jT~nGpxBrwBjDnuHefCyaAwGeeB
NC-14,24,72,0,1,1967,198.9,-80.811617,35.074007,-81.930076,35.953251,119.1,87.4,198.9,-80.811617,35.074007,-81.930076,35.953251,119.1,87.4,198.9,-80.811617,35.074007,-81.930076,35.953251,0,552,24,qkauEroflN|aBzDfp@d{IszJl`G}oBluDul@zsFu}DgyA{bMvXgsA`vMseAdcBiMpdOogBtqGksEjAwQvgEinEz}D{r@xuJe`DboGha@hqDu|NltIcjAd}Dlv@~yFexAxp@wJb|BqlChkA}yI}h@cyCllDgyGtnAm{Fb`GieAtkDmtGjyAwxEpgMc}DzwCqlAv`DgcCbi@gkCsdCsoBjiCioEhh@sjEraCwiDrsFn\jiDclEzhBnsEd|C,qkauEroflN|aBzDfp@d{IszJl`G}oBluDul@zsFu}DgyA{bMvXgsA`vMseAdcBiMpdOogBtqGksEjAwQvgEinEz}D{r@xuJe`DboGha@hqDu|NltIcjAd}Dlv@~yFexAxp@wJb|BqlChkA}yI}h@cyCllDgyGtnAm{Fb`GieAtkDmtGjyAwxEpgMc}DzwCqlAv`DgcCbi@gkCsdCsoBjiCioEhh@sjEraCwiDrsFn\jiDclEzhBnsEd|C
ND-01,24,72,1,0,3560,617.1,-103.981701,45.949635,-97.479579,48.979601,526.9,382.6,532.3,-96.610488,46.319081,-103.810383,48.99808,461.2,382.6,617.1,-103.981701,45.949635,-97.479579,48.979601,0,552,24,gpmwGr|syRmmaAc{FbaU}ghByhB}dEssv@gs@qr@em_@w~nAwz@lxBsidDx{CgfWigAqjuF|kGsfUyhJsykEkfDsvvHw|gB{rBtU}mIkoSf_AkAc_S{qI_^mOifGy}mAr_@Pi_VoiEsfAsglCpFwoGqrz@e`^hBmcBwcN,guuyGpftlQcrKhoKyNlh]_lyAtx@yrDjwUdIbv_CwqGhvM|eD~aoEm{L_~Bg}~AhymAmKnw~Aqdb@dBurEjmIiyk@dvtBcmVp`qByyMlwk@y_Ut~[ytCjqXq{c@`bw@ke\~c`AecGkn@_mMbuPmuUnd@o]vc\ypOxj@c`BbumHcjPleB
NE-01,24,72,0,0,578,262.9,-96.561275,42.00278,-96.151975,41.185939,201.6,131.3,237.1,-97.827988,42.032426,-95.848479,40.845791,194.3,131.3,262.9,-96.561275,42.00278,-96.151975,41.185939,44,552,22,ktj_G~rjlQaDb`\nhy@kF_t@|ncApafAvLxrA|dCmAr`HfmXrB]otDj{t@hCV_{@hsCa@ta@_|PtyAgwEgFux_@faBqsMziAgg@kaFebIfOurS}dB}xLsoCsyHmvIoeMslCkrJh}@cj@Wi_J~eCobAbD}_JusBsi@wYqvDyDs{k@gaC{@ijEpsBkcDsH_k@jaDctHa`@~IvhMw`AryHyEviLmzEr@wMbqA,ump_G|_btQx_a@v^nOoiJzn]uH}Bqj{@jbh@xA|vJa{Qxjm@a@t@skg@yvAyyAgCa}Gj{t@hCV_{@fmDw`@lGmyOnzAqaFwFgp_@faBqsMziAgg@kaFebIfOurSicBetLgqCk~HwcFcrH|lAyAAkiUpnGf@gFyyeAjeM_@h@iiH|j@}a@qaAa{@
NE-02,24,72,0,0,789,103.4,-96.009224,41.082279,-96.905934,41.429873,74.7,53.4,94.7,-96.902642,41.089746,-95.917085,41.305754,69.5,53.4,103.4,-96.009224,41.082279,-96.905934,41.429873,0,552,24,g{vyFrx~hQi`A?lAhrEdT~Wd@lhg@ybArKzhGn`N_Op}EmoDrVoR`nIiyItSaGpmf@eoJx`@lB~pa@stc@uTe@bhJkcEMrMloFki@X,}ixyFnhmnQXsqAnyABb@khJuqXdEm@wae@mcCqEcn@mwA~Eiw}@xT_vDcUaeBm@sk_@l_Ay]pFsxR_j@ioDwgMyYou@akAf@khC~_@vA
NE-03,24,72,1,0,3128,689.3,-95.923231,40.005408,-103.757935,42.982573,592.7,456.3,680.3,-95.663171,40.322894,-103.757935,42.982573,584.7,456.3,689.3,-95.923231,40.005408,-103.757935,42.982573,0,552,24,ypdsFd_nhQdYzdEoy`@g~@YnxKkbg@dA|J|_`@_oGP]vrSomG`hPs{G`}lFg`|@p`@eBry|Cr}Qpcs@r_J`qbAm`CdyhBe|mAxjvE{}G~qpAzcFhhkAudAhnm@smH`eAulMvigAurPb_GkmhAvi_EgjSr`Fyxa@ald@_oXcbKk_g@nh`@gHlhm@eyT|Hgr_@fiQwgp@lMupJr{G_dPxmd@ncJduFrkC|`Ni}JmA,aqbuFxe{fQusLtkAj{A|naB_oGP]vrSomG`hPs{G`}lFg`|@p`@eBry|Cr}Qpcs@r_J`qbAm`CdyhBe|mAxjvE{}G~qpAzcFhhkAudAhnm@smH`eAgjMxbgAcuP`fGkmhAvi_EgjSr`Fyxa@ald@_oXcbKk_g@nh`@gHlhm@eyT|Hgr_@fiQwgp@lMupJr{G_dPxmd@ncJduFrkC|`Ni}JmA
NH-01,24,72,7,0,1789,228.9,-71.399955,44.183137,-71.562081,42.856378,143.2,95.1,201.6,-71.399955,44.183137,-71.106358,42.823137,120.9,95.1,228.9,-71.399955,44.183137,-71.562081,42.856378,0,552,24,sotlGvhxrLndDk`FnbN{uBmd@gjXkfDeaHdiKopGbdMak@zuJevG`sLnwBltIyxFl_F|lP||]ilTbyQwPdsGk{EhdEp`B`l`@s}DnkT~sDnmGrxEruCoj@zyH~lF|_@|}\acC`tGvpAhlOlxEz{JflEiFdgAhpJxeHmdA~rEtlF`fEsh@yuCvnEfc@zrE,sotlGvhxrL|vBufEtcPi}D{}@exWgvC}nDhm@ctD`nPg|F~kF~ZboJusGrqLzwBfwImyFl_F|lP||]ilTbyQwPdsGk{EhdEp`Bri`@y}Djar@v_SzpL}_FfvRtzJ
NH-02,24,72,4,0,3545,453.9,-71.095949,45.100347,-71.290266,42.709724,258.6,180.9,411.3,-72.243667,42.728596,-71.303581,45.258115,231.8,180.9,453.9,-71.095949,45.100347,-71.290266,42.709724,0,552,24,etgrGt||pL`|Bh|AdrEqaCisGpnLad@pxHcmErvArmHvnTj~DzgBj`@~pJhhVprHtuKnrOndMdvDjdFj|Izt]e}UhfFtfLvcMk~@~{ThkGtjLw~KnrEi`@lgDbxTfsKv{Fh~AiaB~|Qb~Az`Mg~BtpOjbCn`KkaH|dNfhFhkNuxFfmNrExsAxuNzmHpfQvrDzlAwVvhE~xHtzCdhF{tDxbHbnWhzBqdH~uG{cEvcBchJlyDkgBf`CyjMbtNmqLlhGbc@jfErwG`{QerI`oGlyAxbLitBxqH{nKlyScwCx@mcIk~CswGfgDif@lwBc{Foe@gmCfiDw`F_JqcFepB{sBbqBywBsk@}vC,wlxcG|a}wLyyb@pdC}hA`yEq~HygGomK~lAgrHwrL{zMh_C_wYicMcoGguIlqC{eJc~Kqk@c|Haj`@waPhWaePwbj@glmB|xH}rKyzFygDgyTy}RdaMw`c@}kEqeFufLgu]h}Ueya@ax`@gb_Acv\
NJ-01,24,72,0,0,895,77.8,-74.778627,39.745913,-75.256926,39.807085,32.9,28.9,54.6,-74.92504,39.594051,-75.042273,40.003097,35.9,28.9,77.8,-74.778627,39.745913,-75.256926,39.807085,0,552,24,}zqqFlelgMarBnbMgQnhEqOt[pPzg@ewCb{Eus@lf@Rb`Ewd@r}CnR`eKafAb~@kdBxqC{aEveAqSnm@db@vqBaLffCxHp|@n|B|nFnhBnfGb|A_j@dt@f|AlJhZ{j@dhAoOoZ,yetpFnxhhMkjBywBgr@xaBcrBxpAsaIfkJm{BoaBo|HzrK{x@~i@yrD|UixAj`AanB`}C{eExjA}nDdW_rGcjCifFcuF}jAueDczBxdD
NJ-02,24,72,33,0,4542,116,-75.528756,39.46996,-74.616556,39.618853,60.5,57.7,100.9,-74.558433,39.2825,-75.451109,39.755517,64.9,81.7,116,-75.528756,39.46996,-74.616556,39.618853,286,552,16,g~{oFvu~kMxw@q|@~MqoCwl@shC}~Cy]wu@an@qWkkAv]qmBsfAmoHjKkrE|tEirG_ZgoCuu@wsAnLymHffBmlEkbCouNbj@wc\u|DmfEquCovAguD_iDiuLk{Nt\{bEibAw}Els@_lJqa@mdBd|A}r@nXs}B~b@{Rog@an@vOe`@,sjwnFdeafMyO~T~n@t{@ua@p{@moEhsCe_BiqAaqJpfH{}B|{Do}@`eDqpDptCtHxzFssKz}^chDfgEs_D`hOmvBxuFexAzoMjX~qBmfH`cUix@btE|`@ptB}nAxgEumEjqJ_tExyEy_DepBaWr^
NJ-03,24,72,1,0,2227,131.4,-74.194993,40.405425,-74.513214,39.593168,78.9,58.6,131.3,-74.513214,39.593168,-74.194993,40.405425,78.8,58.6,131.4,-74.194993,40.405425,-74.513214,39.593168,0,552,24,}truFtezcM`iGim@jAjn@fiBp@|iAxzHl_M`aDrn`@p{p@~qAplEdy@a`DtjBpnDl_JoSh|ClnEfNdaFhoAwEnsBwlC|aFmo@ziDq`JdfAxm@lcIi}A`cGncApzB{xAdmDfm@tzB{~@~eOpcIzBuoMliCvv@,i`tpFpjxeMmiCwv@cDbnMwdO_bIuzBz~@emDgm@qzBzxAacGocAmcIh}AefAym@ciDhvIubFty@osBvlCioAvEgNeaFi|CmnEm_JnSujBqnDey@``D_oA{gEsq`@g`q@m_MaaD}iAyzHgiBq@kAkn@aiGhm@
NJ-04,24,72,1,0,2928,82.5,-74.488085,39.975792,-74.128378,40.420669,50.4,43.4,75.5,-74.379239,39.829531,-74.028254,40.396868,52.3,43.4,82.5,-74.488085,39.975792,-74.128378,40.420669,0,552,24,uw~rFpmseMcn@eyJdbDmv@qGoaCixBwbEc|Cs|BgbAcsC`CufEqlEsyKam@qqJgqDoiAm|LutH{tLim@smCsvAy}Bq^_{CllAylGns@y{@gSs`@suAah@`j@aWay@oiExaCe_AbxCirAyMk[xe@,qebrFfe~dMqrBtO}lCwm@{pP~nBqkBo`DqzCszBycAcuC`CufEqlEsyKam@qqJgqDoiAuhL_kHo}Bof@_hI_OwoCcwAqbCy^g|H~xBscDaKs`@suAah@`j@omA_pCshBybHqdAz{@
NJ-05,24,72,0,0,897,93.2,-74.859359,41.242435,-74.258951,41.059783,53.9,33.7,86.8,-74.258951,41.059783,-74.859359,41.242435,50.6,53.6,93.2,-74.859359,41.242435,-74.258951,41.059783,256,552,16,gdvzF~}{gMhYwBt|@ne@Uyk@dPeS~YlGsr@wuAn@gx@rqAuSfHoy@vlAdIbWgdAdAep@n`AwChiAelAzl@pMbaAss@l`@kdBtt@qsAz`@gvAfn@ie@|}@a}Bro@aYhv@oyAz~AadB{]ga@wCanAkPor@udE{aEiWqbAzS}l@`r@gs@jCi[bQ`Ld_@_Lx^kx@h`@cHpEeYaMopA}Ti^g]mrB|mB{~@nz@{hB?qcA|l@ykA|h@]rp@wb@nz@g~DykAkhBgA{X_z@qY_~DmvC{S}x@ekCu_D_Eeo@wQgUuh@atGli@{pArm@MtmBoxB`b@yt@yAyr@zqAjd@vI_Yx\uK~d@dLpc@ut@rTb`@fp@d[aAmg@vMU,snryFlufdMkObL`Hva@sGb}@xOpTyMl]poEpjAbdAk@oGz{AxYxO|Yrr@tr@`XiJvn@kZpRbOhkAim@nd@hFj_BiPbfAzGha@md@dsAgX~Heh@jzAmrCxpDy@h`Awu@laDep@nb@_k@rAwk@rkAf@f`Asz@~kB}mBz~@f]lrBlTf\nLh_BmNpWkV_Aw]vw@g`@rLcQaLkCh[_r@ds@}S~l@hWpbAtdEzaEjPnr@vC`nApXna@yNf`@urBfwBeLnc@yp@jZ}}@`}B}n@fe@e`@hvAut@psAm`@jdBcaArs@{l@qMiiAdlAo`AvCeAdp@cWfdAwlAeIgHny@sqAtSo@fx@rr@vuA_ZmGePdSTxk@u|@oe@iYvB
NJ-06,24,72,19,0,4179,94,-74.045087,40.188877,-74.453358,40.495007,50,36.1,85.6,-74.00985,40.190595,-74.494865,40.560144,50.3,36.1,94,-74.045087,40.188877,-74.453358,40.495007,0,552,24,okhtFx||bMi_@nVai@mhAbTmn@ek@gPtGyu@kdDiz@iLgm@uvHpLc@ksBgsHk{@qrKjHuy@nbD~GhhD_d@`_AmQqHsi@juHgxAbqDc^hcE|Ej~C~fAdiDwPpeAepDpyEen@`fBcE~}AecBthBq`Gz`@mh@hsI~eAfpA`kBzdFxNzvGnSvS,gvhtFp`vbMmbA{NqItaAkdDiz@gMom@euH|Lu@osBgsHk{@qrKjHuy@nbD~GhhD_d@`_AmQqHsi@juHgxAbqDc^hcE|Ej~CpfAncEoaExeGen@`fBsFz`B}`BbeBw}Bf_@y~BsJkl@~mGtCpyCcsDfdJvVf~Jyf@jz@
NJ-07,24,72,0,0,1009,142.8,-74.867495,41.172668,-74.235126,40.605843,78.3,55,120.7,-74.874896,40.376923,-74.867495,41.172668,68.6,55,142.8,-74.867495,41.172668,-74.235126,40.605843,0,552,24,ephzFzp}gMjdChjBf_@|dAjc@}H`zAdqCvs@luCbz@lm@ng@nsAfYy[dqEjh@dy@uVh~@`g@jxAccApsA`Op~@m`BmJk{AjvAku@ta@goAfI_tEbzCjWfk@{i@hW{kAsGwvAvaAq`BpzBumB`b@|]wp@qtDho@_}@vi@wwGfgBuiBj^{eB`oAub@vpFvkBxgE~^d~@giAdaCe_A`kCnYpnCwk@v~B_fDffBsX~wBswAt{DzTg|@iqd@upAszC~k@q}ChzGgiMwj@u}@hj@wnBob@ow@jfAyyEaW_uCnYyE,wbmuFb__hMg_AlpAewBwnDod^uZqzKrhD_tA`jD}dExh@}nElwEoKlkBe|IphA}wC_v@qhAltCsmDdc@uYpyCsrC{p@gfCwfEodGucDurApoAgyDgjC}lCv|@guBaeAipExpBiqJ_[mrFqjL_iEifD
NJ-08,24,72,0,0,666,37.4,-74.071361,40.661655,-74.177113,40.773131,17.3,12.7,26.5,-74.125013,40.64713,-74.012268,40.810367,15.9,15.4,37.4,-74.071361,40.661655,-74.177113,40.773131,190,552,19,kvdwF~`bcM}f@hnBmHiCiVxz@ua@e[yE|YiK|GkViQsLco@wt@k{@_Wgy@k\oa@e`@ox@qOyCi]~H{[yGtCe\qHiBy]|`@ki@|[kOzqAeCrHuOTlG`WuS~f@uXtkAhB|h@sWb~BAnk@pVp}CoTlDsE~j@|B`V_o@{HeM|m@irAqj@yIzb@sKzKnG`KpQzB,q{awFhplcMcZhCqC}o@gXxIo`@mfAaa@tAqb@eNkn@sf@iCkRhEiCLhJaJ`H}VqPiM_p@wt@k{@_Wgy@k\oa@}`@_y@yNiC_`@tIsdAyVkH_KfAsa@oHi@|Brm@oi@jr@aIv\c|@c[_`Agx@s_CyuAyy@iq@gi@aXchAs}@JkJsKaF
NJ-09,24,72,0,0,540,52.4,-74.291808,41.001558,-74.051665,40.78656,32.2,21.6,45.8,-74.090824,40.758123,-74.249822,41.04605,27.9,21.6,52.4,-74.291808,41.001558,-74.051665,40.78656,126,552,21,wbgyFxbmdMqAvSod@v@fN_WkC{UetAk{CnYkOiBeTvNsZzo@kHx\oj@xt@ymCwDwu@`dAgk@nJy^|s@_p@t_Geu@nWeZfSbEp\{l@rZnAlNtVvc@a_@rsAoWlpCvD`kAhm@|HvSfoAuuAtcEkkKtBieBtYa}@vS_NmZ}Kme@ckAXm\ya@y|AuaAatAjZhg@`VaV{XbFuK{Ul|B|\fdCr~B,gqwwFrzecMi_@uXbGy_@wOaq@szAzn@srBq{AiEaUcfAj~BmAfdB{YbbA_kDluIkfAngAwJ|FwtAiu@}oAgO}pCb_@qa@vX}EgRoh@fAq\zl@gScEoWdZswFjp@s~@d_A}gD}y@gdAjmDwm@tv@kXzjC_`BkJ
NJ-10,24,72,0,0,358,42.4,-74.281261,40.843072,-74.242662,40.644949,21.7,14.2,31.5,-74.279825,40.639452,-74.247237,40.843738,18.9,14.4,42.4,-74.281261,40.843072,-74.242662,40.644949,126,552,21,edhxFz`kdMxk@}_AlJszB`Oyd@`dCr_BvDmb@xf@ik@jg@|^lKwV~n@kAfc@cb@zs@}P~i@{tBpk@ghAfzA~]lrA~q@b`A`aAbWho@zxAhm@t{Ab~CbhDpzArIgAiHybAh}@vUtmA}fBug@kg@oGse@fKsg@eJ{N,qk`wF|wjdMdWpUai@x]kcC}IotBk{@uj@od@_tAeuCyeAuZ}_BqwBynA_u@smAc\sKs\qt@j}Akh@fwBeq@zP{g@zd@ix@|FqSf`BqmA_a@syBk{AwNhc@w{@qU
NJ-11,24,72,0,0,1222,79.9,-74.503299,41.05635,-74.17738,40.790803,47.3,26.6,57.2,-74.17738,40.790803,-74.625393,40.972717,38.6,26.6,79.9,-74.503299,41.05635,-74.17738,40.790803,23,552,23,eyqyFrlveMpdBhmBlYezArzAvv@`_@cNviAja@vm@hf@xyDnlFdoBzbAzrB~jBtYF`z@ok@tMg[oOzDedA}`Auh@aHgWsh@j`A}uBrj@cBpbA`b@eE_wEjM{}@vt@elAho@ce@da@sjA|fAgb@bi@sr@`_A_vOaX_}AhFwbBsG}e@sZo\ucB{i@uv@ekBgWuiIhR{pD`hBonCnMx[bbA}]`t@rKfTq|@jjCxVz@o}BjHkGjhB~Y|v@de@|Od]pJcfApd@uQ,o}}wFrwvcMqd@tQ{Nfp@ukAur@ogBcZ_CdkCylCmXyQd~@}uBeu@aPri@{dBjfCeQ|}CbNdZxEruAheAlbDz~@fpAzeAx~BpFjxCgQncBlIzk@qGniC}n@dpJai@h|@kkAvf@s_@vhAq~@nv@ok@nhAoHnu@lExwIiP~s@u`@zq@wn@j`@abADou@t^myBg@mo@n[tJ|QyToDaq@~r@sb@bIzKjb@jsA`n@
NJ-12,24,72,0,0,633,85.8,-74.907367,40.338023,-74.283266,40.385345,42,33,85.2,-74.283266,40.385345,-74.907367,40.338023,42.8,33,85.8,-74.907367,40.338023,-74.283266,40.385345,0,552,24,soeuF`jehMaBaR`S{`@mK{yAqFeWqPr@cUw]iPimCeW`@uf@_\wwA_Bus@wwBom@eeGlDqaC_f@qsByz@iwBgd@olFjS_cAiGwz@dv@}}H}`B}oC{kDmnKd|@g`B_kCkmD_tAc|Hq`@qq@|jBwZ|Mi|@aSgvAtlB_p@|aE{fEiMiO^swAjr@c_Fd^aBrW}fBfm@wq@,mwnuFlmkdMim@c@vA``A}ZhoAuc@qG`Drn@im@zlDmCr_CqJpW_iDhnD{qBpi@rXt}A}Mh|@g`C|Mbt@v{@lvA|aIbfCbgD_x@hcBzkDlnK|`B|oCev@|}HhGvz@kS~bAfd@nlFxz@hwB~e@psBmDpaCnm@deGts@vwBxvAvArg@f\dWa@hPhmCbUv]pPs@pFdWlKzyAaSz`@`B`R
NM-01,24,72,6,0,4393,455.3,-106.910616,35.225345,-103.849531,33.943193,248.9,204.9,357.2,-103.884855,33.669804,-106.894756,35.29601,260.6,204.9,455.3,-106.910616,35.225345,-103.849531,33.943193,126,552,21,m}~uEj~okSa_Cs`FbZosa@vvGre@pmC}`VjxLpKlyFyoSyL}aJ{sHalStwS_xs@vM}~dB|hFctoCxeC{r[j|^ooXf~NuwRtjBmtHtaUgdUjoRkE`vAalGtoPyw@~dCswEb`M|f@dyH_pC~t@cuClgJzBrdKxtLvjGy~Av|Gq}OetAm|JfvAi}BqaBybCteGwyI`AioMpgF}[,gcolEj_ayRdcDvy}@rxHplYpzTdta@qgSJmaKxeGqss@bvFkiXja^}gWxeTyeZxwLciw@vvp@pt@tpR}{Khnb@wadAp|c@`BdnjAoxSbqt@zuH|oR`O`{IghG~ySalLgS_mCldVydNeg@x@ld^wtBFuPvnF
NM-02,24,72,11,0,4881,855.6,-108.989741,34.911015,-103.070029,32.623978,646.8,374.8,854.9,-103.070029,32.623978,-108.989741,34.911015,646.9,374.8,855.6,-108.989741,34.911015,-103.070029,32.623978,0,552,24,{patEz`fxSax]o_ZurKav`A|yNmzVtsAyyc@z|Naat@ifPctJusS_PlhOcqY{c@che@txGsjOe`AycQxsGkiKvhAgwWjs_@ujYryEgbM}sEunf@tct@xaFza`ArtWfuw@g{G~`{@n{s@zqa@vhRphTtdH~l`@sgGbaKrlIl``@xjA`uVg{EdbUyhS~fCkxa@pp}@o`l@y`UebcAud}@yto@eoQusg@{iOknA{nBgae@pwOihu@}hE_}Fpf@ecRyuFiyD`rJseOtoI{wnAxyDitNnmWwbC`xDk_~@brL`cDf{KguDtkHgif@l_FulAqhQ}_[yBu{m@uj_@}lpAa@k~o@zdMn@KshJ,{zbfEtzatRB`gJeeMYRn_p@~h_@nipAzCl_n@`iQb`[m}ExiA_mHfjf@cyKtuDysL{cDaxDz`~@omWvbCyyDhtNuoIzwnAarJreOxuFhyDqf@dcR|hE~|FqwOhhu@znBfae@nbObsAr{Qfvg@|b}@zto@vhTrvbAo||@~al@qjCv|a@e}TdeSsrVx{Egd`@{jAq~JulIun`@zgG{fQuzFkpd@crSic{@g|s@gnw@v{Gyd`AotWgft@olFhqEbzf@syEfbMg|_@biYu`AnvW{sG`kKx`Av~PwyGroOfc@lje@wzOvaZ|gTg@hfPbtJ{|N`at@usAxyc@}yNlzVtrK`v`A`x]n_Z
NM-03,24,72,5,0,4043,1070.1,-107.205411,35.249143,-104.574177,32.798581,624.5,415.3,858.9,-103.351012,32.774013,-109.046983,36.542692,642.7,415.3,1070.1,-107.205411,35.249143,-104.574177,32.798581,0,552,24,crcvExpimSsfDima@u`a@hs_@gwD{{MswQxjPi|HetBuqOkcp@jb`@qkScsPiv\oqb@krR}qFwb[~|BymMksHelGop@okx@jrScfNf}Weu@htTy_LoqGgiR`o^q~a@vuEgxs@gff@s{UwmAiu_A~s[i_v@{CwiR~sU}pFtsH{tKa[u|\qeMqhLvv`@mfuAheeApaEtuBkfWzcuBw_ChkE{|IxtAw{j@`rqDckBsl^xx_BdrCfn}BdqGZUnmHznHikG`whAykDb_Os`GiBfya@dtG_J,qd`gExvxuResc@qNclB}`Ei{gFnlBytAv{j@qiEf|IseuBj`CsiBrcWgnaAizEuqJzwIugYhmkA`fMhdL`[t|\usHztK_tU|pFzCviR_t[h_v@tjA```Adif@htUczE||s@yk^nva@``GrsRklnA`w[}sp@hdl@fB|~NgvGtsMthQxbl@otL|}^kh@fzV~d`@hnJk`@~wZ{lTxph@yoNttx@xfCxvNoyeA`wx@meTmlDq|ExbkB}oFbl[hmdAnnFhI`}l@iqCthKyxPdfD
NV-01,24,72,27,0,4214,233.6,-114.739215,35.657343,-115.082884,35.625021,45.8,42.6,89.9,-114.914401,35.594015,-115.038642,36.202215,52.5,42.6,233.6,-114.739215,35.657343,-115.082884,35.625021,0,552,24,kisxEb_i{TfRxs@yFxrAfSzYuQ|g@bPpEeMbOJxb@cQnOzQh[wLvbAdJtYyUqCbOjg@~\rBig@px@tKl{@ca@p|@t`@v\o_@xfBvJfJqJ~~@vm@rqAtXlEftFjqEw~Hz_Fm~@xTg{GrIgzMgeBOpoJtlU`yKjkIvsA,s}fxE~ek|TagC|Glb@rXgvIzkFizHbTg|f@eoGavEijByPrr@}lClp@gxAhyAq`AhjI}tEp}EguF~dCw`C|xF{vI|~@k\oEe@y~@wwD}@_AumBk{AAhGuqC
NV-02,24,72,23,0,4280,845.9,-114.045274,40.03844,-119.77469,41.990108,534.4,369,616.3,-119.648828,38.756312,-114.036601,41.958828,481.5,369,845.9,-114.045274,40.03844,-119.77469,41.990108,0,552,24,g_ksF|mawTbzBmbDbtMbzQ|lFfxe@o~W}eFgcm@pjHopBlmF_{L}sYwqNcqJq{e@qmGikRunLmq`Alo~AszFxvm@niDxu|AdlWxce@l_Dr}f@fej@xg}@uYdx]zuN|~e@oeKxle@vuDl~a@pmJbvPuQh}Oexl@xl{@m`Rbjw@ifNjlQ~pGpwZwee@clHoi\xnDikLntMabBj_r@slJbtp@u}Wr}Yw`dAlcd@bgAlyKpaLnzKybGvsi@hdFz_Jkp@vgo@`iSjgFhbb@zqh@rsBnj}@_wH`}Bs{]q~d@ibX~hBcuLzfO,}qpkFd|gyUc|F|@cl@cgGst\tt`@wvi@svF}sHuoY{bRytVcjQwjq@}qa@vaD}~j@ebq@wqZghw@}hSsjJ_nZqoj@wpZwcUa`q@c_Ka{Niwc@cce@uhX{z[_ebA`nNseR`rQqnv@rfm@em|@hOqxOimJesPcvDc`b@neK_ge@gvN}df@rXkx]axl@kgcAuhAuu`@{nWsle@ssAunz@efUo`Uqmj@_~PpkBceNwgOo~YafNigR}~s@oh[mpQ}_e@v`BazIksDmk@
NV-03,24,72,18,0,4951,205.5,-115.81574,36.12303,-115.191493,35.698432,84,45.6,205.5,-115.191493,35.698432,-115.81574,36.12303,84.8,99.4,205.5,-115.81574,36.12303,-115.191493,35.698432,270,552,15,}gn{Ejg{aUwJapEolCwnInWyqBsa@ocDcbBorC~TglD{d@snD~Ek`DjuBeu@~mFlTjsCiyAft@dg@|eGedAbhBti@}_@wjBnDugD`oA}_Dnq@w[~o@i}CwnFssKuRimGp{AmtImJ}vIjsCN@y_Fnr@gVbwAq|BjnEfDf|IfwFx{JvtLztGx_FdQ}d@kpHk|Fv}Baz@xqDfQrjK{kMziBojA,ej{xExia~T{iBnjAsjKzkMyqDgQw}B`z@pjHnhGowGu~DmvKgnMkzHc}EunJgd@~AxzGygDZl`@beEi@|}Fe{AxwI|QbmG~nFbvKgp@xzCuq@x[inAp}CuEljD|_@jkBwfBqj@}eGddAgt@eg@ksChyA_nFmTkuBdu@_Fj`Dzd@rnD_UflDbbBnrCra@ncDoWxqBnlCvnIvJ`pE
NV-04,24,72,26,1,4949,714.5,-119.168794,38.838036,-114.036934,37.138171,422.7,316.4,584.8,-114.03111,36.717904,-119.168794,38.838036,432.5,316.4,714.5,-119.168794,38.838036,-114.036934,37.138171,0,552,24,wp`lF|cjvU|zDoaLx}a@ijS`jIPh~L_nSdrCtwCj}UsqAqoAk`R{mH}kGmlEy`Ry`LwaG}`DwvZ|wCsgr@hkC}rGpjUsiLv`X{`Bv_D}_L~iKyeLzuZqbM`vAyaKulCi~[{cOg{OieCilVhqNi|n@{bCkhv@a|Eg_HgQytXykOumnB`lNehTph\qmBd}g@q}N`_Z}kt@f}I{tFbn]cro@wXaoHarM_kGgtIqwZfUyrDctLqw[{`@gjp@t{Dg|Mw`E}`PrHexHfkAwtCveMbaKbgHsBpjYaxFhxJkvNvcZf`@neAsfSycHsjb@dpD}~XxwCirA,{mb_Flu~vTajJ`}ColDncIdtFbzKw{AhoPrkE~u\zsMliS~aAvsIiiX~zq@cu@txTahhA~tK_zKd`Pokw@rsVtlEbxThoM`fGh`@r|Guu]pdp@g}IztFkxYddt@{ch@heOqh\pmBseNtsS`yAbkb@xuB|cBbgI|hmAK~|S`|Ef_Hn_Cpjv@}mNbzn@heChlVdgOfeP~mBpeb@wcApxDenZ|{LshKldLw_D|_Lw`Xz`BqjUriLqiCrmGuyC|lr@|`DvvZx`LvaGllEx`RzmH|kGpoAj`Rk}UrqAerCuwCi~L~mSajIQy}a@hjS}zDnaL
NY-01,24,72,45,0,4997,118.6,-73.40263,40.926686,-72.752398,40.764734,57.8,50.5,108.8,-73.424286,40.759906,-72.465944,40.845276,67.6,86.4,118.6,-73.40263,40.926686,-72.752398,40.764734,126,552,21,ynxxFlm__MieAgb@qc@kzAbqBa|Dtl@sDqCifBrk@gR``@u_B_d@wwAiAqwAdlDifE`R{zEpqBgCjt@{fCcj@aqK|WgoFoL_`Df_BweAtbDwTi\yyEdFacHy}@i`JedBs`FuXigEasBmkHhyCgrKts@dn@vr@il@}YufB`u@uaFqIcbAvnA{aDvwBaIb|Dl~S,m|wwFxtc_MqwBs^sIc\sbCaxOuLcsEuqF}I}YkmJ}cAifClTo_Fag@keDpEmuNf_BweAtbD{Ui\uxEdFacHs}@i_JkdBsaFuXigEasBckH~mDklN{rCa~Lun@ieIgM{eIo~@odDis@ejI~eAs[SskG|bAeQtJq`@rp@~EnoBftI
NY-02,24,72,27,0,4184,82.4,-72.846477,40.738961,-73.477447,40.602303,47.7,36.8,69.5,-73.479501,40.599966,-72.815094,40.773209,45.8,36.8,82.4,-72.846477,40.738961,-73.477447,40.602303,0,552,24,oyswFnyr{Lr_@xtB_bA~b@{zAdCikDmq@atBne@zLz`@fLpfCzdApeF|LpmDhi@zdEzVlmF~g@x`Cpr@taGjpAjeGfBb|C~i@tyHfkAfbLvPl{@nsD`DlfFaqCp|ByEn@`dJpqDpeRniArtJsLeL,ytxvFzmn_MqfAsjJysDwoRJwlKiE~`@y}BlLa_FhpCmeDoHc`@aq@mlAkgL{i@{xHyBu~CeoAqaGgs@idGug@u_CqVanFqj@amE_LsfDohAcxFmHivCvWgRfaBiK|@yzAph@axCe@y_A~Sh@
NY-03,24,72,2,0,4589,74.2,-73.477097,40.941348,-73.812125,40.797938,31.1,23.3,50.7,-73.81782,40.793479,-73.398234,40.906684,28.1,23.3,74.2,-73.477097,40.941348,-73.812125,40.797938,0,552,24,mj{xFz~m_MdY|GtnCi`@pJtfAne@yIhVauAdi@cu@hp@mvBtiBmaAdx@vrBf[fxBld@lf@g@|qAzz@nfIre@`cC`b@l{@dWbyA|nA|rDfq@teDbK|vA`^bu@vb@jwE`Wpj@dRzA~cAv`Dju@lu@|S|}A{{C``CcK`o@rStmAgD|rA_p@zTqQgI,gn~wFjppaMld@qIfIspB{TchA~F_u@ptBchBxr@kZiF~DoVagBev@ew@ecA__DeR{AaWqj@wb@kwEm]{u@aK{vA}q@_eD}nA}rDeWcyAab@m{@{b@uzBs}@{nI^{rAsc@id@aHecAe{@ezBsk@}qCk\sfA_jAvSmp@{_Aaj@nK
NY-04,24,72,15,0,4940,36.7,-73.56585,40.74775,-73.751544,40.587275,18.2,15.7,33.8,-73.751544,40.587275,-73.488866,40.695899,19.4,15.7,36.7,-73.56585,40.74775,-73.751544,40.587275,0,552,24,mpuwFpi_`MwPuFiJrLj^bfCbZvrD|aB|SfxAhAvg@mLzSjn@hoDn{AzWzf@zk@fc@fYzjAdIraAtQbPrn@n`Bjj@~sB`o@ldAn[``Bru@bGxk@`QlQuEzb@e^rY}Elu@pClDjA\zaAvLbQ,oevvFbrcaMwLcQ_AakA{tAnGo^pZ_VjHek@aQoo@{A}`@ebBoq@miAig@kqBku@cjBnDu`@mOeuCnIejIcB}nAiJ_pAqL__@gfAm_IeN}{AGsa@jDEqk@~Paq@_@oM}CWsTo]w@YkH
NY-05,24,72,19,0,4940,58,-73.768335,40.72168,-73.930964,40.547129,22.4,15.2,55.1,-73.930964,40.547129,-73.740919,40.712961,21,15.2,58,-73.768335,40.72168,-73.930964,40.547129,0,552,24,ompwFb{faMeP|@qEuQ`Xsc@loDk|ApbBp`AxbAzMo@|qIbJjr@}FllCz`Csf@hfAki@nzAi[~p@{c@hsCn@dc@xsBnArvAznAd|Cto@t}DdFxgBb]nz@po@_S,qjnvFnsfbMw[dQyRx@c]oz@yEg\B{jAwh@wyCr@oSwYabAeLoK_p@w{A_AovAcd@w~Buu@vRu{AmJyq@tc@mwA`ZsiA|j@wvB~\qLyRrKgiBaJgu@xAitBaGauBbJgfBafAqP{fBmbAs~Asf@sIxOqML
NY-06,24,72,0,0,103,19.4,-73.900418,40.749144,-73.747752,40.738671,9.5,8.5,16.2,-73.905638,40.721873,-73.747978,40.749478,9.5,8.5,19.4,-73.900418,40.749144,-73.747752,40.738671,0,552,24,cyuwFrt`bMxCsQ[{Idd@qsAbS}YrGgCzFlBhKaRfJ__@nC_CrC~CiB`@_Ji]sXw|Aw`@omAfDedA|UekAbCegBwZejB{Fep@c`@}aBdj@}SbVe[e@yE,unpwFfuabMRbPsUxAKlD_GkIlHmrAo@yPyNw`@kDeg@g^q~AoUksAcc@{sA`DeeA|UekAbCegBwZejB{Fep@_JgYc[o`BuAyNzGgCsAsH
NY-07,24,72,0,0,155,25.3,-73.865887,40.678876,-73.944267,40.754557,9.9,6.7,24.6,-73.857215,40.684335,-73.944267,40.754557,9.7,6.7,25.3,-73.865887,40.678876,-73.944267,40.754557,0,552,24,_bhwFx|yaMrDve@}KlMmApGhExWu^zFwK`Ma@pFnGnY}d@xJuF~X{GxNuObScnAvdCiOmOcRqd@yT|JsEaWsNpK_E_@a\gg@yKj[gLpm@_TrXyNzjAuk@oI}WvX{C}FMtGiPjf@wOcOiIlRbOnOvCwIkEgE,cdiwFrfxaMr@fD_Lzp@eCbEeZnEdOln@_OtOQbMmDvIk_@r_@kItBqCiAZfD{Iv@b@pKyM`\ux@t^{ClzA}HgKyT|JsEaWsNpK_E_@a\gg@yKj[gLpm@_TrXyNzjAuk@oI}WvX{C}FMtGiPjf@wOcOiIlRbOnOvCwIkEgE
NY-08,24,72,0,0,3504,38.4,-74.011247,40.575253,-73.962249,40.685606,16.6,9.7,25.6,-74.011247,40.575253,-73.865781,40.662582,12.7,9.7,38.4,-74.011247,40.575253,-73.962249,40.685606,0,552,24,izsvFhivbMgC{E~O{g@zA{e@mLmbAwVpCm@}Km\jFrEg}@wMgrBlAc{@mI{uAbNyaAaEgw@yUyc@is@gGeh@er@_|BeXma@ik@{CaUcoB~}BkwC~e@kf@kBoMfhGaFl`@{]bE`AtPrC],izsvFhivbMgC{E~O{g@zA{e@mLmbAwVpCm@}Km\jFrEg}@wMgrBlAc{@mI{uApNgwAaDe^wNs]qP{Myj@qBuXoe@{OeLoq@gLqp@g@eXgJ_{@upAqnAaq@k`@wt@eHnF{OkVq]nYkAyO{I~F
NY-09,24,72,0,0,36,18.1,-73.939735,40.673749,-73.971632,40.602704,7.3,5.2,14.1,-73.971632,40.602704,-73.929671,40.671408,6.5,5.2,18.1,-73.939735,40.673749,-73.971632,40.602704,0,552,24,}agwFjjhbMUvK_Oo@vBgdAtnA`FzsDiR`XnXrSYbXbUlO~`@|SxNz_@`j@xH`gAnO_B`P|i@x@|LnHcAT`E,{eyvFtqnbMNbDwe@lBgOqgCa^_i@y\wZgI_XkWuTkTJaXoX_uDjRyl@aC\iPqDOQxH
NY-10,24,72,0,0,1903,25.5,-73.99216,40.730492,-74.029392,40.648411,8.5,7.1,20,-74.009843,40.737987,-73.994468,40.635533,8.8,7.1,31,-74.029392,40.648411,-74.015361,40.693055,46,552,23,qdrwF~qrbM]qHkBbGrhAd}@|DiGjd@~YhjAs{AzA|B{JdItLlXzh@pRjTcCx|@h\xeAoj@hPo@deAtfAgMt]|aAldAuNva@,msswFn`vbMcZyFbwE|j@bi@g@f|@iVltCo`BrfA{{Axq@iDvRbq@tW`d@t^Z
NY-11,24,72,7,0,4471,42.8,-73.999532,40.59151,-74.24034,40.498335,22.7,15.5,39.5,-74.24492,40.498835,-73.993806,40.616703,21.7,15.5,42.8,-73.999532,40.59151,-74.24034,40.498335,0,552,24,}_wvF``tbMqJkQpVsSeDkJ{i@|k@hDtG}AdSc_@lz@eYjuBsOxJa]qXjDaBvKpQnu@bpDgWrwAgDn{@sWfgAjAlnAiEzj@vPlpAbCfiByH|Yu{@ruAkPtl@|@pQfMrQrsAbm@jg@`e@~j@|PnqBgSf[fEf_Ax~@r[llAvf@hl@le@xQfhAvHjNnJf@dQ~Qh@fAfZtf@}@~HeIf\fm@je@_LnDfZnf@wL,w|dvFv}cdMk}@vPwOwk@k]ko@kYxLgW}A_FeU@sq@yEkI_]`Neh@rBa~@iUqf@ql@s[alAq_Aa_Ay^iEgnBbSyj@{Peg@}d@wzAi~@{CmXbIe]h_Ag}A|HyYeCckBiPynA`Eih@qAsqAjW_fAxDk}@vWwtAix@kyDqt@iq@fi@{dA}e@og@xa@yx@}PcQuApC
NY-12,24,72,0,0,486,19.4,-73.972209,40.728751,-73.990168,40.777533,8.3,4.9,16.4,-73.972209,40.728751,-73.975247,40.799113,6.6,4.9,19.4,-73.972209,40.728751,-73.990168,40.777533,0,552,24,uyqwFhunbMkEvNcF}CmJbBeM`a@kaBwfAooA~}D_c@gYyNyCgvAm_A}_@aOq_@o^{OaFp@bDdN|Bn\r[nc@fQxr@df@,uyqwFhunbMkEvNcF}CmJbBeM`a@kaBwfAooA~}D_c@gYyNyCgvAm_A_c@eQc]y\kLcGeBjB
NY-13,24,72,0,0,373,21.3,-73.935067,40.785205,-73.919959,40.854345,8.8,6.8,19.5,-73.935067,40.785205,-73.901846,40.879922,8.7,6.8,21.3,-73.935067,40.785205,-73.919959,40.854345,0,552,24,qz|wFdmgbMpHa@tC_XfJgOqDyK{p@mAsg@mj@e\paAcv@n`@cn@{DanBvEo{BuiAoVc@ka@}WbPqk@vOzX|ZjEtMhT{E{CYzGoDsE,qz|wFdmgbMpHa@tC_XfJgOqDyK{p@mA}g@oj@{[raA}n@z^ueD`AezBgiAoVc@ieAor@oh@ms@sVcPpCuI
NY-14,24,72,0,0,1439,38.1,-73.782883,40.836446,-73.906025,40.787407,16.7,8.3,17.3,-73.915958,40.80321,-73.795831,40.880664,9.4,10.3,50.5,-73.769067,40.858053,-73.906025,40.787407,200,552,14,yzfxF~uiaMiqAb[oc@xXuRto@iMjN{VnkAf\dSjKbRjK~dAsB`JKaEf\hVdoAxOp}AqNlcAz@`~B}mA`RoBrq@hKnl@hZxa@zm@z^zVd]tt@f@pLeNxh@gk@vh@sTle@f@rb@fYjbAec@pI}DnW{Y|d@jJ|Lco@fcA}Xe^rDwH,ak`xFvucbMuFwXsPwc@of@kv@ch@}i@uLgRo]qiFqGcl@yA}d@mDwPcZsn@gLeGuO|Cgg@fAwWfH_[{FqKyWaY}\s^cWiRwH{B}HcHdCoO_K_YmfAaJ_I}II
NY-15,24,72,0,0,372,24.8,-73.926256,40.81603,-73.910897,40.909042,10.7,6.6,24.5,-73.926256,40.81603,-73.91078,40.910758,10.7,6.6,24.8,-73.926256,40.81603,-73.910897,40.909042,0,552,24,e{bxFbvebMkBvK|PxOgtAKiWbF}hAa\sGmOqBih@rBg_Bo_Bwz@oa@_g@cYkk@eh@bJ{HtMme@zRkf@Ryh@aP}L|BmPbRwHw@IoFjMnInHxU{GvmAmNlq@y[iUiDrJ,e{bxFbvebMkBvK|PxOgtAKiWbF}hAa\sGmOqBih@rBg_Bo_Bwz@oa@_g@cYkk@eh@bJ{HtMme@zRkf@Ryh@aP}L|BmPbRwHw@IoFjS|SzAn\yKtKuo@QuId}@rDrC_AtT
NY-16,24,72,0,0,3707,41.3,-73.661634,40.968019,-73.894383,40.959744,19.5,14.6,33.8,-73.82896,40.875299,-73.697291,41.061161,17.1,14.6,41.3,-73.661634,40.968019,-73.894383,40.959744,0,552,24,cq`yFd`r`M{S]aKzIsYlfAbiAlf@aJzc@gSnc@cg@fg@}FeEfGnB~Lpc@}BdhAnCj`@vLjRjl@pZx^zdAbvB`fAf~@tfAtRff@jr@bw@bUdf@f@`PwHnCnQxgBuWh~Bq^oQeFfIgd@dqDyXvlAfPvp@`@dVaKpNkJqFjF~BcCxKuPdBiF|OuBxiAcl@mMaBtKsHpDai@}DjMfReg@oX,smnxF~uraMsU_McRhK}FkWuS`Twg@qCyLk[ee@uJgG_m@w_BuMygAit@ye@r[se@sQ_W}_@igA}Gy_A}pBkOoeAo_@uc@iI{gAi]iZwYiu@akB_fB_cBsh@sKa[yxBz\sBmOkmAe`@e[i`AeL|D
NY-17,24,72,0,0,852,117.9,-74.126092,41.21507,-73.556551,41.612607,70.8,47,110.6,-74.211406,41.141907,-73.556551,41.612607,69,47,117.9,-74.126092,41.21507,-73.556551,41.612607,0,552,24,eypzF`wlcMfRsWsdBcaFpUif@cd@irAf{@mxBiDcmAnhGnPj}HmiCfoDc|BsAonFf^a~BxrCw{B|F{kGlr@mdAmpC{V}v@opAqEcnAw`AsfA{`Bib@yfAgpC}v@wH}aKsxIc|@~Bg|E}nJi_C~s@siF_kAw`Bk`B{uBiPu{C{~Dy|@w_Ck~Bw{@ol@epA__Agh@ysJtd@iv@k^q`Eh~AseDgj@acAjs@mxAlHcsC{`@fOm_Di|Ckf@,}obzFhl}cMiv@u|@xLis@v}@iqCf}B_dA{PswCbvCqsOij@atDfWcbLzi@_fCldCo~AfFgjGlr@mdAmpC{V}v@opAqEcnAw`AsfA{`Bib@yfAgpC}v@wH}aKsxIc|@~Bg|E}nJi_C~s@siF_kAw`Bk`B{uBiPu{C{~Dy|@w_Ck~Bw{@ol@epA__Agh@ysJtd@iv@k^q`Eh~AseDgj@acAjs@mxAlHcsC{`@fOm_Di|Ckf@
NY-18,24,72,0,0,1013,158.9,-74.718219,41.490693,-74.185311,42.007808,104,73.8,132.1,-74.644146,41.343026,-73.518267,42.002315,91.5,73.8,158.9,-74.718219,41.490693,-74.185311,42.007808,0,552,24,ysf|Fzk`gMulAtYdgBncBxhFmfDx|GlyBnnD{cHpmCgN{`ConG_DkgDkjCmvKu`B{qUsjAmlEeyFaaJmfIsz[v[_kIgaAskFrw@atH}b@qlEquQswIevDeUoqIjh@_}S{v@s_ZpqCeDzt@oeEvj@t@|bByqDlcIm`FzjCjUnkOblAzqCjcBiqE`FrnC,}xi{F||qfM{fFuuGecDs{QfOysEyq@alFsjAmlEeyFaaJ{eIkx[d[gmIgaAskFrw@atH}b@qlEmwQkxI}xP~J~iAqiKqj@y_EafGquG}gAuqFs|CabDjAsgDaxAylCfU_iGee@a{CmbHg|F_SyaDhz@uTalAyuBejEwrDytDnmAmrDsv@cz@}}BsyBhpAipEqg@
NY-19,24,72,0,0,2009,365.8,-73.316722,42.662947,-76.638472,42.293636,234.7,171.2,365.4,-76.638472,42.293636,-73.316722,42.662947,234.5,171.2,365.8,-73.316722,42.662947,-76.638472,42.293636,0,552,24,mrkcGntn~LiwCrbIfwQK|yFptAvwJhaKzlCqpCd{IvgDgj@xaKreKrqDpqT`rl@gl@ptBrsEtjGgdPpc`@pWn_FqxE`sN`JnbGjrEhuG}Kpoh@}zSpt[jYzxH_rDjuJ~HbzJqdGfuPrfFdnS_Ypa`@l_Ct}EdoDj_@puElyTbkHdgMzkCd|[ozDvqPpGpz`@q`Ef`M|}Blt]yg^rlSedCphWjiCzwHzq@rpX~|FdmVxnNljSjsH~MjkBfaF,gncaGlmwrMkkBgaFotHmQkgNerRicG_bW{q@spXkiC{wHddCqhWxg^slS}}Bmt]p`Eg`MqGqz`@tcEw~Py]glN{nEm|RgqEgoFgwEq|TilDi[o`C{|ErWw``@sfFenStcGyqPiIixJdsDszJkY{xH|zSqt[|Kqoh@krEiuGaJobGpxEasN_Ws~EveP_e`@uuEcjGfl@qtBobSkff@ghCjSkbFomFmqAclFrs@{xHe{IwgD{lCppCewJ{`KozF_uAgwQJhwCsbI
NY-20,24,72,0,0,828,126.1,-74.14559,42.425961,-73.610983,43.005269,72.1,55,120.5,-74.220459,42.498714,-73.279668,42.891891,73.2,55,126.1,-74.14559,42.425961,-73.610983,43.005269,0,552,24,gi}aG|ppcMm|@qf@yzD~Qy^nl@gyDjDu~AinAuaAbMyoAiaC`Ym{HudDqbFiqEeiA_VopC|f@k`AkJmmAoqAmPq{ArYAwk@im@jMm[am@}s@iL{h@s_Ekt@iyAiuAuPmpB_sAal@qfAj|As{GmqCmfAk{Cg~FqnDobDskDkf@av@`h@giRzaB{qEhkC}cGsJcNq|CwzAafBfwAwtEjP_`EgfByp@lL}tBuuDobB~{A{F~bBkbAaxAbq@{r@eH~Bmh@gZoEzn@w_BcVugA,}okbGzd_dM{AknD{WebA}\hk@}O_lAsFiwEaYkX{_A|NcqAu`CfYw|HkeDucFccDge@kq@_m@oPeoClRkm@x}BeuAbKomDuxCcwGgiBevHv{@cz@dB_cBcdAw{CI{_Bga@_r@u_A{Lwm@mjComIkgG_aH{lAMesBgw@ep@kjGiaCsrAghBy`Fa~@}mAeoCaaBmgAwQsx@~S_uCxv@c@piBczBzVigAvvBgz@{`@otBekBqlBuUs`AfKeuAaj@o`Ez}@{_Ha`@kmAtBsqA}^yJunDwxHdAuzA}qAc`@
NY-21,24,72,0,0,3640,355.4,-74.336151,44.986985,-74.685927,42.499801,235.3,179.6,330.4,-74.685927,42.499801,-73.684865,44.996531,234.5,179.6,355.4,-74.336151,44.986985,-74.685927,42.499801,0,552,24,uoqqG|wudMx~JodGxbKkv@nmJngCxwIadCpbHj`EtrLimFtzKbzD`vJgVvfHq`IvsEkiAjaEfsCzrDsrEpuClrRjnH`qDd`GktBz_FbsV`jIfvJbkGrhB|uSulFr|F_yNb|EnxFp{GmjGbhE`hB`zOum`@xl`@nv]zyRq~I~tS|`b@djLi{@ppCdoEvrGsuCff@}~CpdN`~@lfBiwFtkBb@daI}aL|jLqsAfsAsfErp\qvFziC`yBvvAu{BpcUufCxtK|kl@jm\hjQ{n@vzG,wvkbG`bzfMzn@wzGye\gyQo}DswKis@}eS{_DaaKu`w@`lKeaImoIinDrHamOk}So`LyjEwkElaGopMlmGo_Cyg@ybA|xD_tGuj@ebc@aqe@_fGmdPpmB_zEgiCi|FqaCyJm}@k{Isyd@gsTolK{MkaZ}_MmlJigPoqI{|AgvDy{Lw`[j_DasTulHguR~rBkmKygC}dIdhAqwLw|K{ui@pmCavAdyB|sC~f`@yqFhzAiAh}D
NY-22,24,72,0,0,1982,166.2,-75.35058,42.747737,-76.710506,42.727639,92.6,82.1,149.8,-76.710506,42.727639,-75.174135,43.109869,102.8,82.1,166.2,-75.35058,42.747737,-76.710506,42.727639,0,552,24,kd|cGb|{jMwUca@ya@`i@ywDvs@pApmAex@`lEu^I|OdwAkYxcCjXveIec@leBawCzdFqeJ~|Dq_@~aDm|@piBjDxlEouAjyHi@|lIyn@paMsu@`~DdoB|jIciAhwBtHxdF|dBbhFhx@dgAf\|oI`~ArfBm|A~dACrgHumBffH]pyCaoCfbMrArbK_pAp~FiBh}ExvAtwY~nDeK~n@rOn]`v@dhEyEjgCngFlxAbnAhfAbgG{FxgE~PdNnuCtmAfcGezAdeBleA,wfxcGtoesMeeBmeAgcGdzAawC}nA{nA{}My`FsvHkqM}r@m_GmuEgjBDcpCedDifBepFmk@{qI|^wsPayByeE}BeuH_fDerBflCezFqdEekEqOirBt`@elB}s@wlOj^krs@_|Ei|[iaAwwWtiC_}XntBarAhK{jDhwAe{BwjC_yHsrBakAz|@_yI
NY-23,24,72,8,0,568,360.1,-78.787905,43.067108,-76.13245,42.402385,235.2,187.9,334.4,-79.756234,42.090082,-76.090975,42.20808,247.8,187.9,360.1,-78.787905,43.067108,-76.13245,42.402385,0,552,24,mpzeGlg{_NaT_fGg`BcfAo[yiFltq@D~^oxCnqDmpFhb@eyEz_Bip@rfGbs@n}BgxBlrLejE|aC{|D|cIsrFp_OrM~jHudIlIofDzuArU~ZyaEo`BkwGpAw{CjuHmlKqi@q|K~\}bCpu@xHn|E{hGtwApB`yE_fFgfBwkGnxBsfI{oAquS}uA_fGz[cyMctD{zIpbBknF~_EqsAvnFmuKh`GsnAf`JgdIb~D_]ziBqmCzoBkqKvcBsmDsm@kiI~fBosKe|AkdEujBen@weBo{D|o@cvJmyFsuHgmAe~EnwGcjJinGqt^xy@srF|sE}g@~`G_gDlyHwjJ{BiuF~dCibHqAspDebAshC~bB_qDyx@yrCfiAsHg~@ogKmwBc`CjUazOu{IuzHqsBwdH}xCrjAg{Cuw@i}Gm_KiiFkcCcsEoIibJnc@esE`mBy}Au`HucAt_@oiAkgBgy@hb@pGkcB,_v{_GlkxeNorDgEo`DmnHuu@wj_A`pEw|VaiGqwn@pkJ{mRmOewWeeHi{Edt@}hNxoI_jCqcAqf]`xAwxEcoBalFaxKuqDgbG{nMeqAs{K|rCwvPsbD_gLq|LgqLu{Awbs@axDcgIfwOcmVt`X{qLz~HilU_m@skI~fBosKsnHapL|o@cvJugIytOnwGcjJinGqt^xy@srFdtHwzAnbM}dLxyCssQqZa`SfiAmIg~@ufKmwBc`CpO{jP{uI{iHqsBwdHeuH|Qa|JeqLpFewR
NY-24,24,72,17,0,1455,389.1,-75.628863,44.297295,-79.049738,43.252125,268,186.8,343,-78.457545,42.540092,-75.628863,44.297295,236.8,186.8,389.1,-75.628863,44.297295,-79.049738,43.252125,0,552,24,cyjmGjgrlMp}Eb`GhsLlbh@tcKrM`yKhmF|hJor@|}B|qEl|n@l{W~sLcTfsQniGtqU~i@oAbyU~uUhxJbPdlMtgDjtI{_BduDbe@r`Un~L~_Bt}ZoqEpmHf{@bmJpr]tmEhnV~sAlhYo`Dz|q@dlKlVvfGb`LcpDbja@zJjr`@_wBjhUruAhuy@_q_@dci@uErvTqgCyBoiFdbT}kDhkEw|BzaVy_DVggAbgDlo@d`ZanGlo`@rNjgK,qrsbGtvz}MlDcwZinGmaO|mBw|P_hMyeRufPcrHi{GwaOoa@s|M_tHgoRmhNyiGo]itXfyEgrq@wfGc`Li{JuX`xBqc~@y{A{}Qm|Oocp@_nJofDavFd{A{m@mpD_vQba@omDkaQsmG}eFqnBg`UeiTgxGxLylV{rU_ZsvQ_lGmuLlVido@yzWm~BgvE{dJfw@sbKioFo{KcV{xLech@swEarF
NY-25,24,72,29,0,1811,88.3,-77.44952,42.903507,-77.985109,43.365841,53.4,43.2,82.8,-77.378874,42.924162,-77.985109,43.365841,53.7,43.2,88.3,-77.44952,42.903507,-77.985109,43.365841,0,552,24,}qzdGnzuwMswAxkAkdBraEij@h_@c{AyTkp@bn@{jEnIkcCzdAooItP{b@tZivA}j@{}@naCyzAtfBdi@vc@dBtlJqrBjzFypCvbC_nGbZw{@qd@ujLkqAuMreDknCfpD{jDrhAyj@dlAkvA`xQsRhvHwk@dtCPrwDwa@fP_\nzF,_s~dG|`hwMoeFn~B@jnAieCcNqqCvoEubAyRcjC|cC{uDrmAcdCb}CyhD~q@ah@z|A_n@rV}gA~kB{aA}`@kfBrDonDpr@fg@dsLobAvdDaZvwDehB|IwiH}fA{Id|C_nBzrC}tAtiA_|Bhg@ae@xz@oe@heDGvmDku@jtGsRhvHwk@dtCPrwDwa@fP_\nzF
NY-26,24,72,1,0,3661,52.4,-78.971304,43.128352,-78.706784,42.815685,35.2,27.4,51.9,-78.706784,42.815685,-79.041943,43.127839,37.1,27.4,52.4,-78.971304,43.128352,-78.706784,42.815685,0,552,24,eoffGra_aNbLt]fRYdMuo@`T?rcAdgClIsb@nVmMnoAjv@xjGaDfaEw`Ch`DifIfg@ef@vy@fIns@dw@j|@mbAvbAqN~zAox@j|AbP~}@_A|\aPnvBqyBng@g~B|a@m|DgEmk@gj@kfAf@wpB`OwIvmCfNdEir@na@euA~AuyBtd@_`Hh[km@bwB\zKfQZbi@}ZA,amidGjlk_N|Z@[ci@{KgQqqCu@gh@vlI}A`zB}d@ruBus@pQq_BmWgKjHc@b{Bdk@tiA|Dlp@qx@~iGu^~{@kaCnwBg_DeMqyAtw@}fAvPqu@~_AkTuDob@ip@yz@cIui@jk@a{Ch|H_zDh`CqsGfH_cAgs@sY^eg@`kA}z@dq@o[jgAef@|UpBns@po@h{@kt@bUtNlN
OH-01,24,72,0,0,474,179.9,-84.815365,39.277621,-83.583824,39.529174,101.2,68.9,171.1,-84.812454,39.222772,-83.583824,39.529174,93.5,68.9,179.9,-84.815365,39.277621,-83.583824,39.529174,0,552,24,clvnF`otdOi`AlrAieAsx@rlAoxB~jAst@jmAmTrL~fAdqF{aJztErkFflB_U{KyqAdTow@`pBmf@tqA{mFfgEmyCjs@eaEvrB}hD`AopDicAunEkpAayAvMybHgaFclA_r@mkA~BqsB}f@a{AkuAwkA{NmvA`d@esFo}Bmw@aDagDkbB{FqxCsrAixBsdEmnAeSkl@qx@{{Gij@g}FyqMeaAkjF}A{aCb[axAmk@caIm{EevJ{vC}gDayBkdKsd@egGlDazM{`Cm|Noz@}eJsqAoiFw}J}sDx~B{sC,iuknFx|sdOxJec@uvA`FjD{\juDav@vgCxCYykBtsAuA{KyqAdTow@`pBmf@tqA{mF~`EeoCry@mkErjBosClHgiEqbAkkEkpAayAdOa_HmxEigA}y@qmAmAkhCsi@swAanA}_AsOmiAhd@aaGo}Bmw@aDagDkbB{FqxCsrAixBsdEmnAeSkl@qx@{{Gij@g}FyqMeaAkjF}A{aCb[axAmk@caIm{EevJ{vC}gDayBkdKsd@egGlDazM{`Cm|Noz@}eJsqAoiFw}J}sDx~B{sC
OH-02,24,72,0,0,751,306.4,-84.256525,39.261422,-81.262324,39.572415,223.9,167.5,287.6,-84.227711,38.855457,-81.190348,39.42549,210,167.5,306.4,-84.256525,39.261422,-81.262324,39.572415,0,552,24,{fsnFhjgaOndFduClnBgjBzmL`Id~EzbCrkGgnw@dsHos\yLkxH~~MeuXeJiat@moR}jYizAs{Jhs@axGmqBkpFb~AoeL{i@umUbkEetFnjAkye@oh@scHuiCqiAasJ{`[ooD{vCeYagPq~EegF{eByhKckGyyMi|SyoViN{nLrdD_iLzaFw}AxmJc`Q{{DeqTstFesGoIanT{tL_wBaiCkrHclGujFkbAadResGcgIc|@kmHeqEa_CywIdjB,s}clFdvaaOoiB{iIzeEwnNieD{gOkwF}hGreG{xJ~|@unIohAeiLgpRavJxdEyqKeJkys@apRcnYizAs{Jhs@axGaqB_lFv}A{iLyh@mtUddE{xEvv@mqJcJeqc@mnCoxAasJ{`[ooD{vCeYagPq~EegF{eByhKckGyyM_|SonVsNepLrdD_iLf}McdKdtBm`L{qCaeEcn@mkJyoFggGuKmtTctLquBmjL__QltBijH||ImqFalGuh]mzE{hD
OH-03,24,72,0,0,449,40.1,-83.089867,40.052054,-82.79948,39.945793,23.5,18.2,37.9,-83.084224,40.014869,-82.767807,40.119191,23,18.2,40.1,-83.089867,40.052054,-82.79948,39.945793,0,552,24,itmsFtnczNrAqmAkDKxDo_AeNBbOscHadA{Bf_@sgUzMiM~YgDz~D~Khf@{HzR}PtIwVnHmwB|YwwAlQcZlY_Kvq@rD~ZoEfmAy`Ap\sMhfAxFrFvDsAdF{DyFW{j@vw@rCpRaItBohAkYeeBbAu}@,}kfsFjkbzN{FqNeVaAfDsrBmrA_iAnV{UcDmvA{Mum@lDcfEw^tMurCxI{]eKql@el@wlAcI}ReIfFgjDxg@}{DcP}`BlDmbB`Hmk@nCu}BcDgc@mdAsgE~D}~CxD_V`LuNwx@}tBol@kMuq@cb@{PaBqYiZ
OH-04,24,72,0,0,732,227.7,-82.344809,40.682638,-84.801968,40.952103,149.4,130.1,220.4,-84.798144,40.413464,-82.344809,40.682638,157.5,130.1,227.7,-82.344809,40.682638,-84.801968,40.952103,0,552,24,oyhwF`~quNQpoEgwDhAfo@|lHxvAb{@{e@xoMx~A`iCrPjoGsoDrfN`kDhu_@~zFztTps@luIzzF`lSjHt~HcoCh`GgDbqEaaElyMiVbp}@alGtnNaeG`gSgBbaDu}On@_|@pfYp_@lw^sbAbqHmPbdWmw@hlA]tqGmhDzDfW|a^{xAjoCkIj`JykAdgIqeH`kM}@fcPwd@sE,cgtuFjcqdOzFk_Egx@a`BvUo~VkqBa@cT{hrC_g@srI~~IaaHnyAgyEbcH{bK``@mlPbsHm`JtdFymWgkB_fE`aBklDowK{km@xu@avLgyE}zNuuAaYk}BecE|c@qvPisMqnBo~L{mTglI{qJ_cCk|F}|U}aQve@inMyvAc{@go@}lHfwDiAPqoE
OH-05,24,72,10,0,4886,186.6,-81.995008,41.513915,-83.875599,41.19702,125.8,105.2,175.6,-83.79973,40.826551,-81.995008,41.513915,125.3,105.2,186.6,-81.995008,41.513915,-83.875599,41.19702,0,552,24,_ek|FxsmsN`D`rC`~GvExXd}Eb`JxrH~PldG~vAdkB~pAfwQhnAfaDhxEwqArsLts@~YdjWtl@x^uUta_@vfCnJdq@pdEcyArsNmq@jg@ne@zcFh|Ed}Oa@dzBdnAkBiCjqVjeCjxBvMxb{@nrEFkRvrRsiDzxF~cAndXu~By@q~@bvk@kfCpJIr{M|l@@TtwA,}|dxFhcn~NEshxAkuDmwCig@{|H_bPy~Q{_n@{kh@hCkqVenAjB`@ezBi|Ee}Ooe@{cFps@_j@|wA_tN}o@_aEi_Cg`@`Lol^ul@y^qc@eqXyyOl@{zBkqKazAap@}g@kpFgsAiaAi`@suHi~IaoH{CenEgtHgSaDarC
OH-06,24,72,0,0,432,193.3,-81.090283,39.866472,-80.525225,41.097517,129.6,92.9,157.9,-82.117921,40.770599,-80.797705,39.880011,119.2,92.9,193.3,-81.090283,39.866472,-80.525225,41.097517,0,552,24,mlirFf}|mNo~@vpBzZ~j@qrAfRim@~uBeiBmG}|EfwEwfE|lAwiDya@_zAk}BcrFp@xJ{}Pgw@{jOwkA}}C`vAa_[au@}cMacFi~D_hGdMorJkxGykFm`Ag|BejFasE|FyuC}|A{rCftA}}Ba~@ytBbbDmxB{|Bk{F|VuhCszAkaLxxD_{GfbFwhEu}Dm`AoeFvUuqBkr@gKksEdv@{rBxlGmgKd`@ahGg{AmuIl_DmmS~n@ivA}_CgpU}uAs{BahR,g_zwF~setNetA_Bi{AqmOnf@akPv|B{xC`}As}FhLkyEzbCslEn{HguY~tDowG~vBmuKldEeyEv{Tu{H|`FysNnqF}`HtsAcK}\ceLreGwlGhu@uwD~nBm{Axb@_bGlrFitNlD}oGvzD{hHvzEcmB`{Cq`Jvy@nd@d`Akv@t`Bm|H~}KcgK`i@qjEddCssBrbCuj@djMbj@jsDzvCtgEcq@ub@jdDze@joCdjFwt@
OH-07,24,72,0,0,507,141.4,-82.337952,40.602931,-81.397963,41.386511,96,73,141.4,-82.337952,40.602931,-81.397963,41.386511,96,73,141.4,-82.337952,40.602931,-81.397963,41.386511,0,552,24,igyvFdspuNnq@e@Is{@edAaiLuwDsvDydSd`AyeAluBqmO`dCieArmB_nBwbA~d@}uEy{BmgH}pMyaYu~FieHem@{`JkbFklPemQqdOczDukAiYiqBifDurCkwRxJy_C_}@sIycPcjHzNrj@{`h@sj@soBysCqBnBylC,igyvFdspuNnq@e@Is{@edAaiLuwDsvDydSd`AyeAluBqmO`dCieArmB_nBwbA~d@}uEy{BmgH}pMyaYu~FieHem@{`JkbFklPemQqdOczDukAiYiqBifDurCkwRxJy_C_}@sIycPcjHzNrj@{`h@sj@soBysCqBnBylC
OH-08,24,72,0,0,595,168,-84.399696,39.139922,-84.27937,40.091884,105,86.4,161.7,-84.399696,39.139922,-84.795171,40.352774,105.2,86.4,168,-84.399696,39.139922,-84.27937,40.091884,0,552,24,oo{mFbicbOsu@ubEwvRwQ}lCokBeoBfkEza@lkFklAl{KumBrUir@|fBqnK~FhJf}BatAfjEstEkxCqfCdEqnE|qCkeC~oHazDdnDagIliCcwChW}zEg`DucJey@{xLp}@uu\ijAgn@ilEz[sn]puA}rBmlGhAuFgjP}sDfm@sgEmyS}`D`JomChyH}kBeK,oo{mFbicbOsu@ubEwvRwQ}lCokBeoBfkEza@lkFklAl{KumBrUir@|fBqnK~FhJf}BatAfjEstEkxCujCvGkkEnpCuiC`uHifHzqFmaJ|yAegFibDucJey@wtDb}@i~c@gjA}uOf|@mrG}\i}@a_Amc@hqAohDeMyiKrfG{~PhkCcaRrpIoAjaH
OH-09,24,72,13,1,3497,214,-82.465489,41.288775,-84.392752,40.925015,159.6,130,205.9,-84.80273,41.052032,-82.351227,41.427164,159.8,130,214,-82.465489,41.288775,-84.392752,40.925015,0,552,24,{e_{FhpivNylBvAjHvgDsoKrFgKniM_iDbn@om@~_Crp@~uNkm@n~Iix@leCg~DlsDouBniHc}Fr_A_q@faK`vAfuC}BjgG}hJz~Ro_HttDeEtr]qvEnl@fNrqp@gg@`kCl_ErqId`ElqDrnDxlK|_DpcE``@rqCxuK~dIlE`eFr{AtfBxaAr}FhFzaWnqAzkExa@vfOjfDhvFneMt|]lVfiGhvGvkLnbArwFzjl@Dm@__NdmQ}j@,e~pyF``rdOi~CzBNe~MmtPnv@y~CqkHahLcvo@iwGkmLeXmmGceMk|]ihDyzFea@_eOmqA{jEcFaaWibAy_Gm{AefBiEmdFavKgfIwa@isC}`DwdE_lDmhKm~DopD__EouIxc@shCgNsqp@pvEol@vDiq]j_HkuDpjJo_SnCegGgvAewC~p@k`Kd~Fm`AnqB}`HfdE_}DjnAsqEjTe_Hyr@krMfkDamTuqH}|Y
OH-10,24,72,0,0,540,106.2,-83.659029,39.718141,-84.46603,39.439231,66,47.5,89.6,-84.482145,39.898204,-83.70694,39.555591,58.5,47.5,106.2,-83.659029,39.718141,-84.46603,39.439231,0,552,24,kmlqF|sr}N|M`dAgV`qDp`B~b@fgAnzA`|ChpAuZh]iHh_B~e@nfEgwCtnQtOtu@nnCtzClWbaEi|AfqCkiB~h@ehCfvM_`D|wIepA`~Gz`@nlMrXiBpfBtwFpwQ~aQz`BxJfuBjgBblDi@teBxw@ncDwCtEby@ny@~|@n|Ed~Aj@hbGtv@juBbkFiGs]o~@,wrorFllsbO}^tRsGcjO~pCspBjjDolAeBshEtx@a}B~zKcbRhiB}aBd@iaAhcAkTqPefGjzBgsKxoBumE|nC}`MzeBchA|xAawB_Q_|Ec`DqkEnwCcyQcf@uzDlRkkB`fHme@~lBev@~qFvT|cB{~@{b@io@
OH-11,24,72,38,0,4231,60,-81.844482,41.40488,-81.396802,41.513966,30,25.1,58.3,-81.844482,41.40488,-81.396529,41.545451,31.4,25.1,60,-81.844482,41.40488,-81.396802,41.513966,0,552,24,o{u{F~fprN`r@Ni{A_sAg|@oRoPkj@gpAgfAuI_qBub@}gAkvAs@cTaaA{[qL_]_zEmU_bApC_pDca@oyCM{iBoj@}|C`Xks@wDivDb_@icEzAoiMcrFcoJyS_MhP{kBaQuL|BwgAvg@HeDvd@,o{u{F~fprN`r@Ni{A_sAg|@oRoPkj@ioAaeAmJs]EqsAub@}gAkvAs@cTaaAe[mJgSc~AgHivBiW_oAfDuiDca@oyCM{iBoj@}|C`Xks@wDivD`_@kbEpAclMgr@f@a]ef@ogAm@qcAs_De]s`@k_CxK@}gAqNku@ow@mgAhJ_ErG}bBlJ{K
OH-12,24,72,0,0,731,233.5,-83.107106,40.213079,-80.896762,39.62246,168.4,124,233.4,-80.896762,39.62246,-83.107106,40.213079,168.4,124,233.5,-83.107106,40.213079,-80.896762,39.62246,0,552,24,wbmtFlzfzNaDwdM`sAs`@lOyiHzwAom@`FkmHgiKe{JnwNi~_@f|J_jJ~oBq}DfrAsIzuB_aYq|@arF_d@{uYha@kvC{~Aa{En^ixG|pCggKldKajMlbCc]dlC_}GwaEgf^n[qhGgqAsvUsoCoiFwGcaG~oAy{Hh{DmjDz}IqMlvWbiD`uG_gCkFsoEoiB_|@_lBa}EcKk}CnvAouFmsDw}FjHwkGarBjPw[k~@dhHqwI~LggNi|AavCdtA}qArfA}aOlpD_bE~mFqx@gFosCrzAe_BwJ}yAtqAkGd^gnDraEgd@hOetB,kwypFvcwlNiOdtBsaEfd@e^fnDuqAjGvJ|yAszAd_BfFnsC_nFpx@mpD~aEsfA|aOetA|qAh|A`vC_MfgNehHpwIv[j~@`rBkPkHvkGlsDv}FovAnuFbKj}C~kB`}EniB~{@zMn_Es}G|tCsuWkiDs|IpMuoElrDew@tqP|pC~nFfqA|wUi^pyFzeEbu^okC~|GmbCb]ceK`kMgpCffKyd@lsF~cBz`Goa@`uCld@nuY|{@xwFicC~zXgcArJ_pBp}Dg|J~iJowNh~_@fiKd{JaFjmH{wAnm@kOphHiqAxVfBxoM
OH-13,24,72,0,0,371,79.4,-81.305765,41.273998,-81.348651,40.731038,51.8,44,67.7,-81.348651,40.731038,-81.562171,41.346822,48.1,44,79.4,-81.305765,41.273998,-81.348651,40.731038,0,552,24,oi|zF``goNck@|{Bv|B~Cy@ttB~gCNaCnpSln@x{F|aGopAz`C~G|gAs`AncF`mBh_BpoAbzDn]j`HzCzdAmr@p}DkUjfE}`F`pE}rDjeJ~D`dEiaEnhEaA`iCwhBdk@jw@dsEgqC~p@soB,_hrwF`looNqxAhvC}eDrwAqv@_d@kdCfgBiiEnA_cEv`EkcJ{FoaL~xK}wDjSweAfr@qiHeFmlDe[edBerAceFijBy`Ad`AghCeFshPrdD_mGxrCk_Ad_E}nApR
OH-14,24,72,25,0,2135,129.7,-80.519359,41.85715,-81.38732,41.024304,107.6,78,129.6,-81.38732,41.024304,-80.529716,41.953487,109,78,129.7,-80.519359,41.85715,-81.38732,41.024304,0,552,24,efn~F~lmjNmc@AcAnfU{tBzpEhiE~dFzsBtxFfL~rCp}O{mJzry@j\j|N{|Ahk[dpAjyKsxEnIlaEfmC~`H`qAfkKhgA``^sr@tpgAf{Nq@`RtxF,{pkyFv}voN}PuxF_tNkQtk@u~fAeeAs~]gpA_~KgpCqnG{C_mE}_LpbFsl[uoAm}N||A{my@y\{cOt`Jw~CubKa{EewGi|DylPopDmr@~I{iEgfAfJ
OH-15,24,72,0,0,829,265.6,-83.851578,39.025628,-84.345782,39.996251,137.7,85.2,151.9,-83.851578,39.025628,-83.08035,40.105736,96.6,98.8,265.6,-83.851578,39.025628,-84.345782,39.996251,119,552,17,eeemFjgx~NyiA{lC}rFj_BstAkpEmoKooPiyG{gTmwPmdC{qCwlCo`IicB}cMshGwsB{{BwoJ{`Baw@m}ActJfxNgfFn_MkfIegA}mKdxA{OxpFazAvyE}rDndBgbF~jGdn@twBgcBpOsFzlHcjC_MqGz_Dxf@bsB|xAhw@x@dyD_x@_Eqh@btAxVrrD}cBoE}h@pqB~dC`~EuqDnH}o@haBfWbnA}fEmS~NbtEepDsEcgCl`OmkHhkF{|E`~@mqB_a@rQjkAoqIt~Evo@xlS_gA`|CbiUmdBtWtm@,eeemFjgx~NyiA{lC}rFj_BstAkpEmoKooPiyG{gTuuPucCssComCo`IicB}cMshGwsB{{B{pJqaByqHahLez\eaZwy@cjCasB{Z_oGa`G{wBgjDceCtCmjClgBiaBkqDahH}hB{p@adDq~NvC_aPrwBm{AslBhJiwF
OK-01,24,72,0,0,756,86.6,-95.955289,36.418685,-95.84775,35.860723,50.4,51.7,76,-95.408455,35.871231,-96.289621,36.099431,64.9,51.7,86.6,-95.955289,36.418685,-95.84775,35.860723,0,552,24,y_h}EpgthQe^tCEa|Ezo^tTvtC``CvkFzWpJizCbiAi}Dtu@qq@zcBeX{McbB~Ra[fgWoJ`bAtr@z@tuBxlZlXlDc|BbcD~LbMqoAw\mjA,eb}yEzmieQAma@jxCCabBbjHesKlqWsnAd_AuvD|r@ooDxzFklQxdg@stCbsJxDlz@klAhmEg_B~mA_RruGerAxDhS~y@}OdfGjoA~iCfv@n{Fwg@~yD_cAfkCnQllKkj@hyA|~C`hCdNjbDYmj@x_EnN
OK-02,24,71,0,0,3196,425.1,-95.989615,36.872491,-94.478805,33.891401,324.4,239.5,345.2,-96.216112,33.76007,-94.67255,36.990087,277.2,239.5,425.1,-95.989615,36.872491,-94.478805,33.891401,0,552,24,at``Fb~zhQkrGsjeApv\pBul@arPjdMspIxDauRbbMya`@zkaCn`b@jlr@vs@xzS`vOfgbA`}Q~nYd`Txo^~lErvO|dPxfh@o`Pn|Q`mGztHezFrwa@iRj}_@asY~k^_hI{cDwt|@nnE_kf@rpQiyd@xOkacA,mw`mEtegjQipHao@oKhd`@uj]__@yrAhiGs}]gs[}`~BuokA}vUmlXsrf@ymIigYy|Sgvd@yfEmsq@ep\olr@gr@mihBugZmxTsmM}{Vw{r@sa]_mMGabM_lSm}Q
OK-03,24,72,1,0,4136,575.1,-96.015943,36.967036,-102.840285,36.994819,449.8,390.8,561.4,-102.990636,36.900934,-96.006728,36.181043,441.7,390.8,575.1,-96.015943,36.967036,-102.840285,36.994819,0,552,24,_cs`Frb`iQfvFtk@gq@jeIjcKpgJp{D`dVzfb@t`N_hE`{pArxA`~}@|}x@_Sak@`hkG|pDjmDlBxw[}eIprYoxBt~bCglYb_XkmInth@bc@lmuGchJrcO}Ff|d@q}Oh~GrqDdhyFk~q@v_G,yef`FnjrsRpRuh_@~__@waDsqDehyFp}Oi~G|Fg|d@bhJscOcc@mmuGjmIoth@flYu|WnxBcacC`dIeuPg@qsd@gqD_oD`w@mhkGmtC{cs@aoRoEyFcmQjmXginAchAela@dng@wpU
OK-04,24,72,0,0,3658,287.3,-96.411644,34.803826,-99.202359,34.462651,205.8,161,273.8,-99.196894,34.385001,-96.411644,34.803826,200.8,161,287.3,-96.411644,34.803826,-99.202359,34.462651,0,552,24,}rlsEvkmkQsUj_A{wBlNgbJgz@MziBftKjfKxxFzpPgQvjQaq@@kEvcB|yJvyAlmF~oErkFvmJbXpxExqJ|bK||@znCnuDnlCjoBb_IdjDtiB~WrmUc[nrJcxA`uD_@`dRxqDf|I|CfuMtkGxtJm@fpfA{hGv{J`KdcKaqMdA{_AitAo{B|@\~|lAnqHrgEbyFrFKbbRh_O~oVdTplGprDb\gDxuvAqsDxWBzrLybGL,gyzpEpkm|QFgiAkm@_@hEouaBqrDc\eTqlGi_O_pVmJ{sR_mFxGupHi}EQw_lA`xBaHxaAduA`qMeAoI_cKthG{zJ@iqfAukGytJ}CguMyqDg|I^adRdyAswD`Z}oJoVomUukDyiBkoBc_IouDolC}|@{nCyqJ}bKcXqxEoiFcnJaoF{pEgdG{YmeBwoA~z@q|S{yFwqPctKadKHelBfbJfz@zwBmNrUk_A
OK-05,24,72,0,0,675,184.1,-97.780584,35.721177,-96.692307,34.886491,121.7,89.7,163.4,-96.546893,34.916176,-97.668202,35.837097,129.9,89.7,184.1,-97.780584,35.721177,-96.692307,34.886491,0,552,24,kx_yErwxsQxvRF`nGo`Q}oB_Dm}AecBbbA{_o@goG{fl@huD~dA|~HtBdgFg|AniUjiA`pDysAqFo{Snm@g{Eoe@qcG`|F}yJv}HcKfmEo}BjhJfz@dzh@yHxFy_Yn~EibJl|HQJmaEhyAaWaQ{nA,cqbtE`yglQ_mEGaaAbrIf]|zE~}AnkCwL|sCkqz@wgA`@`eLquAniIyBtiWcfDz}C}zInVezFz|Ihl@n`HgeAvqZwgCzsAumUaiAsjFn|AecIkCedEo{Ab_Hfrl@{_Avm^akl@hC|_@dfO
OR-01,24,72,26,0,4311,234.4,-123.424829,45.416337,-123.517002,46.234984,124.3,87.5,211.8,-124.007955,45.073063,-122.920718,46.085201,126.4,87.5,234.4,-123.424829,45.416337,-123.517002,46.234984,0,552,24,cketGdlipVpmAlu@nx@vfExq@kHySjvBmh@gLxcApwBmzCldAgm@eh@{fAnjAie@boHesFDsAx{LeiBbrBc[ovIylBpuBwmBcsAo_DkIgk@mpE_iCgmAge@eqGctAiiCbD{qHmbBcgD`YixDocE{sG_f@c`F|Yi|DciAxjBezFgbAqqAh`BsiGpTuk@y{C{jJ~H_t@crCcrA}m@`]u}EajB_rA}Aa~CocBsLqjAg`Cso@jv@ar@g`By{BaLcwAd{CmgC{CmfBn~AjIp|DqgBvuGmj@fL_e@czAydCuFcvFn`Du}D_m@ylAiqDapAxMht@zkMw~A~wJqiEx_KgfAzm@pMt~Gmq@~vGyfAnq@oaBedBedEiO,sibrGvh{sVqsCwwDmkHa~@aoBq{E_cCorA_rDakGsbB}\wJ_bA_s@rVit@wfBm~Bc@mkAavCy_BgLywC|zBo|Ao^mhDggEmcEwKe_BtbCuzCxB}lCntB{hA}lRorDqjLjj@cxEab@srFkqBfmBwmBcsAo_DkIgk@mpE_iCgmAge@eqGctAiiCbD{qHmbBcgD`YixDocE{sG_f@c`F|Yi|DciAxjBezFgbAqqAh`BsiGpTuk@y{CclJdHwr@iqCcrA}m@`]u}EajB_rAwB{~CubByKskAw`C{kAzk@yp@}}AqcBqBgmAxtCuz@uQyYmrIh}BugF_MecAabAlAuo@_vCizCzdA_eFm}AmDs|A}kEofB_tB}tEyzCw{@zUs|E
OR-02,24,72,19,0,3738,954,-123.159448,43.211148,-117.223614,45.996537,680.4,422.3,921.4,-123.678911,42.015345,-117.223614,45.996537,648.3,422.3,954,-123.159448,43.211148,-117.223614,45.996537,0,552,24,utvfGpqunVdYv`Oj{Sx}GzaDj|LduHe|J`rMpiEt~Ic_Q`rSx{CriGnfTlmInfCvch@}dFnkJomXk{@cz\fnImr_@aoP_ie@tdN_zk@di@gho@ysRk}[yrb@|DiG}gVvjLquFxq@upHo|t@oeHagFovm@iaQmrCaoT{n`@ihEo`s@xyCups@qjNufb@_tGiA^epbA~vJocRc`J}dXlcN_a]yaFaoJs}Hke@gmNm_a@cyi@avg@xfB_eqAgqIcaB_f@{wHwgg@clCs~OiiM{sXa@iei@l|SazM{{NueUpQ_}Golv@k_MaaJ{x@{{MitP}wMiyF}|PtaBazPozJo}U~gK{dw@u}WkdKwtXn_Ag|x@hcg@maY`{BwyCq`Iehe@c}MsfFev\`mBk_E_wEkZ{`AgwKbdEwcS|a\udb@voCy_SehbBmm@}`K{iH,}bm_Gd`{qVybHjpDsko@cfR{oRera@qlCewdA~nIanb@ioPmsb@flN}hm@uu@gdv@ozOmrSyrb@|DiG}gVvjLquFxq@upHo|t@oeHagFovm@iaQmrCaoT{n`@ihEo`s@xyCups@qjNufb@_tGiA^epbA~vJocRc`J}dXlcN_a]yaFaoJs}Hke@gmNm_a@cyi@avg@vcBgjqAenI{{A_f@{wHwgg@clCs~OiiM{sXa@iei@l|SazM{{NueUpQ_}Golv@k_MaaJ{x@{{MitP}wMiyF}|PtaBazPozJo}U~gK{dw@u}WkdKwtXn_Ag|x@hcg@maY`{BwyCq`Iehe@c}MsfFev\`mBk_E_wEkZ{`AgwKbdEwcS|a\udb@voCy_SehbBmm@}`K{iH
OR-03,24,72,0,0,4705,181.8,-121.481812,45.27878,-122.781126,45.63146,95.4,67.5,181.2,-122.781126,45.63146,-121.481812,45.27878,95.8,67.5,181.8,-121.481812,45.27878,-122.781126,45.63146,0,552,24,kojsGh|mdVxr@dyBtb@i|@`fA{PnbDnPjd@ghA`R`\nj@ihA~n@rqAnq@kcAvc@vqGxe@``@Kx_Bav@tbEl]ho@wqC||BcgAfA_iAxvAsjBo]m_Evn@qZdzCq}Bx`Bbi@dtB|kAs[lYd_@oBf`Akn@pRno@dhBThjBge@`gAabA~@}Nd_HiVlaAi_@|Czx@tnD_k@nyA~[x`Fa{@x`DybBj|Amn@tuAwoAblHkvBnvFsw@fmEdVhsEkKbiDv`A|kElD`|Awy@|zK_zBtnD_Kn_Co`AvvDu|G`oMwqBx`CwwC~qAcw@`_Aab@l_BghBm@[pu@slAbc@ql@pmT_l@fu@}\u_@gO~f@enEpj_@yjA|xC_u@hg@sOr}AgmAtG,skouG`uklVnmAyFjOo~A~t@ig@~jAowC|nE_l_@n|Aas@xo@gpZhm@OlMu`@|mD|DzqAorApcBuVbkBw_CjeHg|M|`AswDrH{yB|{BmsDjy@grLyeAuqGjKciDeVisErw@gmEjvBovFvoAclHln@uuAxbBk|A`{@y`D_\y`F~j@oyA{x@unDh_@}ChVmaA|Ne_HxdAiCrh@ytBiv@mcDjn@qR|AqaAoZ}]ijAt[ci@etBp}By`BpZezCl_Ewn@rjBn]~hAyvAbgAgAvqC}|Bm]io@`v@ubEJy_Bye@a`@wc@wqGoq@jcA_o@sqAoj@hhAaRa\kd@fhAobDoPafAzPub@h|@yr@eyB
OR-04,24,72,37,0,3750,481.7,-122.296339,43.441949,-124.097271,42.016221,307.5,210.5,399.7,-124.097271,42.016221,-123.770948,45.053287,260.9,210.5,481.7,-122.296339,43.441949,-124.097271,42.016221,0,552,24,ewchGb_miVupE~rDssDilAdtAjeOisDbaI}xGfuAyjPghEyyMt~@swBxrOuwIbtFabSjtb@se@j_KilHnqTfpCqTpZpqHz`CjzDdyZvoLj{BdtHzA`cKzkFrpGrcE}~BjxKtmBbaWnoUl~ImhBhtEpiCdcHys@njLdrD~~Xny@bbEzfHrbChdKo~ApyClkAxtGroEfpIne@|dIxvPn`RfgAp|SmbF`eCqpCfhHxe@lkJebDltNbqBncCyu@pvDyvEnsF}qA{l@_e@pvIi|D~hBdpBznJaaFleLxgBvuLjsUvKrbm@paOdaM}wG~bAqpEjcMqlD~cH_k@jrXd`H`SmmBxsRn}@`mn@quQbrNipV_mDm}FvlCmnF{^q~D,khm_G|vltV{lB~mL`lDd`GsnS~nZari@jtMy}u@odEyq]pvS{xjAwdSwpb@eke@wnV|bEucg@mdGo{HwhPe_SdvIioWwuH}hb@|jCo|~Ag|Msuh@l`Bgsd@s|PrhB}kNyyH}fW
OR-05,24,72,13,0,4673,318.4,-121.455923,43.841906,-122.729437,45.307553,200.2,124.7,306.4,-121.455923,43.841906,-122.577556,45.460055,193.9,124.7,312.7,-121.455923,43.841906,-122.389516,45.355173,0,552,24,}zqjGnzhdVpkCdi@gAipBsoGsUjE|hHk|NsaDeeMkrNa|Ei~MkxG_TspGd|C}h]rgl@kqM`pK_oJhnPv`Alh^ejA|LmoAvdQmtInyEsvLyTk{Ks|JmfJxqE|S~|LobIzcUnhG~cKg{IbqLyWdij@qaEnrNrZrnNgtEjeWmz_@b|Aee\uke@ov^qvHs_NhyCvnDneK}pCdyIp|EboF`nDgxA,}zqjGnzhdVpkCdi@gAipBsoGsUjE|hHk|NsaDeeMkrNa|Ei~MkxG_TspGd|C}h]rgl@kqM`pK_oJhnPv`Alh^ejA|LmoAvdQmtInyEsvLyTk{Ks|JmfJxqE|S~|LobIzcUnhG~cKg{IbqLyWdij@qaEnrNrZrnNgtEjeWs}_@pzAwlXohb@_tNefHugG|e@coJ_xCmsMxtCq_J{cCixDvjA
OR-06,24,72,7,0,4006,185.8,-123.463893,45.386505,-123.668745,44.854361,84.2,62.1,123.2,-123.530234,44.738116,-122.750137,45.448075,75.4,62.1,185.8,-123.463893,45.386505,-123.668745,44.854361,0,552,24,up_tGh`qpVkq@`Iww@meEaa@lO]ix@}\rDok@{yAfn@alB|AqrDk\s\oBcsAokAiiAnBo_Al`AgnDvh@ePbcBsiCzfAyHv\}x@bu@yOdM_oC`zA_l@dAafBxs@ywChjDwqAhyClUQtzC`rEfAleEes@xuClQf_AddAj_CyCjoCcnAbeBnz@buXtC|uFlbCptE@k@~hOj}@r\@fm@x_@t]jhBtZb{@_^j|Alv@pwB`}Bg`@lzDa_AfjAxPj_Fbu@~cAo`@xzAraCbyBz`@|cEoSbu@`q@yDnx@tfA}o@xrBxOpe@}WvpBjqA`qA_f@hdFcnBtnFmhAze@,g|`pG|~}pV|_@olB__A_i@oGm`Nsg@cwAa{Bp[{pBs_B{hCcKioDeoFcoEgbD}bGws@g~AqiBnFo`Kih@owB`b@og\o}AacGmdXqsNugVssV_`PwkLo{J{EkyKqyCkeGje@
PA-01,24,72,0,0,413,106,-74.731132,40.150119,-75.551987,40.411466,59.1,46.9,106,-74.731132,40.150119,-75.551987,40.411466,59.1,46.9,106,-74.731132,40.150119,-75.551987,40.411466,0,552,24,gy`tFp|bgMqfBt`AqQb}@is@fk@{oF|rBauAhrCyyA~|Epp@r`Bj^jiHz{@bcApZf}Do`Bh}@u`@wZw_BndA_nAf_DsxExbE_n@pmEudB`vAdgAzqGkiQtg]}lBfjCipArlEqc@nkHz_AvzKf|BdaEbeAtgE|hDfnC{~@d_Bu`D|`C,gy`tFp|bgMqfBt`AqQb}@is@fk@{oF|rBauAhrCyyA~|Epp@r`Bj^jiHz{@bcApZf}Do`Bh}@u`@wZw_BndA_nAf_DsxExbE_n@pmEudB`vAdgAzqGkiQtg]}lBfjCipArlEqc@nkHz_AvzKf|BdaEbeAtgE|hDfnC{~@d_Bu`D|`C
PA-02,24,72,0,0,240,31.8,-75.151021,39.982958,-74.968821,40.104864,17,14.3,31.1,-75.146249,39.950791,-75.011261,40.130089,16.7,14.3,31.8,-75.151021,39.982958,-74.968821,40.104864,0,552,24,od`sFz|tiMi_AcJrQ{oCfScVcnAcqCzoAo`AmDbC{uBk_BiWwfA}{@muB_X}mAmVcj@ig@u\_a@_oAwh@al@uI`DuIh^cPzTsy@dFqe@_FoUi`@up@ea@s^}w@kdA{gA}RbGqPme@}C_`@kMvBp@tH,m{yrF`_tiMeSuGwBsY{d@yAw]qUqhCudH}uByaBmkBsjG{jBvpAqs@fGuZhVo}B{wAi~@~T_{@cm@{xAu\ifCo|A
PA-03,24,72,0,0,212,35.6,-75.148478,39.921025,-75.2528,40.056162,15.4,11.6,34.9,-75.148478,39.921025,-75.212969,40.081745,18.2,11.6,35.6,-75.148478,39.921025,-75.2528,40.056162,0,552,24,matrF~ltiMpBjCwFs@}Cfe@okAyOcUjmBqdCy_@rFjFeLv_B_a@v^cUrb@ig@jPqLbj@_[vc@cb@_Ckl@c{@co@cRyNhI_\h_AeKuJeLdAaOxg@oi@yUcL{Zab@jZsb@fMua@dl@m`@xDyb@dqAoTtJvEvPkUzLbMrSkRxVr@vFdYdf@,matrF~ltiMpBjCwFs@}Cfe@okAyOcUjmBqdCy_@rFjFeLv_B_a@v^cUrb@uf@rOsPvp@_RbZyPpEg\{Jcm@o{@mt@cNaRmTmPcm@uh@ieAyPitA|Duz@iSoCok@p^gl@}XoTlMeWkJkO~GyZsDkcE~}IvTlP}LbW
PA-04,24,72,0,0,623,129.1,-76.066924,40.368237,-75.073679,40.097378,68,55.6,129.1,-76.066924,40.368237,-75.073679,40.097378,68,55.6,129.1,-76.066924,40.368237,-75.073679,40.097378,0,552,24,olkuFfygoMtq@{fA_f@sxFcfCwpCff@yn@{_BsmBasGesN|l@anAbdBmeAt|AciHhwBwtDqRgmH``CerEn[a|EzkD_kBj@quArpBi_EkXmhGnk@ynCl_Dk_Ebk@cqAtPunBzw@_mA||AwT~~@ccAhTsxDbbBmqCjJwoAr{AydE~eQg}\haAyf@xUg_BxgBoqBo^y|@fUky@ca@m`AbVci@mtA}uAei@ecDjt@odA,olkuFfygoMtq@{fA_f@sxFcfCwpCff@yn@{_BsmBasGesN|l@anAbdBmeAt|AciHhwBwtDqRgmH``CerEn[a|EzkD_kBj@quArpBi_EkXmhGnk@ynCl_Dk_Ebk@cqAtPunBzw@_mA||AwT~~@ccAhTsxDbbBmqCjJwoAr{AydE~eQg}\haAyf@xUg_BxgBoqBo^y|@fUky@ca@m`AbVci@mtA}uAei@ecDjt@odA
PA-05,24,72,0,0,634,61.9,-75.396934,40.111388,-75.143775,39.893855,34.4,23.6,51.8,-75.586787,39.86341,-75.143775,39.893855,28.9,23.6,61.9,-75.396934,40.111388,-75.143775,39.893855,0,552,24,egysFx}dkM`HzMnX}L|OrUjrAanBbH_DzSlh@jVcrAl\hn@fjBmaArMm[j|@qa@|_@mf@lUyAdElXxdAvVr~Bgz@nfCi~A`x@vO~bAsk@rw@zMzx@|gA|f@ltA|X|Of`DeN~f@~I~b@gZxe@qBxr@{h@tu@cH|c@md@rDq`AqVenAtNykAen@k}CoBerDcRan@{|@yn@kTop@jByj@ve@kfA|Ayc@a_AsbBaV_dBmb@wN|UsnDkGmYwYeMdsA~],iyhrFl`jlMuGwTdK{IwNcb@gs@xL}Lg~Bs\}_Ai[kvBbmDekI`g@}yBhOg~B~n@w{DsrBwtHcu@{oAtByq@oVkmAtNykAen@k}CqE_~D_Q{d@cz@ik@iS_g@Vsr@hg@akAZyf@y}@o}AaV_dBmb@wN|UsnDkGmYwYeMdsA~]
PA-06,24,72,0,0,630,109.8,-76.090696,39.735605,-76.066692,40.290531,58.4,44.6,100,-76.090696,39.735605,-75.875144,40.359293,58.1,44.6,109.8,-76.090696,39.735605,-76.066692,40.290531,0,552,24,qzoqFzmloM{tC_xHlw@{jBetEawCkiCyrEud@vTiv@{^spC_eDmvDg}A}eB`Eu[ol@tAgrAsrDklIiwBmc@oxA{}BatAkZyzBlx@u[cq@alCeBmjAkm@mzDbXw{Hia@mrBrQ}z@`qBmkA|\ub@piBmB|fDagAak@ijBdOo[``B}oAfyAwbA|Tea@~fIwx@~L_ZjvCkgA`aAmuAzXe|A|fBuMhhDybAds@sV~hA,qzoqFzmloM{tC_xHlw@{jBetEawCkiCyrEud@vTiv@{^spC_eDmvDg}AudB|EwzAemAm~B|`@idAwd@es@h`@_q@aYuoApPiyA~nBiiDdf@{t@k^qh@|y@y~BgjDseHzKwXauDcy@s~AopBpx@wl@iz@kZps@gj@gh@akA~o@yP~a@~L~_Aqq@TohBnhBa{Az^yfDeu@aaIdRwtAcaAk}Bad@gCufCmg@cm@iwAd{@cGrqAqfCahC}y@``@
PA-07,24,72,0,0,1234,112.7,-75.748526,41.09784,-75.076874,40.885366,56.7,46.8,110.5,-75.97263,40.898904,-75.076874,40.885366,65.5,46.8,112.7,-75.748526,41.09784,-75.076874,40.885366,0,552,24,o|yyFhsimMt\iD`Nza@tyA`cAbf@jHrAeYz\iCwScnBoGadFsGgW}MzR|Tkz@teIiqInv@_c@t}Cme@qeAiiAs[w`AuuBsmB{CcRzAes@|lBkpB~d@_aCnaByqAxh@xAfAo_Al]k]lhCqg@zrA~g@nb@{@|V}Stj@v@dwAscAktAs~HjVss@p`@s@zTcW~Oiy@pvAyxBhuAap@wEglAxKqf@usAcfD|BwiA|IiV~j@mQtNihBjj@a|@n\avArZwCpVmh@kxA{kCa^uuAxEoXyNoq@p_@}`AvHyeCwn@_WiW_`@}IqiByV}`@g`@y|B`Wun@rn@gn@wj@ohA_Ekw@vy@whApK}`AaHqbAc_Agh@,casxF|kunMg`@|_@sk@iUydB}qFxI{bLrkAcsBjWmxBnnBkvC~lAkt@`GghA~y@jU{VosGhf@_w@tl@xBcSudBzpE_uAyAso@pmAaaDxvAgYnu@mgAzNyaBad@cgCd{Ak_Bp}DeaM`]ijCcc@o~AnBgjAbv@kaC]}mDtmByxD_WkyGkZsfAlFwkFgg@FvQavCqh@_kFamCg_G}pBe_CmPwsBgVlIgeBotAepFukAgb@ux@arEo_AUen@xx@aeApK}`AaHqbAc_Agh@
PA-08,24,72,0,0,2218,171.6,-75.428134,41.997668,-75.831873,40.982837,98.1,81.7,169.1,-76.068995,40.917398,-75.428134,41.997668,101.3,81.7,171.6,-75.428134,41.997668,-75.831873,40.982837,0,552,24,mti_Gx`kkMcHecDhaIodAbyJ~P`|BncBtsGbo@hiJ}vAdwHzxAxmL_xBffJf}@r{ArpHs@rgDdgC`fAlaAncDzwAtbAlxD{c@l~BrfAxsDpjHhdCeq@~]f~DteH~`KpvBl_Ix_F|hBpy@`uC~sKhwJ|qBdyHpbC~nCf`FoiBtmIhlElmFfxGz_Bvh@lrDedAhkAxcAz^ewGrtCeuAwUekHttAm|C,wtvxFffhoM{j@vhAmsBqaJcoF~fAuzBwqDgmG~i@cs@csIgaDmOwjFqvG{iIijEmnF~}AavBydCwsBw|HkrK}tJw{@axCcvEmbB_~BweImzG{zJij@obEsdCzp@usDmjHa_C}fA_xD`d@iwAgbAuaAucDagC_fAom@syKol@e}@gfJg}@ymL~wBewH{xAiiJ|vAusGco@a|BocBcyJ_QiaIndAbHdcD
PA-09,24,72,0,0,1091,284.5,-76.088429,40.372143,-75.478791,41.842704,174.4,122.7,259.1,-76.625335,40.362632,-75.691162,41.99416,177.2,122.7,284.5,-76.088429,40.372143,-75.478791,41.842704,0,552,24,{dluFt_loMu`@rbGukI}lBg{QfvTenW{wCgiFjgJ}|EfaYeqF}k@}g@~kJ}`F`BiqGfiRqkSnbOw_Y{vG}dEslHefXqy@ufNszmAa~JkxJelDvwAqoAe~HehDz`AytNaeO_oNgsYo{Ho|d@czEc_AyhDcoEmOucFk{BeXteAqdIk~PpwCw_AgdD,mijuFj{trMytHuoGu}AsbKwpKtZeeFscQavEoBkeBu|C}|HphGowOudSw`AnaHqnFin@iq@hvJi|Eg@qjGt`RqkSnbOw_Y{vG}dEslHqaFwy@asP_T{lQrpLuhFsdM_hIm{Cu_HouLkbHcrBgtF_uMqmLcxB}mDmyHevOwaGiyEkmMyOqiQy}O}q_As}QxfCgfDyaH
PA-10,24,72,0,1,844,129.1,-76.900343,39.883812,-76.72356,40.6528,74.6,56.1,106.4,-77.421089,40.077108,-76.583691,40.579677,71.6,56.1,129.1,-76.900343,39.883812,-76.72356,40.6528,0,552,24,yxlrFbrjtMpEivAmcAad@{p@ieEafDcaDoi@qxCiu@~FsiEybFol@ioDy|@{F_eNnzCwaJvuEceJhnHsmCn|EurDdkB{tBcyCgkKpsAolF`~FoiGhzCwhA}pBjHfaBijG{yBifBpRq_AcwCm{DqpDucBefHq}BiqBo}JfLssB}pBu|Apd@}jBmpHta@yrD,}prsFxhpwMovBygDisBgcKs^d`Ay|@ha@ulIaoSi{@efNgbDgrAieCygEy_@i|Ek~Cy~Gq_@w|H{kCyjA{iBsoHb`@}gDy`BZkoBdfAqT{Lmz@n~Ac_Dz~@e_BbzAyqAoqBjHfaBijG{yBifBpRq_AcwCm{DqpDs[w~@|B{nA_kAqvCil@q~@caBwn@iyByuFwN{}Cxe@_fBaLy~Gw`BglRzPyF
PA-11,24,72,0,0,482,149.3,-75.955045,40.184651,-76.970532,39.72444,83.3,62.5,148.3,-76.970532,39.72444,-75.955045,40.184651,86.4,62.5,149.3,-75.955045,40.184651,-76.970532,39.72444,0,552,24,aqgtF`~qnMluA`j@eIvgFrhCrsD{m@jaDn_@fxC_V|pE|PdbBg|@~uCtt@v`@ftAtsGlcChsCdd@zeBf|GtcHaQxaFxoBvrHB|nBf{Av_Lwe@vfErnAxfIr|C~kMxcCso@vc@zh@to@mCnjEwnAzwArYdrAzjDjoD`yAj^zwAzs@j@~mAtbDdJppBh|@lPnbBks@liAzz@rhBjdDjnAor@h}FtwKiObnAmlC~yC|x@baAwOblEm}A`v@uFnkCmu@pvAcVnnChw@pCphAj~Ax{@R~~CiqCro@~aAyIzkAfs@t`A,wtmqFxhxtMgs@u`AxI{kAso@_bA__DhqCy{@SqhAk~Aiw@qCbVonClu@qvAtFokCl}Aav@vOclE}x@caAllC_zChOkmAi}FmxKknAnr@shBkdDmiA{z@obBjs@i|@mPeJqpB_nAubD{s@k@k^{wAkoDayAerA{jD{wAsYojEvnAuo@lCwc@{h@w~Bde@i`DuaMynAyeIhg@eyDc}AkmLG}oBmnBiqHl]s_F_{@wZgpA{yBu|A{aAwdB_wD}{BofCuaB_jHa~Auk@kxAodCcvByw@ofAy`Dng@mdL~b@_u@jh@lGmX}jD{o@gh@yTewBbkDww@
PA-12,24,72,0,0,231,77.2,-79.735108,40.542439,-80.104789,40.358852,38.7,27.3,72.1,-80.092588,40.310012,-79.600347,40.43486,35.3,27.3,77.2,-79.735108,40.542439,-80.104789,40.358852,0,552,24,gmmvFlgteNsKuZjQem@hs@up@vMug@hwBgwCpx@ca@nqCjiDl~AsCzqAnr@tvAwAhm@|g@|GhYas@zaAuOho@w@jdD~NrT{Fr[|M~b@xyAr|@z[bl@paAb[~jAvCpH}_@hWkDl\xcAnvAlc@dT|k@znAr{A`Pd`F`b@t}@if@jjAm_@lKfV~b@mKx}@dTp}@rb@~cFzp@jz@jDr`Aff@zv@{x@j~Duc@fm@bBtVqb@npAtR~eAwPfd@kr@vX~Br\wg@bfBfN|H{@puArRlN,q``uFtazgNzQtJ}y@wj@aLs~A_q@ck@~^kj@sb@aeAaPovCqu@u]lt@}|Dqe@{i@eEsbA{o@sw@ec@ueFsTo}@lKy}@gV_c@l_@mKxf@}iAqb@c~@_O_~E}oAy}AeT}k@ovAmc@m\ycAmVnC}Ib`@mMy@nEuj@cb@agAeLmbAjXmi@qj@ch@wuCgaAk]`EpEwlA~g@yyAyWaxAnTir@jIecEpc@{jBoK{dBxW{vAu_Amg@wNahA{Zca@
PA-13,24,72,0,0,1527,237.8,-78.718845,40.721585,-76.984523,39.883972,158.7,111.6,224,-76.984523,39.883972,-79.026253,40.293962,145.1,111.6,237.8,-78.718845,40.721585,-76.984523,39.883972,0,552,24,}lpwFxwm_NzEdeA`xAsW{@abEziDgrBdlE`Nnh@seDpmEuuGvcDeBbiEsiRdDozD|qBeg@_XelEtgCcfE`yAd_A|qBqtAphA|Yx]z}A`xFfBv{AbdAzcMo\vmRnrEvaXbsKrtHks@rpGkcIn~@{xFi|@a`DhyD{fWat@{vFevDwpIhU}mKzwB{sCtgAuqHx}AaqC~jEu^cl@}iHnxDwzAmcCcnEtmCkwAtdAmgI}nEcyd@jqDwdUfmAmcd@lqDihG~}E{wNy_EucTeD{cL}dCq|M,yylrFf`{tM|dCp|MdDzcLx_EtcT_~EzwNmqDhhGgmAlcd@c`EnhVn}Elrc@qfAjlIskCjuAlcCbnEoxDvzAbl@|iH_kEt^y}A`qCugAtqH{wBzsCiU|mKduD~oIjt@~rF{yDroW`|@jeDi_AlrFaoGzoHcpEziAo}Io}BkkCpt@ypA`lDypNt}Fef@vdEoqBG}bC`~D~FfxDsmB`mDv]jsBabDt_JluHpzJ_tBb|CzE~`Fy{@rnAvaBhb@gu@|vA@|wDlsAndD_HzlBlqAlq@kW`x@
PA-14,24,72,0,0,2158,219.2,-80.511947,39.919661,-78.829485,40.692723,133.4,107.7,211.1,-80.429689,39.724286,-78.829485,40.692723,132.4,107.7,219.2,-80.511947,39.919661,-78.829485,40.692723,0,552,24,{xsrFt~kjNoh@qLd|@omCef@esChk@kbEicBixGtx@umEjjDczAl}BeoJi{A{fGtVs}@_`AsIDwfKczDogJbRexEwgBioDj@e`EybFbZkx@e_CiaDwJk^soCj~@mbBckIceIcxHtkAhFcuBccE{aGgByyDclD_zPw|BqaEj_AgoEuN}pE}}@zg@szH_yHelG^sqDi~Km_DqpB}}GstKgfAiDe~C{~NjBqmEowBsnJwXojHckKasIgtMet@cf@axHafBscEux@qbJgqAacBkeAcwJcq@`XcdCytFszCqdN,ysmqFp|{iNqyA}zAgiCvu@m_Fe_GyjBefGo`HgzDyo@w~CylAq_Aw^y_Hu{@CgUoxBjPczGkyD}dJjQwzEwgBioDj@e`EybFbZkx@e_CiaDwJk^soCj~@mbBckIceI{xHljA`G{sBccE{aGgByyDclD_zPw|BqaEj_AgoEuN}pE}}@zg@szH_yHelG^sqDi~Km_DqpB}}GstKgfAiDe~C{~NjBqmEowBsnJoWyhHklKwtI_uMiu@ke@}vHafBscEux@qbJgqAacBkeAcwJcq@`XcdCytFszCqdN
PA-15,24,72,0,0,1416,315.5,-76.805187,41.557376,-79.607813,41.783191,178.5,164.6,289.2,-76.930592,40.648754,-79.833387,41.594226,224.8,164.6,315.5,-76.805187,41.557376,-79.607813,41.783191,0,552,24,sts|Fl_xsMjQhhBarC|pA|Z~vIg~AgJlsCnqKwfFxn@mrChcDyw@cIwbA~{GmkBv{CatHtqDo|GuHobBr_IrYvpIheDddLyf@`qGlwAbwFlw@~hNcfArfAu|@yUx]|`FwpAdcIr}Bx}X{_Gv`L_qAbfK~bBhoKgTfnBxtCvrM}fCr~Ip@fiEhkEbwJ_{EngIsyAz|HdH`sIylFxyLzSlhMrcBf~EgAlnWxwA||HvIjzP{yJf}Ko}@rnMzg@dzEo^zfGvhAffE_v@jgErj@|mBnhBhbAgkAfqIv`DxaJ}aBhwFqkAho`@|aEjiRiCp~BzyBheE}^ffAnhC`wIdk@liGum@fsD,uebwFdoptM_fK}mL{_MfSiiM{mIuyR|uNcsQmhCmjCzsIxF~bTpoEdcSivCt|N~hBjpSebCtdPjkDfgIzvCvkVzhHhiJz|C|pOsvNfsc@ndKttd@oeDfgIc[r{R_yBvlDi_AhlNyxGz|UqjJvsOz[|pTgcFls[|`C|xZwiEd}GgmErxaAmp[bgdAoqMu|@}eXrwRqqI}WrrAvwE
PA-16,24,72,14,0,713,181.5,-79.619858,41.984359,-79.69668,40.766481,124.1,109.8,145.8,-80.079718,40.679558,-79.767626,42.251966,125,109.8,181.5,-79.619858,41.984359,-79.69668,40.766481,0,552,24,gag_Gbw}dNdn@{l@`kAvqDrsGwCxmC~}A|jHuj@h|CvhEhBhlBjjB`ApfDh`R`iM|ie@l|K`i\zwB~qB{NftChlBkxBbwE|iBn~DhFrjB_wAjzVknAttYp{@|jKwi@lhCpz@z}Tc}G`}ChX`yDopAjxHfiC|Uk|AjxFcnGrhAimIzyIi_[~wPe`SqxAkbCev@gcHrgB{xA,gfhwFfqwgN{lPjrH{gM}eDoySbbG}zJqxD_cJzv@udUt~Geoj@uoAabZfiDqtKkrBw~K~sG}cWitEo_c@rIajIonJ_sYmms@s~Nu}N
PA-17,24,72,0,0,848,110.7,-79.83937,40.432873,-80.514514,40.496997,57.7,44.6,99.9,-80.513665,40.826397,-79.83937,40.432873,61.7,44.6,110.7,-79.83937,40.432873,-80.514514,40.496997,0,552,24,m`xuF`shfN}{Ap}@}P{a@kfAeGmPvY{vA|Hgf@pt@yd@_r@aw@qa@k}CoO_Trz@vrAfPh{AsCvx@|tAhBvwBmc@taEoAfzB`^|vA~qApiByP`b@ot@yEicAvy@sYpw@sJsDqRnV}_@ngBbTjk@zg@pH`Pfn@oTbk@gL`qAc~@hs@sK`|@u[na@pXxf@_JbV~Hnp@lX~b@`RkJjX~P{u@jbGwkBflH~`@hb@scAtqAkEvyAeuAhQ_sAdpAxRzc@{@lwAyPzV~M~i@pbA~yBvm@rLph@teAyZjb@gJ~bBla@lzAge@rfCjP|f@gAne@ai@tzAa^n[iSz~@zD~b@~zBlo@jOxtCrk@h@sF`y@b`@~e@cq@r_AeRt|Aho@rmB|lCr_CveAX,_|dxFliljNoBkkBoq@_RbqDgmGxsEq}MnmCilEpkBkc@zqBgiEzzAye@dPorDr`D_oCyiAgwAiDcuAdv@otGsa@cmB`}@_f@fz@gxChr@}S`_@qeA}KkwA{c@}^`TazEq|AmwAoK_o@tE_nAty@ou@yLyoDd|@}}GdjGbx@vv@qjB|^svErp@woBr{DayDtr@_lCxl@zEvaAzuCnYix@j}CnOz|AptAff@qt@hhBuc@jfAdG|Pza@|{Aq}@
RI-01,24,72,15,0,2808,102.9,-71.584451,41.937981,-71.399469,41.451131,52.9,42.7,87.5,-71.14204,41.482161,-71.574536,42.009251,52.2,42.7,103.5,-71.584451,41.937981,-71.346496,41.639771,46,552,23,k_~~Fxi|sLkFh^|RiAp~@mrCvw@ky@__@gh@daBwdAedAupBvoIybLk^{dCdeBia@thEklCxScX_NghBvr@}nDbiBcUzUoeBrv@e@f}AooAtjAvXlmB}jCwGq|AfUa]~gJ}\zoGyzC||Dlb@ljDloA~`CpsBb~E`y@y@`qAng@x[dz@wO~Q|k@wv@n`GaXhQvgAiKrpApfCxcFhqA,o~d|Fv|eqLk_EjuBtf@xxCi`@~g@ekEtj@qoCapA_aCtr@abCoGu_Bh}B}dBow@~Xf|Cnn@h{AcRty@soGv{CsiJ`^sS|[dGn{AonB|hCshA{Vs~AfpAiw@qAaXriBiiBrDwo@xaEjF|cBgd@`l@eqDhzBakC|c@kiJtfEw~D|kE{{Ax_G}kAr`BmbAxYs\`lBgSeC
RI-02,24,72,23,0,4769,95.9,-71.594487,41.365857,-71.793776,41.983218,63,49.3,92.5,-71.861109,41.310563,-71.657588,42.007881,57.9,49.3,95.9,-71.594487,41.365857,-71.793776,41.983218,0,552,24,sgn{Fph~sLujDjaAuXwgJ_X_gA{zCgtAe`@mhFouFssCipCk\c{GzjAoeAxeBmvBrk@uuAlkA{~Civ@{z@cv@gzGpUi|@ulAysEwc@}mDblBijD{u@{zCn}CubGpr@|D~mCqcAzmKgK`yMkoKq{@smEvbByzCpsDaYbxEip@hd@yUriA~[dqBuo@|bA,_nc{F|jruLioFwsH{mGkVo{EwwCqoBhQsoK_`QegJeeEk_Fgr@e_GfgFe~TxqBiuFs`IudItyBamLmd@qrGskCi_CwjEobDt}F
SC-01,24,71,18,2,3768,139.1,-79.443761,33.202752,-80.365038,32.994339,83.3,55.2,139.1,-79.443761,33.202752,-80.365038,32.994339,83.3,111.8,139.1,-79.443761,33.202752,-80.365038,32.994339,342,552,12,e|siEnj{cNlx@`X}AydAt}BuvBhwLdnH`q@~~@yeErqAyjBlgImxB|j@o~C`hCbFfbEgbHbrEqqAlWev@pcBobDjiDiYrzAza@vtEqw@rvGh_@pePdmDtkL`uBnv@vbFrfHp`@`lCxhFbtGx`Pj{DbbC~gBvgB`bJtcBjs@h}BxeCnqAv{Cf_@rvD~oArfAxNpmDe_@xyBanCz_@arCheFheCtvB,e|siEnj{cNlx@`X}AydAt}BuvBhwLdnH`q@~~@yeErqAyjBlgImxB|j@o~C`hCbFfbEgbHbrEqqAlWev@pcBobDjiDiYrzAza@vtEqw@rvGh_@pePdmDtkL`uBnv@vbFrfHp`@`lCxhFbtGx`Pj{DbbC~gBvgB`bJtcBjs@h}BxeCnqAv{Cf_@rvD~oArfAxNpmDe_@xyBanCz_@arCheFheCtvB
SC-02,24,72,1,0,4324,166.1,-81.383029,34.080531,-81.261952,33.113165,103.5,77.7,152.8,-81.582128,33.126647,-81.281515,34.223282,108.9,88.1,166.1,-81.383029,34.080531,-81.261952,33.113165,216,552,18,ij_oE|bvoNoc@_lAcbHj_BsmB}dDkgBo`@}_AutDlvG{kUlfQy{QhiDz`Fnv@osFlhTyoHbqNpzFj`Q_IztCpoHz}DlmBraI|lIl|IfpChgVngGdzPo{AjuDxgGzsLtbHx_Icg@xuEebMhgBg_BbuAhkAheC{eB,q`eiEh_}pN`_@vjAobUdr[uqIj_@_wEp{DccKmzPecNlQojL|bFqzC}N{xGwyEynKwmAojBovHuoDgcGiq`@qyg@qxOiw`@c`C_iAwbH}uNq|Qp{Ro`GhyMoxExsCgxAioD
SC-03,24,72,1,0,3159,241.3,-81.699038,33.770506,-83.334763,34.689653,142.2,116,218.6,-83.334763,34.689653,-81.426118,34.106796,144.8,116,241.3,-81.699038,33.770506,-83.334763,34.689653,0,552,24,uxbmE~ysqN{cCdOcJtwDccCthCgM`hDm}Av`C|rApfBheCtbM{f@zkFscDboFc|EniCaiBpfEk|GrcD}sSaWyqAt~CwvPhbK_sCl_IsnExl@~q@`n^vpAbuCcsApwCu|GrjG_cBfaGc|GbgIacEpIaeG~gIqsDsf@uzF`~CuwKtuMkv@txMwnB~{E~XxsGarEhdE_e@jgEglBpwAeiCvzUqzFjiE_}C|zEnaAbqDdwHfqBudGhxQgBhuFenFn{H,iivrEfis{NdnFo{HfBiuFvdGazQenJuvDqJ}iB`gAcjBst@_eBhJ}gEaaDorGklA{zOzoAc|FhVopL}uBonFpdAssAciAivFbDorNwoA_xIfjGw}DxpDsgJrtBadPkxHird@zxE}xHrhF{gO`}HybInvImn_@lyI}eNpeCscIn_Ki~IfdVecd@juCqaKpjBrZhuAoeBljCrnA`sCo`@h|BteFdbBah@kB}`A
SC-04,24,72,2,0,3609,118.7,-82.599886,35.116532,-81.839231,34.654875,80.7,55.1,113.1,-81.839231,34.654875,-82.661089,35.081251,77.4,55.1,118.7,-82.599886,35.116532,-81.839231,34.654875,0,552,24,iuiuEhxcwNnq@|iBdSy|@`@pa@~hBzDnn@fpBzk@{BjSo{Aoy@o{Mrz@_uCiq@qr@gd@mlB`EsrDm}AmsFaTe`Dci@mm@bSaiEoyAcyA_`@weCwMimD`]{}@mWodB|kAorE_h@gmHbTykDa}Bw}HboKu`IhtFasBfiB}I`fByoA`{AeIhoAilA~}Dsb@pxA{hAlmG~UpqKywDteGm|@~vFv@pxFglAl\onDtkAywDtgF_~CqzAoyAbYk^,_porEdforNcYj^pzAnyAugF~}CukAxwDaZnbDixFfvAgvFo@olGp}@wnKfwDknGoUsxAzhAizDda@aqA|lAi|AtI}gBtpA{fBzH}sF`sBatKjwH`bCfhIcTxkD~g@fmH}kAnrElWndBa]z}@vMhmD~_@veCnyAbyAcS`iEbi@lm@`Td`Dl}AlsFaErrDfd@llBdp@vr@}y@viDb`BxqTekBxk@
SC-05,24,72,0,0,4102,265.3,-82.083699,35.185007,-80.570826,33.787819,183.5,138.2,246.3,-80.062099,34.075282,-82.083699,35.185007,176.6,138.2,265.3,-82.083699,35.185007,-80.570826,33.787819,0,552,24,iawuEb~~sN`KhvAzoGelEdlBqoGyaDgqHaaBciOn|AoxCbf@w`Hh|BeoIeo@anCrvE_dM__BefOksDs}MnlKyaKQapEzzAysBlXymFfdHifQ}_AkoEzwGswG~|EonWvjBaWrlCicDqmBkrErdA_xEpfEiwDngJla@hbCibBzuGNrvAeaBdpEyaAccEopTleAqfF`mEyf@btKutIzfFuhA||C_zO`eDkb@|fIbvBttW_t@doKdrBrcLmg@doBapBf}Su{GloJyxKndBrjCpcAu~@rtKpx@ph@n_DfiUgq@nuFn`Du\h_Bfq@dyA,oi~nEbctgNxgAfoAqpOddV_vFxrB{n@pdVioB|uOe@jk[mkAtiG{nL~m@qkK{qBixWts@etHyrByfDtX}mDj`P{aFjeAcyK~wIcgE|_@imAxcEodRzpDsjE||UcvGpqGki@lnDpmBjrEslChcDwjB`W_}EnnW{wGrwG|_AjoEkeHteQuWpkFozAtvBP`pEsrD|}ByeDjdGe~@qDf_EzdNhyA~cM_t@hbFu{Ct_Hdo@`nCi|BdoIcf@v`Ho|AnxC`aBbiOzaDnpHglBhpG{oGdlEaKivA
SC-06,24,72,2,0,2190,265.2,-80.93999,34.145146,-80.973001,32.078639,191.1,146.2,239.8,-80.973001,32.078639,-79.592469,33.850076,183.2,146.2,265.2,-80.93999,34.145146,-80.973001,32.078639,0,552,24,e~koE|q_mNh_A`|CpxJxYtfH~kLz}H_pA`jTmrYz~Dwsg@tzCqaG~`QjeBvtE`rHbfBfuLtlTb}HpkOinMf_^{ff@`es@pbVdrUxvBn{S~_K~uXleXrnKpTbnJt}Ibdy@~a[lcQuT|}FyeDdfFtfEf~A_`Hs_BwdFlxC}nD,ojxbEf`fmNmxC|nDr_BvdFg~A~_HefFufEg{FbaDeuPdKoty@ewZmmJ_|IcrKyWsdRi`SanZadPqvd@{lHiofAgq`@o|[soc@qvq@uxc@huAi`Jyi@wzu@~wD{jLooBwuGzeEcrH
SC-07,24,72,13,0,4993,248.6,-80.528116,34.781167,-79.648817,33.357825,181.4,124.4,239.2,-79.434724,33.243522,-80.501811,34.812316,173.5,124.4,248.6,-80.528116,34.781167,-79.648817,33.357825,0,552,24,iehsEvcojNer@aiTb_B}cFl|Knz@nf]amDnhKepIxtFkrSveQ_fOx|HkcW|uCunZb}O{rQ_u@afj@dpE}{T`zP{uU~vDocNljYspOp}LgiPppVjxCtyPz}RzwMnnDrwNdeKbwO`aA}TjlQ~~Krqd@cbEtgM,_{{iE~qycN_f@itJgrRe_O}oW{zAirNibKo{MspDewPm|RguVeyC}zLtfPgkYfqO}vDhcNs{PlvUeoEhyTzu@rij@c}OzrQ}uCtnZy|HjcW}dQpbO}wFnvS{fKvmIck]lmDcwKcy@c_B|cFpWjjLagDfyA
SD-01,24,72,2,0,4597,657,-96.643512,45.935413,-104.0476,43.174914,614.9,422,630.3,-96.688191,42.617757,-104.052982,45.688819,569.7,422,657,-96.643512,45.935413,-104.0476,43.174914,0,552,24,iwjwG|tzlQvuAdiOfiJlQpxAdyYv~d@~rVdbh@pH|~LjvJ`x`Blh@~dZgad@|sYqcSd~~Dr}@hXtkp@yeJt}QpLll_Cm}DliSJvxmBogJvl|C_rUnheAyrGbvnBfV|ruAp~CjrJinBz_kA`jJhk[nk@t}_CehQpup@suY`gl@uaF|c[a}ApqrBfqNl`Obe~@nfDrvMniMzum@dkSogEjsx@d`VbvV~nDhbWmqBlpFb~LBlCjuF|`J\TpiE,_xbcGdlcmQg|HmnCizW~nXsy~CqgDh]|eq@ifJdaRpLll_Cm}DliSJvxmBogJvl|C_rUnheAyrGbvnBfV|ruAp~CjrJinBz_kA`jJhk[nk@t}_CehQpup@suY`gl@ycFpm[if@`mpC_ku@xoj@}{q@xtgAk}a@gy@m{Wcfr@cxKsqF_ulBqTu]fvp@`hFr_a@m_RrMigGxyM
TN-01,24,72,3,0,4210,253.5,-81.725366,36.346268,-83.02039,35.792001,148.5,124.2,202.2,-83.662085,35.669484,-81.728822,36.560023,160.2,124.2,253.5,-81.725366,36.346268,-83.02039,35.792001,0,552,24,e{y|Ep~xqNcy@h}DeqGfDq{Cn}A}}ApvCyaH|hAt@daHkiB~wCb\`qB{{F~~H|VpaEogBltFy~@fTaRx{HxqC``ImUfmCo}Ad`Bp{Ajc@`mBvuDxqCdxKmrAziBcz@pgHgpBzv@zs@f}GfaYxcm@|_CaHx}Hl_PzhFdcFrxBzJv{Pj_Mp_AjwGpaC{o@xiLzsS|wGjbHr_@rwCzdDfzFnMjiCryBm|Dz}BmgAvfBj`@deC_eErkC_W`nCo`Fz{Apj@bsAw~@oTql@tfByG|mAenEtxEfxCpRfuCfbBp}@qtBtxC,guuxE`gs}Na{@m{A_yE|c@_zAszBiyIquA}_CkpGi~I__AmbE~|AaoIxTs_FjqCkiKgqb@c}F}tK_{FepGmoB}mJibH}~MyzAuaPkbGi_VciQioa@cbCm}Sg_GqbHwJmnFecYk}k@}]yfGhcBcm@ty@wfHjsAwjBcrCmxKmmB_vD{zA_b@d}As~AxU{sC_eDmmMbi@cvD|y@oGfjBy}FuYexDz{F__Ic\aqBjiB_xCbIyeHw`OmgHrg@}_E
TN-02,24,72,0,0,3240,322.3,-84.320354,36.472635,-83.925298,35.507225,184.4,86.8,153.1,-84.546549,35.643723,-83.384797,36.477079,118.2,86.8,322.3,-84.320354,36.472635,-83.925298,35.507225,0,552,24,_qr}EdysaOziBpQlNgqAzcAu@q~JwdPghOuzP|r@}aCqv@amBl|BizIf~AdiAkQx}A|qAftBnhD`Nd~CwhAraIv^zbCx|AdxBhmEhxAcc@qsJuwWcqBkzVgrGc{L}`GqcXkbCsnB`hTgwOl{@x[tpE`wOpaAzYhuArsGdsC~{@rwC|cD~pLlsC~pKpuSlzHbfG~mI_`@t`CnnBnjHr_@bfBw|@toI`KjpCwtA`vEloDnmHjj@rnG}{@l_HtnChxAoiAiDmsQrqCuvE~fDdZvl@ohCzuAo\~{@g~DsTkcGltB{yAbuIhnF_TfsN|q@lfBvpBmd@vtBd~@hjFh`NbpBpF,gtpxE|~_cOqAc}Ae`Dx|@a{JqfAarA}_B`xAigCzQs}C}aCw_Dz_BonHujHi{GwqH_mLuuG}hE_kB{_GcmGewc@m_EsiO_gLwiPwpEc~KcuJkeJolLeiHa~GylKklJcrY{~@qfJeuE{oOeiBlv@dsA`qPgtJbqEhOdoDyt@ffAcqBuyG_sG_kHaHq|C
TN-03,24,72,1,0,3450,232.6,-84.050117,36.261393,-84.086493,35.263625,116.3,116.2,188.2,-85.398146,34.985995,-84.050117,36.261393,133.3,116.2,232.6,-84.050117,36.261393,-84.086493,35.263625,0,552,24,uhi|Ef`_`O~i@ojCn_GcSvjJdiMziKx{Fvd@njCx_BrdAdMzeCjjCt}Ab~DvmGdsCnkLrlEpbGnuAxEhzCteEroBla@xuDjbGrCl~HyaAdcBn~C`nBlT~tAd_IfnCb{FicC`qB}lD`rA|_B`{JpfAtnDy|@li@}dDvuCojB~Ja`Dv_Ch{@jeI_}DdjCgxDyFq`F~dEagAlcEpuAloIaiDfe@icEp|CwlBbvBsqH{Ui~Jht@`g@`hBueBiC_~FtuEuvDb`@{fBjk@pe@zj@izAzy@fB,oeptElifhO_mFc_Cy^wpC~n@unDmlCmkAgbHv|@q}EuxD}}FcjAmkCwqF_nNiiO_y[{aK{tMehPkpD}gAceGq{GqwZovR{|FoxI{tUmaScvByeDguFesRiuGc_HudBgxNkcLabQvsD}_GwpHigPvf@ekB_aAivD}yAsz@ocA_hDakJk_F_cH_{KicIoYgn@rlC
TN-04,24,72,0,0,2116,214.1,-85.05895,35.767291,-86.145233,35.00387,120.3,102.1,155.1,-85.538493,34.986081,-86.717007,36.110879,120,102.1,214.1,-85.05895,35.767291,-86.145233,35.00387,0,552,24,qxhyEladfO|TvaFtaApv@pjA{f@x{@bpDbnC`zBtPgzCf}@mu@pkH`eIpdInjEbfEbqHrvVxmRjop@b_b@dfIt{CptOzsN|kAzvIi_CxeFk}AnuAqjDhNkyLtaJ{iBsbAynC~VcqDzfJttK`iS`YveIx~@bnAsw@h_JlSh~IpsKuM|cMp`GzkAs}B`wAcB,_fptEpvaiO}jA|cBjk@roAou@x{@idB{gFyaDvsI}w@zkHjnAliG{cCliFk|ArqAyfDzLkyLtaJ{iBsbAynC~Vw{DzuKpYrkCiuB_MchF|wC}n\vs[ezHpwEylMre\ilN~dDia\vnWulOh}PygCy~CkyN|uM}IddDx|@h_CuuCt}EyhLdkOmeGfoD
TN-05,24,72,4,0,2875,362.9,-89.912166,35.682528,-86.87789,36.036248,245.8,171.7,359.3,-86.87789,36.036248,-89.912166,35.682528,251,192,362.9,-89.912166,35.682528,-86.87789,36.036248,160,552,20,yfxxE`~wcPnKmhHuwGib@qvFk}Nkv@ay`@rzByuIknLeyPawZyyKesMeo@crXab]}pRiiBaoHqyDqsQm|Tlx@mqNl}Gg~Rm|@auGxsNwaTo|@{{fAftCu}A|RaaLvuRupYdjNu{FhlJre@ls@iaExa^onUeeB}}f@z|@qtIyaC{kMbhAitSvnHgkR_qDkqO{qEdRckGy|L`BgcPvhKwiT{~BekPahZ{oU,qi}zExigqO`hZzoUr~BfiPimK|zSv@~sPbkGx|LzqEeR~pDjqOwnHfkRehAzuS~_CvhMhTfx|@jvD~lJm`VxmDylY}P_gN||FwpRplY}R`aLgtCt}Az{@d{fA{tNfcTr|@nuGqtHx_S{`@znN~uQ~~T~qHzyD`lR~gBtrXf`]|uMpq@tsZfxKxmLrwPmyBpvIjv@`y`@pvFj}NtwGhb@oKlhH
TN-06,24,72,0,1,3311,289.8,-86.675299,36.327211,-84.409781,36.192328,184.7,150.4,248.1,-86.861028,36.121628,-84.168955,36.245149,189.1,150.4,289.8,-86.675299,36.327211,-84.409781,36.192328,0,552,24,adv|Erw_pOlnBwx@vlAzmElmEgv@sQavChvDmjFhaGuu@veDatBjNgnLanBmkWpOavTsiAiyPblDo`Set@syCjg@kmCqdAs|RfkBqvKfbBa|Bxe@qxMzgEymCzpBawGe_FevGc{AymMnd@ibXcjAgfLhQcvF`xAmrBkgAa|G`TexCm_AgnAhyDclOiiBw{M_}HkpNvWqkSfu@gfErzBarAly@uvFcaBk|FzQebCm{AcyA}wDt@pVw`C_pA{nFycBgl@sgBaeD_yDk_BwcB~Ua~AivEsfAbOigBg_D}qHw|EwKkdCesDgg@mO}~Kj`F{sMjeF_d@nyAwuC~iD``Cxh@s}Cjg@`EjdBbtD|cC|TllBzuCdxFey@,e_n{El`dqOuuAcnFlvButCtA}_Du_AksGotA}\iJu{LsoDs`IpQaqLanBmkWpOavTsiAiyPblDo`SmvAooTh^m|KftDilJxe@qxMzgEymC|pB{sGg_FkyGc{AymMnd@ibXcjAgfLhQcvF`xAmrBkgAa|G`TexCm_AgnAhyDclOiiBw{M_}HkpNvWqkSfu@gfErzBarAzx@yaGedAcuBgc@clHsyFsi@pVw`C_pA{nFycBgl@sgBaeD_yDk_BwcB~Ua~AivEsfAbOigBg_D}qHw|EwKkdCesDgg@gW_dEbLkrFzcEsyHv`@ooH}uB}wIioBcqAdrG}eKfmHwgAvnA|h@joKclK
TN-07,24,72,0,0,592,206.9,-85.810718,36.57054,-87.549106,36.038748,129,103.5,206.3,-87.549106,36.038748,-85.810718,36.57054,129.1,103.5,206.9,-85.810718,36.57054,-87.549106,36.038748,88,552,22,{te~E~{vjOsVvwB||Atw@ljAqu@ty@pxBlqB`w@yVbkC|hDtbSsjEfnKoZ~gGx|ApbF_^`uG}yDlwKthHtaEjkAzrEnaLfcOtrFrgL`KjoXb_Bx}BtUhuHvz@dlBrmEn}EniAeXteEleE|iEf}@|vCdqW`~Ecj@fdBno@fKqr@tsFhqFplFtbNuKhcKk_E`kLd{B`iMyJdvOhkEruRgnArwCu\ltX~aEpxCzfCH,ey}zE|ljuO{fCI_bEqxCt\mtXboAcuCelEcxR~JitOk{B}jMj_EakLtKicKukFsbNqtFkqFsk@|s@mbAuq@{}E`l@chBggV_zF{jBiaEqbEiqAlKqjEaqEwz@elBuUiuHc_By}BuJipXasFufLoaLgcOkkA{rEuhHuaE|yDmwK~]auGy|AqbFnZ_hGrjEgnK}hDubSxVckCmqBaw@uy@qxBmjApu@}|Auw@rVwwB
TN-08,24,72,0,0,1490,189.5,-89.940246,35.251124,-87.766618,35.82014,156.1,130.3,185,-89.900404,35.087163,-87.766618,35.82014,155,130.3,189.5,-89.940246,35.251124,-87.766618,35.82014,0,552,24,o~cvEpm}cPqf@y`ArxAcWzAclF}rKwrKyYk|S|\gfBviCikBv}Dqa@gkNggWq{ImiYsxO_fZwdKm~Cy{XappAyiAs}R_~E{}Qh`AkHkPcmChyBcyPvaFwcWrdAmrA|zAurM_lCauc@zrE{lSwg@spNrg@{nHobAydDz`Aw}CavRc_GexBn|AywAeJoUylCgrDo|@ooEzb@qRm}A,w}cuEntucPbHdi@{sJ~CsvL_|]g_Mw~Xs_H_xK_~IomYszOydZ_}JivCgzXglpAyiAs}Ro_FkkRxaAbCkPcmChyBcyPvaFwcWrdAmrA|zAurM_lCauc@zrE{lSwg@spNrg@{nHobAydDbaAq|CivRi`GexBn|AywAeJoUylCgrDo|@ooEzb@qRm}A
TN-09,24,72,0,0,632,358.1,-86.531198,35.925259,-89.982116,35.000559,266.1,212.7,325.9,-86.269617,35.360541,-90.019162,35.058105,248.5,212.7,358.1,-86.531198,35.925259,-89.982116,35.000559,0,552,24,{sgzE~rcoOcF~oBp`HhzCcd@hmP|qFkQt|Er|WofAxxGzoD~`Dbgn@`sH`uYkcEnzTzb@r~Szc\y|EvnVraDxlf@azOxvJmlBpd\goEpuQpcCjjHmp@jvLtvDheC~v@f}I}fB~}QngKjzZfEhjLdpB|_Fj]d|XmxAjeKhbNbdc@qiHvkVixHpvy@t|PprVr`VrcPwsA|yb@z~B`fTat@tdVhgDpqGmnApuDtrA~tn@zyAKta@`zG,kjyvEbppmOpmAvpM`sVv{MleDfnNhnHz`LojJpr_@joGplz@woF|{CsiDvfPddDdef@e}OveKmlBpd\goEpuQpcCjjHmp@jvLtvDheC~v@f}I}fB~}QngKjzZfEhjLdpB|_Fj]d|XmxAjeKhbNbdc@qiHvkVixHpvy@t|PprVr`VrcPwsA|yb@z~B`fTat@tdVrgDdwGqi@twTglCbtFkm@hzf@
TX-01,24,72,0,0,2027,246.3,-94.182654,31.145497,-94.059535,33.541728,184.3,165.7,246.3,-94.182654,31.145497,-94.059535,33.541728,184.3,165.7,246.3,-94.182654,31.145497,-94.059535,33.541728,0,552,24,kbb}Dp`z}Pk{ByDy}Ai|Galm@p~C}`UoaFwqmAj|TulFqb@koPpcMafTpeF{lo@|BehLdnBatXkrCyd}@bgFwoNchCcwQ}w_@gnGceEshb@oFeqJejImfJ_GylBskI_zLbDgGdaB,kbb}Dp`z}Pk{ByDy}Ai|Galm@p~C}`UoaFwqmAj|TulFqb@koPpcMafTpeF{lo@|BehLdnBatXkrCyd}@bgFwoNchCcwQ}w_@gnGceEshb@oFeqJejImfJ_GylBskI_zLbDgGdaB
TX-02,24,72,0,0,1128,88.7,-95.157518,29.963551,-95.500663,29.896096,52.2,36.9,72.7,-95.575347,29.91386,-95.157171,30.305792,47,36.9,88.7,-95.157518,29.963551,-95.500663,29.896096,0,552,24,eg{uDnmxcQxZzd@eOh]yjAlRyx@e{@uvAa@ev@vW_Vt`AiZhYmbC}e@a|A~}@apB~WkJbkJspJudB}EhfAuo@pmBx@l|Hk[h~C~vBf`FxlDdpElK`_EhkAhH`uAqLnXvkA|}@hwAjJdm@xrBrrE`uBet@xcBurAzeFtaLdYk\b\zWp}AeBzz@gSrJ}pBtiDu@{GmjChSqK,spquD|`jfQyd@|BhGdu@sxA\{zD_zFewEgnK}yExgCs~D_{IcYvQmm@{xAkkB{DcPmxDemDypEqvBk}Ep[c}C_Ai{Htr@}wBqDaiAaaZcsPw`FjrA{Cp`@
TX-03,24,72,0,0,2088,183.7,-96.714035,33.373162,-94.97716,33.383656,134.3,122.3,158.9,-94.658101,33.031099,-96.760704,33.20959,132.9,122.3,183.7,-96.714035,33.373162,-94.97716,33.383656,0,552,24,geujEvmhmQ}_@w|BxyAyBjBubCriCu`AhtHn@zgBcgBpKaiDz~Jm_@j`FmqRv_Di}p@deA}fD}JwoPdpAxDfqA}yGueCezCdZkev@~jAihLtQykVyLatAabDc_DwPogTgsBe_Khp@g_dAiiC{oMk`HinBuhGf@yzDdxAczJcdA}n@tJlNrzCwsBnG,kkrhEb|v`QfqBhu@_Jf{CqeB~sEsuAvA}dElmF__@bnF}kEdlHeeF`}UyuBpfEriAhnFsp@bwcA~rBj}JjQzkTzoDzkEmRtyWcjA|~KkZfiv@xwBtrDobAj~FqoAmObIt|PkeAjhD_~Cnyp@q}FtzTeOhwYdx@aA
TX-04,24,71,0,0,3097,253.3,-94.563801,33.647273,-96.838646,32.99538,189.3,161,240.1,-94.196038,33.436847,-96.935682,33.91677,185.3,161,253.3,-94.563801,33.647273,-96.838646,32.99538,0,552,24,mvjlEvnd`QzcBz}Ap`Ceo@n[jbHrpQ|JmqG|wTnNv~H}eB`iE_oBlcWayEngTbt@`nLgeClhOuoDvyIrj@f~FsbAfdJ`d@tds@lnBduK|KvfJvgFf|Llv@~uKw{AfpWda@rui@}`AjtZ{wEddRceC`a\aRz{ObxZjy@~uE~_A~fB`zBvmPrgDbm[|~BraGlkBg^bmB~oBbsBxoHThoCggBxvVdk@bMxw@,isakEft|}Pr@~tBsxC`Sw^j{Lcw@Lti@lfH}XfzXa|DteSqKxvEgwHjhWnNv~H}eB`iE_oBlcWayEngTbt@`nLgeClhOuoDvyIrj@f~FsbAfdJ`d@tds@lnBduK|KvfJvgFf|Llv@~uKw{AfpWda@rui@}`AjtZqvE`}Q}fC~m\yFdbx@k~MyNmmJg_Fkg@fgH{iIr`Aw\bkAeyGoG
TX-05,24,72,0,0,2517,213.6,-96.763626,32.855518,-95.293699,31.670513,151.4,118.9,204.4,-95.293699,31.670513,-96.724787,32.895241,157.6,118.9,213.6,-96.763626,32.855518,-95.293699,31.670513,0,552,24,_bpgEtcrmQkwAelD_zC_gAF}jA|sHm{MriIagA~wByeXvqBg{DbjAqeBfoAt~@rxCinAbsApqApdBquBnlCzaDrqBnBfeC_lMzeBkbBhn@_pIr|DqvEjtX}yMtqH_oOtg@wkF|gBu`AzvOekZbmKspLbD}hBr|QirGlxIm{@d_XqiKzrHo\nmRm}KrsAwpFz}Hu~F|fO}aAdbAw_DsOuhJi`CezIv{B{fO{HouDsmIa_Az\y|B,ush`Er`sdQ{\x|BrmI`_AzHnuDw{BzfOh`CdzIrOthJebAv_Du}Nb}@whD~iCmkE{BajAzbBirNyoG}gF_jEsiXqyCarCudBu}BjvPcwXpln@iGt_EgoKppLmwOlkZwhBvaAch@|lF_qHdmOgyZ~~OwwB_Dm|EukEufJ}h@}`Ch`BsfFlmOyJduOu}D`hHiaCbuXkhIziA}oHrqMyBzvA
TX-06,24,72,0,0,1728,164,-96.105226,32.064377,-96.903972,32.825273,116,79.7,124.5,-96.137734,31.991175,-97.378785,32.469561,97.2,79.7,164,-96.105226,32.064377,-96.903972,32.825273,0,552,24,kqubEtpqiQpmDpfK_UlqAwgQx|G~{E~sh@_tI~jD_hHxg@k}LnrFsgDhjIdy@dmImfEtiGsm@~xPk~CpxGyjKluEytAhmL{{F|iJdo@jbGsrL`mRytKl{GkzNggAafD_lBqzAxd@}j@_aDml@mAsMk~HgxHyfDenHqVLm`TrdAgU,{ggbEx{wiQm~Av`Amo@pkEpfBbpIooDd}RsiAhkLi`FfuFqpAee@oyDnf@}~EzjCijHth@cwLdkFolD`qIjx@bfCX`fEsa@vsAycD|tDsm@~xPk~CpxGsfEtjAk`EfeCcoAhiFoGngEwyFrcJmEvvAbu@vjAtAtwAg~AbmA|d@|WdpCx|HzkApmE`Sb`EvmBt}Fk@tcIg`DboD{lCvuA`iAnzEaj@fbChK|kFsWbsBuo@tE
TX-07,24,72,0,0,218,58.7,-95.707159,29.543275,-95.40017,29.808525,34.2,26.3,57.8,-95.707159,29.543275,-95.363566,29.780312,34.2,26.3,58.7,-95.707159,29.543275,-95.40017,29.808525,0,552,24,odisDvxcgQwZaCkNiVcVi@qHlYkM_CgTagBmaBq}@ycAiKatAze@cIqy@s`Ai_DclEdPc_B{o@s~Ag@}Tiq@mAs_Cnb@cxC~F_iC_JcfDa`BouAirE}pF{D}`CyVgkAwBqzGmuCXe_@aNaHu~@qe@sE_dFtCo[tM,odisDvxcgQwZaCkNiVcVi@qHlYkM_CgTagBmaBq}@ycAiKatAze@cIqy@s`Ai_DclEdPc_B{o@s~Ag@}Tiq@mAs_Cnb@cxC~F_iC_JcfDa`BouAirE}pF{D}`CyVgkAwBqzG_aEoImOwfA`M}eAqIkvAk~@x@}MubAcYnK
TX-08,24,72,0,0,675,191.5,-95.566095,29.75723,-95.35539,30.594358,102.6,73.9,167.1,-96.03704,29.780611,-95.42331,30.708786,111.4,73.9,191.5,-95.566095,29.75723,-95.35539,30.594358,0,552,24,u}rtDbghfQlz@vTzC`rAuv@b`KebWzCfWzrT}tDzKv@rtHo{g@le@oBqvEcjAwz@qAu_BwpO?_gBqdKi}GzuBkkHiuAiZgdI|v@a_@`\yjYydB{`As]sjBwoRhoB}rRqEq~MyqShCijCfbBqcA,yowtDnfdiQpe@yoAjVh`A_qBwaNybFzjFknDqFy`RzyG{jWsFabEv{@ieBihDFg}DesAiyD}|A{|ByoAaGlM_yHihBi~C}`AyrMioD_uGu|@mcIi}GzuBazHouBjgA}oc@ydB{`As]sjBwoRhoBcpOwYseZ|xBqrEngCquCqm@x`Am}HaVmzH
TX-09,24,72,0,0,2783,115.5,-95.311119,29.732746,-94.83389,30.488451,79.6,62.9,106.9,-95.321425,29.694326,-94.718012,30.439801,78,62.9,115.5,-95.311119,29.732746,-94.83389,30.488451,0,552,24,udntDnmvdQlUs|DrdBmNnU}gAiBicHwr@{u@moOdp@_{AijAauI{dX_~KwsHkrS_aZgdLruEoaGpYalLnpEk_MpdBq`DrpBsTivAcnGpMmBeaBcuBfT{cD{aHmG}hI_oAivCkfKy}A,qtftD|mxdQuF{hDepAmbDvO}pCwWozCwr@{u@moOdp@_{AijAauI{dXyrAacBejIuoEw~R}zXiu@_zAis@ecJ]}jIgbChQ}`BweC{zCq`BctLtm@}fI_V_uRdfAqfHltAyyHx@c]mkDjb@cw@OohA
TX-10,24,71,0,0,1567,435.2,-97.867162,30.240019,-94.557112,30.559076,276.2,198.6,426.4,-94.651615,31.018823,-97.867162,30.240019,267.5,210.5,435.2,-97.867162,30.240019,-94.557112,30.559076,46,552,23,cgqwDvtitQa|FtcBgtC}eG`w@stAo_Pi~IcoEbq@{pEiyIldO_u]_aCkrA|gAwvC_nEwcBhkEuvKizAcsAbhBu`FuoC_zAdqCyqH|tAzu@ypJuz_A`zU}nJclQynWgu`@kk_@yqGg_To}CyoBstAi}RyyCypGbd@wyLrcLgq[jyBa`m@_oMccS}xKgzu@u_VcrEqwD}wIjpB_xJhpWzD{_C_mc@}sHyyIueBm|NtkMmgLftD{}Jt_Coen@xjKksNv{Gq_AflCofK,sji|Drsu`QipBlt@hcCjdE|vCd`e@acCrjYwcKjxZanVh~NmiR|c`@sbBvjLzvQltYlrZpdOl}KvlMdcQ`sf@ix@hjQxqEjxQnkd@hsc@`xGlsMjxAbeSzyCvkB|jGbwSr~`@vt_@r`QbpWqnUrmJxpJtz_A}tA{u@eqCxqHtoC~yAchBt`FhzAbsAikEtvK~mEvcB}gAvvC~`CjrA{dOdv]hqEbxItmEip@lhLzwIhsLcqBl]rnJ
TX-11,24,72,1,2,4711,421,-102.793243,31.980993,-98.534347,30.50294,316,275.1,393.2,-102.793243,31.980993,-98.417495,30.610163,315.8,328,421,-102.793243,31.980993,-98.534347,30.50294,130,552,21,ehebEvxkrR|`LusCcgCuwRdaF_hNd`Dyw`@igCskRlzDocBmqQupb@ceCw`O~bVgnpAzdBeqn@`aH{gTeVqiHwfIszTzhCwkZ~qFulG~oEcjOxo\mfc@ftK_l]~bOqrIbtM}eBnfB{ee@zkDkaIzj@cnPp}QatOfuCgxGsjAge~@hoJguq@h|EsqGjsF{l@dsWytg@jxEePr~Cgq[n_EqyGn@idLhgTcwYl|@e{G~dClGfsEqpS~dJenDxgOt~DjuJu~BdC{vB,ehebEvxkrR|`LusCcgCuwRdaF_hNd`Dyw`@igCskRlzDocBmqQupb@ceCw`O~bVgnpAzdBeqn@`aH{gTeVqiHwfIszTzhCwkZ~qFulG~oEcjOxo\mfc@ftK_l]~bOqrIhrMcbBhhBuie@zkDkaIzj@cnPp}QatOfuCgxGigBs|r@hhKwu|@~_FwyGjsF{l@dsWytg@jxEePr~Cgq[h~DauGDk`LbdCk|FtdPebRl|@e{G~dClGttEirS|jYsvOcaG_gL
TX-12,24,72,0,0,833,110.7,-98.029915,32.997871,-97.346759,32.987247,63.8,47.8,98.7,-98.050983,32.971976,-97.253074,32.801723,55.5,47.8,110.7,-98.029915,32.997871,-97.346759,32.987247,23,552,23,u{khE~miuQ~{C?bcAmn@gr@spEif@wu@cH{iFow@sv@rA_eDfg@qn@tBerBz}@gfCquAsVsHoaEiw@qItrAqsC~Gu|BiXuaBx`CslO`cIaaRvbAkcF`jFimChdFgrG~_@iyA_Ou~Ans@waAlCa_D_tDiqKvGu{EmuGvUm`EpkE{jFCabAp_@efBagAws@BdOxZ,{yfhErqmuQyCsbCbcAmn@Vmi@izA}|EzFurC_RwzA}t@_l@Ru_Dth@}y@tBerBz}@gfCquAsVsHoaEiw@qItrAqsCqNicFfcC{qOz_I{wQv`Ac`F`lFqpCnbFgoGxa@i|AyL}dBjcFqmKm|@wqA|BuhRws@s_AjH{p@
TX-13,24,72,2,0,3772,548.8,-102.448513,36.488622,-97.209978,33.212412,438.6,390.3,520.9,-97.209978,33.212412,-103.041109,36.204859,447.4,390.3,548.8,-102.448513,36.488622,-97.209978,33.212412,0,552,24,{tu}EdnhpRvyE_eBs[m`d@_zF_Ddjc@ymc@rukC{wQbs`@kqU`b]kx@lJ{kP~|LoO~yKyuaAvpr@y~pCzfb@od_@ztZe}HjzQejb@~i\kl|AluG_}z@pst@mkdCfxDmbr@zsJ{aHxtKkeq@|l`@mwb@bxUefh@nxv@q|o@ooGsfJd}GgiCtgEomw@,qxuiEjiipQ_jEpmw@{zGdiCnoGrfJk{v@b}o@uuU|ch@ul`@pvb@wcL|nq@ifJdtG{yDhjr@sot@~adCuwGnd{@ci\tj|A}yQjjb@ctZb}Hmgb@xf_@cpr@lxpCogMjxaAsrKnTkJdcPkpWb@aze@nlWwoRff@duAjocA}iLfDsiy@lz`@kxQlo[sQt{mAsbK`J
TX-14,24,72,20,0,4734,124.3,-94.34907,29.79232,-94.074643,30.125931,70.2,46.3,86.1,-93.7159,30.178144,-94.34907,29.79232,55.2,123.2,158.5,-95.554068,29.382629,-94.391287,29.589962,328,552,12,_yytDtpz~P|_@sPS}lBkmFiMmEixPgkEkf\syD{`H~h@}pHogFg`Fi}BijD{EqoEm_BueBqoGmdAsfC_}BulAf@_c@vjGoqAxyAsrHdKarA{sCk|AfGfD~yOeh@`~E|VbcA_wIfn@at@~xB`Qd`BrxC_k@fLpc@`nE`v@|j@xu@,kdewDj{~zPd[pgBdaCe@jIp{BjhJc`@sFdkBbdAxaBrvNlpOroGzeA~nBbdBrHtuExzBpgDl}E|xEa[n`IbwDhxGjkEdd\jF`~PboFfMR|lB}_@rP
TX-15,24,72,0,0,4383,415.7,-96.632021,29.29242,-97.926661,26.068679,307.6,254.9,361.3,-97.926661,26.068679,-97.409811,29.729301,296.8,254.9,415.7,-96.632021,29.29242,-97.926661,26.068679,0,552,24,sdxqDbmxlQb~BhgL{`H}Jm|Wrbl@v~Wfei@noq@vvb@blkA`zJfpk@t_~@jmMxgCjjV_yHbb`BtqjAlwrBxwN~rjAoaItpjBr}NrdJacj@hdQsoE,gpb~CrhutQadQzeE_eJxej@wmjBczN_yjAbbIctnBogMwqp@ky]oor@wdm@ojV~vHgmMyeCgpk@u_~@iekAgxJ}cNijIog`@xvB{xg@j|_@ujEohGkmb@_bA
TX-16,24,72,1,0,2627,65.8,-106.204334,31.614784,-106.618049,31.990288,43.4,35.5,65.8,-106.204334,31.614784,-106.618049,31.990288,43.4,35.5,65.8,-106.204334,31.614784,-106.618049,31.990288,0,552,24,kw}_E``fgS}nIhgGy_MtkNisDhbHeoAlmDx@psAfYz{@iBtyF|rBrjEqFrn@cpB~rAkmDfc@oWrhCkzCntCicIbvAqvLiJqHrmCstDvIvPr{@c]lQ,kw}_E``fgS}nIhgGy_MtkNisDhbHeoAlmDx@psAfYz{@iBtyF|rBrjEqFrn@cpB~rAkmDfc@oWrhCkzCntCicIbvAqvLiJqHrmCstDvIvPr{@c]lQ
TX-17,24,71,0,0,1776,252.4,-96.032438,31.876169,-97.533316,30.48167,171.7,131,252,-97.533316,30.48167,-96.032438,31.876169,172.8,138.8,252.4,-96.032438,31.876169,-97.533316,30.48167,88,552,22,aypaEviciQg_DlpBbeDrpBdtBx~EibChoBzxHfkAd_DetDvgC~YdgHfwDxr@hrDroPz|Q}bIdk]xQ`cM|lK|mD|uOvd@duKxpHpbJhc@dkTlgI|oPvb^fuAhKrtD`dFthEmrA~nLpdY_gAffAlk@|wAviAaa@vkIxgCrd]inBfh@jzUpsYbjIbbBppHbmFu{@d_GneBt~LhgaAvsGnq@pKexAlaBaO,mm`yDfnhrQmaB`OqKdxAwsGoq@qqCuoS`~Ac}Bca@iiCudBevAkcG_wa@e_GoeBcmFt{@cbBqpHqsYcjIgh@kzUsd]hnBwkIygCwiA`a@mk@}wA~fAgfAorLekYeeE`yAstDadFguAiK}oPwb^ekTmgIqbJic@euKypH}uOwd@}lK}mDyQacM`~EqqWxeBsuDqqP{_Ryr@irDegHgwDwgC_Ze_DdtD{xHgkAhbCioBetBy~EceDspBf_DmpB
TX-18,24,72,0,0,160,73.5,-95.546764,29.552322,-95.286555,29.927966,48.6,32.7,67.6,-95.546764,29.552322,-95.216835,29.929473,42.9,32.7,73.5,-95.546764,29.552322,-95.286555,29.927966,0,552,24,_}jsDfndfQgO`r@bNagBuZmnCbXy`A{}FnD}pEwpCkpAmFmwAylFmlCc_BwZ_fH{aCqd@k~B~JueGukDg`@{r@q`FeUmR_|Dph@g~C{wDgwL_}BnTwnEie@q`@mb@icFcGwh@j}@oBrsGqf@vvCh\hr@ht@gG,_}jsDfndfQLlc@uOrMoIqc@rXobAuZmnCbXy`AgvA|KsfDmFusDmhBg\ig@kpAmFmwAylFad@eKkgB}rAwZ_fH{aCqd@iiAzWat@{KueGukDg`@{r@}cEaEs[cOmR_|Dl]obAbJwzA{wDgwLk]~Pw|ArB_pBgd@unA`@BbO_nHdBnKz_@
TX-19,24,72,2,0,2573,435.5,-101.493902,34.74303,-99.094459,32.915291,341.5,258.9,363.4,-99.221547,32.519616,-103.043449,34.492775,312.5,258.9,435.5,-101.493902,34.74303,-99.094459,32.915291,0,552,24,}v`sEz_njR`uPlM~a@tj`AbaL_gFrle@{iBp`[{gL`oG|`Gj`LvAhdOfdSdxrAcaAf}BqrIx`Kl\rqMguVhzDg_Aj}LipSzjZeoVhdCywJdce@ash@jzCwmJn~QafI`kH}tKjzPezKp{OqsZbj_@m~[dnGonWm]iuTomE}_F_mA{oPdBq}ZfdFadf@oB{sNg_EkdRrrAseHwhYcki@wdQgfJa|Ao~Wisc@y}Jk~E}_Gg|J{}A_o@c}W~oHq`CP~vClfEhr@f`Bf|D,snneEter|QmiO_kBmnVtdQ|hB`xWnoQlnJ|dYzei@{oA`kHl_ExeRdBdrNycFv`f@qBha[xqAlhQdiEviEl[fzTktDbeSy`b@~|_@_{OhtZy~Pd}KigH`rKi}QrdIk|CppJwbe@|sh@qfCvwJqiZzmVk_MtrSqjDzd@mnNzqa@qkJnlAotz@rktAmeAfcJieFvaAyyr@|bbAiy`@jw~@kiS|bA
TX-20,24,72,0,0,123,54.2,-98.318616,29.478568,-98.748155,29.448455,35.4,25.9,52.2,-98.748155,29.448455,-98.318616,29.478568,35,25.9,54.2,-98.318616,29.478568,-98.748155,29.448455,0,552,24,ap|rDjzawQiXeFgw@~hBz}ArzEvNpqAbzAfhCvhDtDba@rtAvtCl|CvFlxCpm@bqAwQhhGog@~vBe[plGsqA~ZwU|Ukx@|_C_Dtp@l`@@{[|i@bJ~w@{f@ltBuk@fz@wGpnAoUt[gkApc@lJ`c@me@xo@vn@l{EqO~eBhF`J~jBij@{Z}R,{svrD~vuyQzZ|R_kBhj@qEeJlO}eBgn@{{EhLm_@dXsNsFg]t}AkeAxGonAlk@{y@dg@stBkMmpAtF}dAfw@e|Blb@{_@tbA_SjZsjGdh@wzB`QmgGam@mpAaEevC_aDwpDeeBi|IidFmIk~@}xCtu@aiBhXdF
TX-21,24,72,0,0,682,253.9,-99.86311,29.628772,-98.17499,30.434226,165.5,128,235.6,-97.943023,30.172474,-100.023217,29.7426,176.8,128,253.9,-99.86311,29.628772,-98.17499,30.434226,0,552,24,yzysDloo`RwqAmMug@lcA_aDajAuf@hxAuzCmNmaDqvDwuB_ToRm}@b`Buq@vuAcgJe}A_Pw`GshIsdIohGgkLh`G{{Mw~AolPjPuzDsrEyzEq`LmcEiaOueBck[oxAybBrxDatSn_FauBlrIkkPp]arCilCyrDcaIseCcfBwhEkgGibGqnCqgMabDoaCk\ktFj}DesGn^}fSk~Ao|E|GmdJgeF_xc@auCcuDwcYuaIvhGslQyz@{}AfXecLojDyn@mzAvuA,}`dwDznxtQ`bAx|@}^hd@qcGfzA`jAd}C~]r`Ow}AzwJbzA~`PytBz~H~`BzgIif@zfGkuMluDbbEfsYf|@luXj~An|Eo^|fSqnD`mFyM`aEdbEf`FvpCpiMlbG~zF~fBxiEf`IpdCpbCz|D}TtfCs}IrrPqwExrBy|DpiS`aBriBfeBhi[v|Kx_\r}DnwEnlPkPz{Mv~AzgLqaG~gIviGv`GrhId}A~OwuAbgJcgEjiCs`@zgCxaA|{F{wBp{HvcGxcL
TX-22,24,72,9,0,2566,163.4,-95.117916,29.286789,-95.762161,29.856193,100.3,69.6,154.1,-96.053878,29.676534,-95.111795,29.092,95.4,69.6,163.4,-95.117916,29.286789,-95.762161,29.856193,88,552,22,mawqD~upcQkl@fVpv@veAjzSrwTpxDb|KhPznBnfDlfIelA|~@tr@ddBiHdiBgwFxw@hhCdoWdMrkF{b@|qAxOteDkWjeCova@fsP{pKfcNkfGe|GgxAjjBirBs}Bu{Cx}Dsrg@v`@a]agFk`C_T}aLhZkuCwXgoBaoAPxrAotDdASg_An[iG,iectDvogiQ}ZawD~k@qd@ae@{~FtyMnA~|C}lPv|G_W~kJctLhkHhyBxdDtY`rMwoP`lk@o{UjyEscIbwAuy@oGwz@sw@gz@fjA_uQxpE_cDrw@mvGzqEi`MtvBq}CgcHejJwiK}yP_}D}bD
TX-23,24,72,13,0,4360,897.5,-106.20903,32.002106,-98.448961,29.72766,659.9,495.2,764.9,-106.3407,31.878066,-98.809934,28.849093,605.1,495.2,897.5,-106.20903,32.002106,-98.448961,29.72766,0,552,24,elibEl}fgS|@nkLlkPxpJveKcvDqaTuhc@n}IciMzkLfeBdtAjbStwYu|B?pzFncOlh@tkqAip}AetFsbk@vib@svsBcgIkwbDjdOw~e@xbUqk}D`gyAmhqA`ma@i^t~a@q`R~rDy`l@brX}lg@zi@c|\~dNctRxjIwgs@vnMm{Gj~@st^jlQgiUfdL|o@tfK}jI`eDan[ppMgnJsyCetQtv\kkjB``GgkeAy_Vuao@yuIis{CcqHjlB_o^wkYoaTiyBdyPaqK{}@_oQecVg{B,}dqaEjt`hSpzC{{JgoSq{]fwGm`LbrNp|@dtAjbStwYu|B?pzFncOlh@rmqAot}AcvFm~j@vib@svsBcgIkwbDjdOw~e@xbUqk}D`gyAmhqA`ma@i^bbb@mfRpoD}zk@brX}lg@zi@c|\~dNctRxjIwgs@vnMm{Gj~@st^jlQgiUfdL|o@tfK}jI`eDan[ppMgnJsyCetQtl^a{rBzjCaebAnso@m}^lcBcv}@qlDwkJz_Ouw[xbVatT}aNkda@
TX-24,24,72,0,0,737,73,-97.265499,32.986603,-96.784185,32.818906,44.8,31.5,71.2,-96.784185,32.818906,-97.306073,32.945361,44.6,31.5,73,-97.265499,32.986603,-96.784185,32.818906,0,552,24,guihEjdtpQlr@xEzPd]}N}s@hlC|KeD_bA~fC_C~@c|IkG}t@kb@qbAbAazIcQcB|PezBphB{cBxIykCicAgiC{~Am]bWmzA{KYtCgeAeNKrCejCk_@{h@gNez@zXk`FkK}|C|kAwm@plEsf@es@ghFev@ciCq@}|A`NuTdgEgbAxlJlk@n@eb@nj@uMtNusAeK_Mxb@so@,e}hgEddvmQyb@ro@dK~LwPdtAgdAbOSdYusIge@w~EneA~H`qBpu@~fCfo@zaF{jErm@qjA~h@bNf`DmX|qF|Ndn@`\|]r@te@np@FHnqAxOhFom@xaAmf@zzBvMnNt{AzHrcA|kC}K|iC{fBz~A_O|aAg@|SxS[cBb~J|b@peAfGzt@iCtwKrT`{@SteC_FpnAqmAsE
TX-25,24,72,0,0,1367,277.2,-97.191433,32.802564,-99.525503,32.084664,197.5,144.9,276,-99.525503,32.084664,-97.191433,32.802564,198,144.9,277.2,-97.191433,32.802564,-99.525503,32.084664,46,552,23,_wegEluepQx[fjCf{EyBldR~wD|@vnQgdAlmGrxDp`F`bHoVbjE`cCa{@juIt|GztBv^zlB|}Mxs@_kOrlOlqEp{E~nJniTsLv|CkmEryDhkAfjFahBdgKqoGzdMdcA~tGscApaC}LdvVouCnbCc{BpDy@`pB|_Jzi]``Bdi^~iCvkP`hBzbC~iHziWx`D~yEzy@|~D_Yjw{@f{@`lLypDff^rgAniYdmSaB~K`oDtuMhXziBrrBxuJ|Bf@ynBleBfAfBudB|bDtA,cpybEjqm~Q}bDuAgBtdBmeBgAg@xnByuJ}B{iBsrBuuMiX_LaoDemS`BvBotImiBqhJdpEsrb@c{@onLjYcp{@{fOahd@_iB_eCmiCwjP}_Bui^u_Juh]bQcpBdiBuDnuCobC|LevVrcAqaCecA_uGpoG{dM`hBegKikAgjFjmEsyDdQa~CyqJyjTesE}xE~jOslO}}Mys@w^{lBu|G{tBb{@e~IkyAcFyoBeuBi_HzQuwD_wE~aAwqGoMi}QogXepD{i@g~B
TX-26,24,72,0,0,3948,248.7,-97.869212,33.003292,-97.323842,33.855025,144,78.4,234.4,-97.869212,33.003292,-96.986409,33.865572,146.1,78.4,248.7,-97.869212,33.003292,-97.323842,33.855025,0,552,24,q}lhEpajtQnR}i@{wL~DghHonAmtAmfCodGg~B_|EyjEqF{yC{jAkV{m@msFoGs~TvyO{nQbyG_vDxIcmNtwAygJo\yiJmnA_j@_RwlXc~Bqw@mm@}nDjNghMc_BqtImlBa}@sd@jjAaxIwB{LdoA_iNcQyJfzMewFpPo@fiCuhDtqEhSh`JcmIwKglBcfAu|ZhHkcEicBa|K|To@lkBooAdoA~WfaAguAxu@a~LhjA{`Dp`CmeG}_@`HdhE_dAfm@wo@zfEpg@tiC,q}lhEpajtQnR}i@{wL~DghHonAmtAmfCodGg~B_|EyjEqF{yC{jAkV{m@msFoGs~TvyO{nQbyG_vDxIcmNtwAygJo\yiJmnA_j@_RwlXc~Bqw@mm@}nDjNghMm|AgrIcoBk_Asd@jjAaxIwB{LdoA_iNcQyJfzMewFpPo@fiCuhDtqEhSh`JcmIwKuiB}eAmxZpHmeEccBo}Cn_@kb@ciMgzEgFaDklDwoA}gAyn@yoETqrDmfYakBeoDz]wCv{B
TX-27,24,72,12,2,2082,386.5,-97.426137,27.821255,-98.015456,30.145709,299.1,191.5,347.6,-97.426137,27.821255,-96.199122,30.377383,250,191.5,386.5,-97.426137,27.821255,-98.015456,30.145709,0,552,24,{yxhDjpsqQnI{gEwnQyeRzkG{vSarBsuEkn[{{T{rrAev]eiKknQusm@tkc@}qOscOwrf@wwlAevXcah@_pE`Gg{]d{PiwVndG}~d@deVqM~nEq_G`lAgt^djd@_|Cr~PbkBxsGy}DpnMgl@d|N_rRj`TazJhxU{^|_[j}Nnwo@_qItc@czDf`TjjEjzCqcCxrC`b@xpNcnD~lMg{Dal@ro@haC,{yxhDjpsqQnI{gEwnQyeRzkG{vSarBsuEkn[{{T{rrAev]eiKknQusm@tkc@}qOscOwrf@wwlAwkVuwc@yg@}fIapFozBe{JarRsaMcvCskBizC{_]moBq~L`oCgqFouCkzIljKyo\zuFi_\tfXo}KbxCewLfjLgbGbn@qfI}pQ_pUavXwnGl`D
TX-28,24,72,0,1,3449,396.9,-98.271201,26.405557,-98.799039,29.073789,296.5,219.7,326.8,-98.262722,26.12698,-100.421373,28.663972,270.4,219.7,396.9,-98.271201,26.405557,-98.799039,29.073789,0,552,24,wid`D~qxvQgjAbcIbjc@hvF{yEx`Vhx@vnHktV|bu@lb@`eLquEreLpXv`MkaJleBmqLfrJkcr@roFkjMphWuiNlpIyr@`rEopP~|Q}ul@}{AmqXjiJe}Loc@usDte@cB|jCiwKq@gqi@{vNqaoBgs\}dMyyE}iDy{NgIov]bvDqxUojEimM}va@}uDqwMvbAihZa~N{sNpxE_pHuzDsvEhqN}xEq~B_qA~vD,s|m~C~|vvQo_@rzBafCaWi[~hEc_GzCukEjgI{vEhyUvx@zkHktV|bu@lb@`eLquEreLzWzaMu`JhdBmqLfrJkcr@roFkjMphWuiNlpIyr@`rEefPbyQg`m@axA}tS~{HkvRbL_wCla@cB|jCemGfEerg@qzKwhWbwEkj|@vrZyp]|A_bb@nmr@bmGzqYwkBzay@ssO`qHadJfiL{yAyk@
TX-29,24,72,0,0,349,50.2,-95.558533,29.857556,-95.213227,29.960262,29.9,21.9,50.2,-95.558533,29.857556,-95.213227,29.960262,29.9,21.9,50.2,-95.558533,29.857556,-95.213227,29.960262,23,552,23,wpfuDxwffQg|@Ps@qg@wW_l@je@gnBOekHgGyf@ivBtFqo@pd@o}BqAk]vJebA_@in@tHqAqqHuQ_|AKe}ArKs|@mF}gRww@aXOyiByr@}_Ag[y|@aCsw@{~@s|Auh@skA`Hm_@n`BcL~JfFDbJ,wpfuDxwffQg|@Ps@qg@wW_l@je@gnBOekHgGyf@ivBtFqo@pd@o}BqAk]vJebA_@in@tHqAqqHuQ_|AKe}ArKs|@mF}gRww@aXOyiByr@}_Ag[y|@aCsw@{~@s|Auh@skA`Hm_@n`BcL~JfFDbJ
TX-30,24,72,0,0,737,60.7,-96.595114,32.551136,-97.122437,32.61824,42.6,32.3,54.3,-96.595114,32.551136,-97.125956,32.68559,38.6,32.3,60.7,-96.595114,32.551136,-97.122437,32.61824,0,552,24,ssteElfqlQ}KmYiShLl\xz@ud@td@t\hu@mnCp~An{AfeEwiPxoGmhAtoBjuBrdMtAvcF_Y|vC}gBnsFaj@nsDmNd_EbJfwA{_@hzFkRr_SzxJdBvVzHgA`ViQ~H,ssteElfqlQ}KmYiShLl\xz@ud@td@t\hu@mnCp~An{AfeEwiPxoGahA~mB~tBhfMtAvcF_Y|vC}gBnsFaj@nsDmNd_EbJfwA{_@hzF}JjwPaFvbAuTzAqQvdA
TX-31,24,72,0,0,1154,176.8,-97.287938,30.736914,-98.963287,31.498799,137.5,113,174.8,-97.37164,30.596586,-98.963287,31.498799,134,113,176.8,-97.287938,30.736914,-98.963287,31.498799,0,552,24,uhrzDrpxpQj{Ch{@{lChgJxqAxiD_a@ldCtw@jsFidFi]_lA~eGdvA~pFgb@nbAvcDpnKi`@b^bvAnsGwjAaM`}@lbEkyGzpOgsOj~E~|BjkTkmHn}B_w@liFelErpD}aAnfE_`JlmOm|EdrDerCzpG{hEt`AutIvfWckIveLceW~{SyoGt|Ci~FddHcrIloAnBvr[u`DrvKlBzkEpnAtyBf[b`TapBbtBoqB`I,u{vyDv{hqQvl@`|@wdClq@pZtvAyjA|^h_Ap~NjzBliLqRpnEeqC~eA_zAnqCi|PtwF{zHvwPsmOnyE~|BjkTkmHn}B_w@liFelErpD}aAnfE_`JlmOm|EdrDerCzpG{hEt`AutIvfWspIflLs_WnuSyoGt|Ci~FddHcrIloAnBvr[u`DrvKlBzkEpnAtyBf[b`TapBbtBoqB`I
TX-32,24,72,0,0,3992,218,-96.904935,32.954305,-94.876083,33.006856,134,128.6,210.1,-96.904935,32.954305,-94.707638,32.715282,142.5,128.6,218,-96.904935,32.954305,-94.876083,33.006856,0,552,24,mkchEzvmnQ~Wwh`@kgImfDdAmzCrtIugLnIkoIfoFm\{lCm|PzqCsbBzj@}qOdKsoLumBmyC}HuqCpwAapTab@mn`@niAkpEkCc`IbdBe~E~}AslVkiEqja@dWgxEgxDs`IaNabRu~DwkMtw@}qXurDczBk`@{{GolCiuFgAu{JjgCeiSqqAmmBi~@bX,mkchEzvmnQ~Wwh`@kgImfDrAg_DdtI{bLlJspIhnFe[{lCm|PzqCsbBzj@}qOdKsoLumBmyC}HuqCpwAapTe^qfb@reAgxCkCc`IbfB}iFtUmzLznOyxXj_@oaNosCsgJbcBknH{WizP|tCw_XmNgdFrhBiuF|jE}rk@laC}xI~x@gjJmgAuyDea@cvN
TX-33,24,72,0,0,580,62.3,-96.591683,32.642792,-96.962322,32.927317,38.4,29.2,62.3,-96.591683,32.642792,-96.962322,32.927317,38.4,29.2,62.3,-96.591683,32.642792,-96.962322,32.927317,0,552,24,mpffE~pplQyz@sz@wk@nq@_h@dpAyk@kq@wbDreIyf@vwCwn@deAggLuAydAnM|Al|AkNIuBrhBrS`vAjDdpD~}@lsAvC~w@aSxt@|]rbC{tBr^utAdkEsTfjBqlEjmAqyA~nAklAb~F}i@{EokDduAcWcb@iNdZui@t@Ylp@}`@jd@AbZ,mpffE~pplQyz@sz@wk@nq@_h@dpAyk@kq@wbDreIyf@vwCwn@deAggLuAydAnM|Al|AkNIuBrhBrS`vAjDdpD~}@lsAvC~w@aSxt@|]rbC{tBr^utAdkEsTfjBqlEjmAqyA~nAklAb~F}i@{EokDduAcWcb@iNdZui@t@Ylp@}`@jd@AbZ
TX-34,24,72,19,0,3978,335.1,-97.980448,26.942831,-98.054523,27.409972,93.2,148.8,214.4,-97.417154,25.850906,-97.82611,27.973048,169.5,148.8,335.1,-97.980448,26.942831,-98.054523,27.409972,0,552,24,ugmcDxx_uQha@iyCnlAcwA~A|yCjsLk@rgAlqBuH~eA~_AsGfrEusCbmFur]gtCevFu_PzrAiaTzl@qon@qg@saJddB}oBd`AvArYh}CxlApvA~vCrGbv\axBn_AahF]u@cb@kaDxKeLa\}hBiMklCkxAde@bbHmrCqDIf|Aw{@B,e_x|CdxqqQa_Ryy@wsl@jzz@{_Jdq@oxQr_Kixs@akBwnhAlrDqon@qg@iuj@lrLoiOmtB}{JccJs|@p|Ei{FauAmgAdxDeln@m|H_}Ex~PgzFcrH
TX-35,24,72,0,0,1258,136.9,-97.764049,29.70932,-97.620899,28.784089,91.2,79.4,123.3,-97.786779,28.678446,-97.846885,29.826858,91.2,79.4,136.9,-97.764049,29.70932,-97.620899,28.784089,0,552,24,gritDhpusQpqH{pH~vAprWtzJ|aSzzBePrxFpoBpjLsfAtef@baC~vQerJb_AifGwi@i_Hr_DwgFjgInf@rsObqErwFv@ruEwcHgEsxFteHgnD~lPkfP,ig`nDj~ysQrn@zbFucBdrBmhZbqBefFrxEyaMpm@e|KhjDcbk@t~CcsD`sAuef@caCqoNhz@iyDuhBexBxPapEezK_`Ffu@kcD_mBo{EvnAavFi{JugH`iFgoA~S}}@sxA
TX-36,24,72,2,0,4706,282.1,-94.478261,29.561669,-94.78362,31.47194,169.1,151,248.3,-95.358003,29.545139,-93.571153,31.093689,187.6,151,282.1,-94.478261,29.561669,-94.78362,31.47194,0,552,24,mwlsDbxs_Qp|BhrGyyUtxCckBuu`@i{j@`fEcfo@gKmhe@qkJwaDutEyjQthNey\|tBihIejCk|LpqGyht@ktEmxJ|eFk{Sn[wnJtjUojGxjEyvGlnXujDhi@s|Jt~No`Jk_C,cpisDnr_eQ_sBk`Ms_FLqI}_MosHawUwHcjLatFj@w`C_bDmnBkgWskQwyAeeBuac@hpA}bw@yyVyq[w|TayTebHhNu_Ft|F_{HrnAkoUiXa~GqlHkCo|KeiO{|Rijl@o`NyzBovLeoFhZuqOcjFurMuzNekFx~AoyDa}FspT_hKy{CcpH
TX-37,24,72,0,0,501,53.6,-97.53164,30.305103,-97.757796,30.112076,28.9,24.3,39.6,-97.890968,30.190372,-97.525109,30.345283,29.7,24.3,53.6,-97.53164,30.305103,-97.757796,30.112076,0,552,24,{}}wDvchrQjXwRd`CljA{d@hmA{iA~d@mSff@nkAbg@|Ft\|_BraBp_HdxDdwD~Lu_DrjI{Adk@`zCW`@pi@ds@t~@Xx~@`l@|q@j~ArVbuAls@`fAeNtcG`gDiY~u@RmLin@}^,ypgwDpintQ_U_e@nTkgAmgCseB}Weg@iGcgAcgBu|AfOwrB_Gu_An]_fA~D_pAl`AsjBgAcQ}gD}_BwyAtJcpBif@guEgdCmcAkU|@s~B_e@{_CqSwoGkqAe{F_[kdCeD}vEzXn@
TX-38,24,72,0,0,500,69.7,-95.415868,29.753627,-95.552597,30.132219,42.8,32.3,63.8,-95.415868,29.753627,-95.807666,30.075896,42.4,32.3,69.7,-95.415868,29.753627,-95.552597,30.132219,0,552,24,egrtDd|jeQjc@bf@hBnsEwnEiM_Vrf@gKx_SwvNrEql@ke@cwDtvGwhGna@mnAy\g_BvvA{cEyx@mhDfTkVkm@okA~u@eRw_EsvCecDoaAmtDc`DhkDkzBqH,egrtDd|jeQ~@bLv]lDrBpShBnsEwnEiM_Vrf@_Gr|R_{NxHip@oc@{`@|fAwoD`zFksArgA_SrjAgiFxmIyz@bq@scElrOocC`NonGeGdH`vBuPvlA}~@~A{Emc@d^~A
UT-01,24,72,16,0,4621,108.8,-111.792499,40.816218,-112.128557,40.556884,35.4,34,72.3,-111.584912,40.622887,-112.220201,40.725778,46.5,34,108.8,-111.792499,40.816218,-112.128557,40.556884,0,552,24,k|bxFbniiT~k@biAzKpj@_Bvp@tb@hk@bFhs@j]fr@fbAtx@nOZ`Hs\dL~[lgAtI?pjB`~ADDnmCfXdIbF`t@xeCbRtEvuE{OheDbAr}Jh}IbOd{AvlAjiBvKkBdsAzc@ka@ri@kJxzHxw@p{@|iCXloAvNxy@od@ns@dR~EvVvl@rOeBqLxQ|N_Cmi@hq@`{@cZ,ad}vFt|`hToMhl@xU_@}m@ls@e{AlqF_p@xyArf@btAtb@|`Dnh@rjA_KttC|d@lfAv^nO~Jj\sNtQ|Fdu@iI`i@|c@xdAkB`iAyz@v_Aua@nDgNxg@wVrD}vDeQ{mAeo@ihBiNwp@nKcc@nlAl@|mAgh@pzChEhyIa`DzIqh@le@orA|^eJdpCzHfuHqg@rbDpAphYfKp`@f|BfzCrIhg@fx@ht@vjA|`D
UT-02,24,72,16,0,4944,600.2,-113.395948,41.029571,-111.219047,41.205935,306.3,161,413.8,-114.019804,41.032573,-111.060561,41.742912,243.1,161,600.2,-113.395948,41.029571,-111.219047,41.205935,0,552,24,yqlyFtsbsTyuNjdCojO}t@evIujAcjBukJavBly@etIvehBafAjoCq\epAqoAbg@gjIypA__Cobe@oxAgkFwtH}pI}nq@__Qs{IqaO``@yqh@e{B_nKkpXyvPgKs|o@dh@syUhyK_kVgJwhF~_By|InxKqtLfDieI~cCc~LzyI_hE~qBi}C{b@ckF_oJ_{BjFwzKcrA}~Ij^ajB~|EmzDf}BajUae@e_VumCkeNr@{qCyjB}fDocBtNaoG_kJkxAP_{CgnCi_IcHmaDogCml@_cBluAmpFtoCyj@hi@sqBc`AsjAtz@q_CisC_~BkBmrAlnCdUzcDizDfeGiRrjAoaB`rMgra@cXmpHrpFjdFjuDlD`rDj}CdwKkd@reJ_vCjsGvlAf_MhGtBbnCrdCpaEzwNe~@n{KvqDxeDd_Ep~@qiChoB`Ylp@uxE,qdmyFvn|vTfjAoeHm`OeHs}LoeJsiRtwAc~[ynFoxEwnl@wtH}pI}nq@__Qs{IqaO``@yqh@e{B_nKkpXyvP|[gwfAhyK_kVvtAqfQnxKqtLfiCmdWzlMifJ{b@ckF_oJ_{BwjAuzVj|FoeHf}BajUorDsyi@__NabOmvPswCcmEujFlpG{nKmDekEuvCmqEhiQqbEnkOubd@mhA}oX~jFbwB
UT-03,24,72,8,1,4719,1009.1,-114.080406,37.216233,-110.242969,41.003359,664.5,356.6,931.8,-109.538476,40.988499,-114.080406,37.216233,616.4,356.6,1009.1,-114.080406,37.216233,-110.242969,41.003359,0,552,24,mxcbFpihwTniIv`@jsRyac@woV{~XjjMieg@o|Lax[_fTcbUqb~@s}[geEisKsqT{oKau[yen@ib`@}rQva@svPz`RkmVbRspKfjXb~C|vOo{J~tK{cr@xhVcnL_lJytd@umRqnMy`GqnQcoA{eKx|HcnQweBanNgcKycH_|M|_Jq`UakDerJmmSkxr@hkJv}Ha~z@{vKaiHqnGib_Accx@_{]apf@yrb@spHh}AszJqb\gnIjpNud|@~`Mkw^rl^e_F|wOxQj_VgiHd`N}iFpdGedRxb@ewHujMosVquGazr@ipbA~^cyk@{hFobSkoJo\{gHs`Na_F_ydA_ru@a}`@kaMtgF{h_@{hE|pAp_f@}uHbqJ_nCenGssAjjGgwJ~IpjAvuSs_IztGiaCl~n@luIpiFopFziAbsDzpM,cqdyFnfq{StwIu`YznLdeNdnu@ovA~iFlaJb~PlQvwUdyR~eF~aeAzgHr`NjoJn\fhF|_Sk^t{k@`zr@hpbAnsVpuGdwHtjMriT_rAjmMgrTmPucVd_F}wOjw^sl^|~{@u~L~qIkqLjbJvlZzjIyhB`pf@xrb@hhx@rb^jiGtz~@zvK`iHe|Hx_{@xvr@amJdrJlmSp`U`kD~{M}_JbbK~`HzfBzpNy|HbnQboAzeKx`GpnQtmRpnM~kJxtd@yhVbnLsvKlar@usOr}J{kXy}CcRrpK{`RjmVef@xcQne`@tgQ`s[ncn@`tTtqKpjEvwKhi~@db\zbThtUvsLbe[wiMr{f@voVz~XksRxac@oiIw`@
UT-04,24,72,16,0,3940,481,-114.047712,40.936922,-114.044311,38.613318,340.2,218.1,473.9,-111.31828,38.578247,-114.047712,40.936922,323.4,218.1,481,-114.047712,40.936922,-114.044311,38.613318,0,552,24,wnzxFd}awTqxCiwEvg_@cdAl_JueEpzAo_aDa~Fwq\gaJifQpqKadWxvAymYrfFyzTvcEp~CfxMkfMzyNfrCp_a@{~Hxm@izFlsJsfA|xc@xiE|wEkjXjjRirJh~Ek|QdeC{g@~aW`kBfwKnbIbqKxoQdpXr}Lxr^lfd@pCh{D`cCl`CCfcSldDvzOdhh@x}eAbsLhie@cqJjcXwb@nkJbhBvaSwp@nsHtuFfkUqfBtwi@pwYqn@~ad@q`QS~pDxlEp{C`hQlkE{`AjeC,aymjFfzlfTu{NwDuI}nBs{Ha`CmhAdtEkcGvMhu@piXcpIfoPo|KxhCoqDpxNwsDvki@qpC|`@bI|gJesH~mT_{QliAsi\fjM_dXw`FcqTktSwx]eqMouJqoNktJplCehIgk@j@z{FgvXphDzN|hVa}ClkJvsEblLjhCsD{oDtcP{xSncLmrE|fXm~c@kfEmsJrfAym@hzFq_a@z~H{yNgrCgxMjfMqqEeiDczEleU_wAhlYsrKblWh}I|{Pp~Fxo\s`Bnc`DksIlgFwg_@bdApxChwE
VA-01,24,72,8,0,4460,163.7,-77.037773,38.193226,-76.613178,37.177808,107.7,82.2,152.2,-76.4451,37.09979,-77.037773,38.193226,100.6,93.2,163.7,-77.037773,38.193226,-76.613178,37.177808,190,552,19,urbhF`meuMlt@b`Apu@g|Ph`D{pFpoC~^brDitFtrBjiAh`FuqEn~FkqAyFodCrnFqiD``FpoJl|EboAtuGuvKh`FqaAf}Im~LfjEoSldAsiDf~Em}A`qLuuLnuDmd@`wA`aAxBhsF~bCliGo]|hFvyAzkG_Wx~B`fFhjNzmCsgDvjJigC`sBwqGjtN}pO`iUicPnuDfY,u`maFztqqMea@zgA}oJxr@m|HbuHkrHsbCs~TnbGgbD{{@ugGlfKisHzuGefEiWefI{cD{~D~d@knLzsLo~Ej}AedAbiDekEzTy{Ip~LcbFdcA}sGntKm{EwmAk}EgqJ_zAbSmwC`yC|GpbCo~FjqAi`FtqEurBkiAcrDhtFqoC__@i`DzpFqu@f|Pmt@c`A
VA-02,24,72,34,0,3767,266.5,-75.73058,37.919973,-77.059757,36.555071,166.5,132.3,250.9,-77.059757,36.555071,-75.482789,38.00137,163.1,132.3,266.5,-75.73058,37.919973,-77.059757,36.555071,0,552,24,yfmfFbcfmMgkAk{AzfB{qD{CwbBcoAsuAngBiwNfoBgmDzpEtt@rwRrxJprKd|RfgnAtpq@rlNslA~dUvTptAr~FboIl~M`tWnfG~v@xnAvkAaw@l}H~Yr_@xqCdaNzpHbzA`|Du`ClcEjaD`uEmmAvtFwsBgK}kDveJUdcCnyEzoRuoAzzBkS`hJ|fH~`GvaFzaXv|DrgI~|AxfMqfCbfHfvBb}Ato@h_DhpNpaN,etb~EnviuMupSqwUn`CwoHi~AuhMs~Kchb@cfHy~F`dBcdNcsEeqVxlJ_gRu}CksDjxB{rEuxA_zD{_NasH{b@crCgkK~\geYmyIsjLu{Uqpd@`x@qinAerq@qbLqhS{fR}kJ_wX{~Dmu@woG
VA-03,24,72,9,0,4267,95.4,-76.454881,36.7965,-76.574936,37.103597,52.3,35.9,67.6,-76.230751,36.763662,-76.579534,37.202056,43,35.9,95.4,-76.454881,36.7965,-76.574936,37.103597,0,552,24,cyq_F~qsqMdRwv@ge@{e@`kAimD_iBwhDdh@ii@iuDijIsm@acFcjAga@gpAhYmqF}m@chFkyAumCwCo}@xtEgxA~KmxBtoByjDr~Ae`@hlBdRdhCuRlsAajGruJ{_EdrDalAjmFk|IviF~]x}B|uBncB`i@djBjuAc`@tqDsxC,{kk_FdygpMmY|f@vQlxAcdHxqAi_@oZo`BxHkeAv[ai@pz@qkHe~Bu|@rCsnAruA_pF_^et@joEgxA~KmxBtoByjDr~Ae`@hlBdRdhCuRlsAajGruJ{_EdrDalAjmFyzIjfFlWdpA{Qpc@acBnKk`App@
VA-04,24,72,0,0,2145,197.6,-76.671184,37.155067,-78.04141,36.561446,117.6,86.1,196.9,-78.04141,36.561446,-76.671184,37.155067,118.9,86.1,197.6,-76.671184,37.155067,-78.04141,36.561446,0,552,24,ezwaFzy}rMss@hmCsf@~Y|aJ`Kzd@pc@xHruCk`@|}@~Y|mBiTjcB{hAzaDgcAv`Amb@lwCttAlk@i@hhBy~F~jU~iEd`H~mD~ZjnDb|EpvCnCrtAfiBjq@ffF`pEtrDh}E|oBjxCvxCbmB|zM~ArqEoYxcFy}B`jIbBrs@lxKx`A|eBn~@z|EbsFfvIjeAtz@jgEdz@hsAfbNr{FxwC~wHdrAtnB`lBfkAboCjxKzjEvlD{fAtpDi[l~CjQ~yA}w@lpBoNryB~cCcy@d{@rbHeq@lx@uLbtCubBnqByL||Cgh@fg@uLlxA~Wb}Ad}AbuAoFrlCfq@nfBgd@zbDfl@mTqAsh@hq@uZeHoT,a|c~Exmi{MdHnTiq@tZpArh@gl@lTfd@{bDgq@ofBnFslCe}AcuA_Xc}AtLmxAfh@gg@xL}|CtbBoqBtLctCdq@mx@e{@sbH_dCby@nNsyB|w@mpBkQ_zAh[m~CzfAupD{mEqqDclCqsKalBgkAerAunBywC_xHjq@`Lk{Bj^a`DqyAiqGeoFgdB_dG}kI}|@u{E_qFqnBidA{tKmnAv|BykJnYycF_BsqEusAsgLyg@goAemCy~B{zEanBinEqqDkq@gfFstAgiBqvCoCknDc|E_nD_[_jEe`Hx~F_kUh@ihBctAsm@za@guCfcAw`AzhA{aDhTkcBgZikBr`@q`AyHsuC{d@qc@}aJaKrf@_Zrs@imC
VA-05,24,72,0,0,3161,279.6,-79.147877,37.810257,-78.039252,36.63044,149.9,151.8,274.6,-79.658536,36.54642,-77.468121,37.88241,189.3,151.8,279.6,-79.147877,37.810257,-78.039252,36.63044,0,552,24,cyweFfqabNrvAlRry@~pBs\|{@zgAdSmm@ta@~`Azp@rb@fyEngGthC`hGkzAdsBmmDf_AajLfmBuoCr}AuTxtAuiFjpDobEbxE`gC|zD}Zf}HtyBbyDsh@hrIpkB_SkhFbtEudKrXq`EfF}tGsiAu`CcaAqaMluN}yQbqAghGn}N_F`Gu}GtgCmRl{DmkIy{@eeFxx@iXvr@{jDnpDoaCrk@cdCn{KoN`sRzeFnhDfkDh_FiqEbyG_m@rg@ojD|hBar@oqBueLpkCkfFz~@c~Dw`@s}BbpBcrEer@w|Cxm@unItlGyeH`vDouHnjBrR|wAifHxoFc_A,c~`~EzheeNmsBfGzBl_Au`CyrDwnE_G{f@wu@puBarPplAa_Bd{GmkBhf@sqFcf@qoMs{E{oFoMokr@}lPs{ZqvAanKqnBvBepAmsDsnFizB{pEgcG}mC{tHw{CanUo`EoyJ_xJwsK{tRcfFifFyMqiCsrOkoQgl\uy@abDbc@s{BogD}~EozGotAemEidFc~JszWy}Dvf@geDotB{gDcWspAf~@unLmZkcEacCouGkjAujBk}CkkGs_@i|FaxFeBaeGq}@i|ApZsvAobAszAesMwoD~Wa~GcaDeuBajAwlEiXi{RglEctAa}A{qDpcAmkF{hBpP
VA-06,24,72,0,0,3794,289.9,-79.985581,37.97576,-78.631696,38.977989,143,180,240.8,-80.249248,37.324013,-77.97752,39.22307,203.4,180,289.9,-79.985581,37.97576,-78.631696,38.977989,0,552,24,ocxfFzdegNu}@gHah@efEaeFaoGuTetCueAyYuxBu_InuAyoEkF_wDzfAcK_`AmdA|_@ip@ui@oxAn_AehKpaHkuHsUwjJqhAagBhiC_oHmkOquQktGwvSggFqgBcsEccEfv@m}ItyCeaGlJmdEabC}aAypAiiCoLs`G`iCckEm{H{yB{`Ia`IobNm]evIyxCc`KknOsta@uyZggIciDihDra@kwDibAyzNkmM_mFpvIcfGpH{tDw|BuMd_BwmDcvBevAxbBv_@fn@,azxbFxtxhNq{@abKynHw{Mg@eqG`pJowE{pGomTqfNc`KwyOou`@{bNcmMkgUuva@gxW}qMmbO{dY_ch@qsg@mgMsyDedIgbIm{XmxDiiTimWky\swUwaPgqBena@u`_@kzKmiNclCevHd`AutGinCgaGks]a}Xu`H_nB|l@uxZ
VA-07,24,72,2,0,3856,203.3,-77.145301,37.979866,-78.632585,38.239121,115.6,87.8,185.3,-77.020641,38.352763,-78.632585,38.239121,109.4,87.8,203.3,-77.145301,37.979866,-78.632585,38.239121,0,552,24,e}xfFbmzuMmw@auAof@tgIj~@jlU}dCrxEquJncCidEzjDwdMflA_uDud@e{Pf_LeL|nXmiExpZctP`_RciDbeI{pAhpn@drB`rBdbCl{KztL~wNuk@biRz`Jl_I}@|yKbfEn}C_}@ntC`wAjvE{h@vaE`hD~WzMjnA,wwaiF~abuMeb@eAzOtyBnbBf~Elf@rvHdeErvCjlAt|GzpAft@mL||C|sB~mDl|@f{GenAjfExx@jeFmw@xaGotDfcEeKjpZqjEfvZmsPd}QciDbeIkq@tlNxe@bsHqlA`sGno@dsGwi@`}CtsBf{BdbCl{KztL~wNuk@biRz`Jl_I}@|yKbfEn}C_}@ntC`wAjvE{h@vaE`hD~WzMjnA
VA-08,24,72,0,0,784,76.4,-77.198096,38.626978,-77.160061,38.964229,35.7,23.4,76.4,-77.198096,38.626978,-77.160061,38.964229,35.7,23.4,76.4,-77.198096,38.626978,-77.160061,38.964229,0,552,24,siwjFbwdvMu^xY_jAihB_K{_BkPc^wx@qTgdAtv@_Mbu@pJrw@}kAhyBy`@pEmhCkbBfKmt@gI{~DkYiaBcWw`@_}Bx{Aal@vMy`Aie@oInKs`@kNcVeWu^fRw[{n@coBxLyoBm_@qZnWiwAsoCcz@zr@ww@xTgdA`eCm_A|q@}L~HmGcTywApXkwAd~DiaAdDawA`aA}g@p_A{lAae@_}AumAmV_zAOm~A,siwjFbwdvMu^xY_jAihB_K{_BkPc^wx@qTgdAtv@_Mbu@pJrw@}kAhyBy`@pEmhCkbBfKmt@gI{~DkYiaBcWw`@_}Bx{Aal@vMy`Aie@oInKs`@kNcVeWu^fRw[{n@coBxLyoBm_@qZnWiwAsoCcz@zr@ww@xTgdA`eCm_A|q@}L~HmGcTywApXkwAd~DiaAdDawA`aA}g@p_A{lAae@_}AumAmV_zAOm~A
VA-09,24,72,1,0,2333,411,-79.358463,37.530727,-83.564314,36.63442,303.1,240.6,409.5,-83.564387,36.5993,-79.358463,37.530727,304.3,240.6,411,-79.358463,37.530727,-83.564314,36.63442,0,552,24,afadFjujcN^~sIfrTv}NdlObJxjA~_Fz_Gh|BxiH}v@dnUhg`@us@pyKtrCdcFuiI`kLbcG|iFhV`dGnyFhfKgvHbjH_TxzItpFoVdlGtaFxfAhhKejEbng@qtEzwO`vBjj`@~{KrrHxvJ`aX|cB|vWiqDxtOd}Hjcf@liK`of@hoDncEtwAbk[hoCd~ElxEhwb@x~Tlsj@b_Fx_XokEj}CncBjoIqnFfmF~_DvyP_`CrgDfmCvgOqcA~kd@wnIlyAebB~dDdVbdWg}AtbFrsDliO`pCl|_@euDrvKbzBfxSztHjqQq[hoS,shk~Eld`}Ngz@nqAcvBekG}JaxMy|J_r\kq@qbIxtDejKcqC_|_@ssDmiOf}AubFuUicW|aB{dDdoIizArcAckd@_nCuhO~_CsgD_`DwyPpnFgmFocBkoIvoEcjDweFq{WixTegj@c{Ei{b@uoC{}E}vAwk[}oDwcEyiKepf@m|Hkbf@bqDgvOocBorWmwJmcX}{KiuHwsBkf`@~pE{xOdjEcng@yfAihKelGuaFupFnV~SyzIdvHifHmyFcjKiVadGccG}iFtiIakLurCecFts@qyKenUig`@yiH|v@k|FoyBinAybFelOcJgrTw}N_@_tI
VA-10,24,72,0,0,4942,138.5,-78.261096,38.558385,-77.600489,39.293144,79.9,62.5,131.3,-78.261096,38.558385,-77.467992,39.220075,83.4,62.5,138.5,-78.261096,38.558385,-77.600489,39.293144,0,552,24,}|ijFzjt|Mpb@m|CgiA{_@kaK`Zo{CynBim@vw@kzCwpCkxFohPsdGiuAkR{bCdnAylHeoIowOgoHoeHur@enNurEmnDkbLuaEsh@|lF}_DuVglEmcE}dB|\{sBkgBsxB`MaaJwpFxH}jCkhCcE{_TikIbd@igAmqAgfFouAhfA,}|ijFzjt|Mpb@m|CgiA{_@yjEzGou@`c@a_C{Po{CynBim@vw@iQal@scC{|AypAimF}hB}bB_H_bCkx@u|AvMeyFltBsyDt~@sr@dbAqsDf}@yfAmNevJqb@oiDgkB{zBqy@aeCibAinJqdAsl@zFqcCkpFqsIogB_sJ{`CaZwfCmkDsnD~[auQ{bBomDxBwjF_y@}`CjfAkyD_fAmlBkhAmVwsAc_BitArOicCydAo}A}kDjw@sbDmeAqdGpClCciDywAs`EuCqaA
VA-11,24,72,0,0,1417,63,-77.297342,39.042794,-77.335104,38.722338,33.9,25.6,61.7,-77.240985,38.675068,-77.297342,39.042794,35.2,25.6,63,-77.297342,39.042794,-77.335104,38.722338,0,552,24,mphmFjcxvMj]~BNd`@tr@{@r@pK`_Dpt@r{AzEbg@{R|\|V`tAygEzvA_aCbeBycB~FbF{K_WzB_jC`Pgh@|xBnTp|AuQbmA|l@nsHqYpqArYlu@kNfL`_EryAljCllA~h@|nAip@ffAdF|iBzxAfp@oo@fv@jIbj@yQjR`y@yb@daBjQpb@|@jg@ew@|ZAf]|]f_A,ev`kFdcmvM~\eUcb@cl@}wEkw@mkDgiEej@j^yAvnA{l@|s@mwGhnEmc@sr@ul@n@z@uyCez@tg@awAmY}kHhUayAsh@sjClK{qAah@yWnnFynD`zEmrAjdEcaDgHktEg_AOe`@k]_C
VT-01,24,72,0,0,2421,318.1,-71.670498,45.00614,-73.25621,43.168177,212.9,169.5,300.5,-72.990698,42.74573,-71.670498,45.00614,211.5,169.5,318.1,-71.670498,45.00614,-73.25621,43.168177,0,552,24,kguqGrcmtLhbAjxGauAhrNpl[`aUrmE{D~cBwcDj`ExzDpoOiyFf`PnuFr`JjdJ|{@viExeH|fCl_LbnAfkHgaB`sMtjBroEncFl_DgdA|tq@doM`|MkHhnGvfIprSpnFxaKblOnnSj}Ej{BbuFv}IbxCn_Qsa@`ep@zxJ{pDnbM}pHpkG}yApiG~dA~iQjkE`sAloB|rHkfDhwIG`|IhtDxaJ_BxuG`~DxdGr|W~gR_o@hgEmvB}v@_rDxmJkjGofAahClvI,yw{cGz~n|LaxDsgEx{@g`KqwCik@i]u~K}rDt|EseFsh@vo@yiJkjD}jQjwDqtVumLibIywE~j@iiBiuGqrDq`CgzQk}A_pIzaCwo]efIo}h@owAsfJg_DivBqnFklSs|Eq`KujOysSsqF_mGcdIolk@slEgqLurEwsKjZesEcbFyfMyhB}rH|`BkbLguAaeHm}B}{@wiEs`JkdJgcPkvFqlOdzFk`EyzD_dBvcDylEdEkm[kaU`uAirNibAkxG
WA-01,24,72,0,0,1185,72.2,-122.129327,47.62092,-122.167092,48.166857,45.3,39.1,66,-122.228121,47.612076,-122.125311,48.174023,43.9,39.1,72.2,-122.129327,47.62092,-122.167092,48.166857,0,552,24,w}saHhklhVcj@bRy@`hFg^`kBqdFUqhE_o@_hCx|@grDoQ{a@m]{LagCkiBec@mk@_~@gqCsBkjIgmEm`LqKwl@mm@cnQb|@}xVnO_BtnHwiA`gB_Q^RueA,ofraHvt_iVa{Bm@Ew}@kr@sAeKecBz`AeuAanFuCqhE_o@_hCx|@grDoQ{a@m]lCq{AmX}p@gbBw\wm@{~@miCc@yaBgl@amFsaDm`LqKwl@mm@kuFjJwwIvp@uxVlOckC~kA
WA-02,24,72,35,2,4957,244.4,-122.394358,47.801457,-120.741046,48.527897,154.5,98,206.8,-120.741046,48.527897,-122.774133,48.990333,143.2,111.2,266.7,-123.171069,48.555132,-120.741046,48.527897,88,552,22,cfwbHvc`jVc|BwmDdA{_IcaOurLojAemFujBifAgtEtPojEczCo}UdjA{|BdyDk{Ae@a@`hAm`F~x@?myEo{Eb_C_bTluTkd[vNg_Ieh\}Ueab@`n@gaHq_C_g_@l_AipLxvAsmBrs@o}GjgCevEsM}dMmlB}`O_aBavAwMijD_bJwtDis@cbDojCqyA{pJs`QgF}_Dw~@aHm{AgpDwmA}mItGmmFldCsgCu|BgUSgrAqxBiuDzsCqqOoDmgI`j@eyAdvMcbKbwQciR,kbegHpf}_VcwQbiRevMbbKaj@dyAnDlgI{sCpqOpxBhuDRfrAt|BfUmdCrgCuGlmFvmA|mIl{AfpDv~@`HfF|_DzpJr`QnjCpyAhs@bbD~aJvtDvMhjD~`B`vAllB|`OrM|dMkgCdvEss@n}GyvArmBm_A~jLp_Chl_@}h@rjCl[pfYqd@jnEdsClrQ_AvgQwyCtrAw`Mkg@cbKbkDmcC|zCqc@h_I_lAjjDcaLojAu|BrsJywKjgKmyDrU{~OpvXdoA|o@f^`sBw|A`oGmpBgoB
WA-03,24,72,11,0,2809,358.2,-124.074414,46.272678,-121.51937,46.125306,198.1,129.7,278.8,-121.399914,46.635114,-124.074414,46.272678,193.2,129.7,358.2,-124.074414,46.272678,-121.51937,46.125306,0,552,24,gslyG`hhtVceAqzBa{C_}@iqAarFqv@aAgI{oDuhB_bCyiI_Y_DoqAwnAgZyuBsyEvf@}nG|zGowEdkDgsKrXgaFztB__DvxA}]qsBwjJwuB_hC}[mpFtsA_aMthMqpFvr@{bGvbAijBl}G_vAvyGouJf~@y_J}rFcuSjXefMthAkaL`rAnVl`HkyM_z@mkA~aCyaKn~SqiFfsFgcFdgGkvKwcDutGjTsxJsvB{nMmhBawBmjAaAiq@qzC~AqxIjkAqjFclAs|AwQsxHuuBkkE}kFeoD{t@{rDnp@_lDq`AubGa~BrVtxB_qH{[w`A`_AmnCuR_kChnAitFgUmvCs`AypAzhAmf@ah@ygC~\olDn`BchHppCaeCweB_jAecAokDwCoiDwvCgzBm_C`Kcl@qvFm~Bjp@azAgyApvEgxGobIgzFht@ekBc_AaW{Ic`Cet@on@jsDsB|gEedCcb@yIdq@ggA}b@{d@~`Aef@c[cp@f`Ak\~jBg~FceFpQghAwsBkg@jY,mls{Gl|}cVr_A|uGcvGlrGo|@rxHyhBnqDxk@rkAtyAiKvlIliOnyG~zDzmFnsLvJnvn@aiAjpLtuFtmVmhGl|MyVbxCtgClwPk_AvuKb}@xcG{QbiI|lB|pAd_@vfB_{BvjFjDp{XggAflIw[ffNveZhiAdqAjcAneNbzAzuKgaE~tSpdD{FngJgaEvdLuuA~zU`_C~oNvsBj{E_I|hFmr@drCkvGdpJqgIjlCuz@zeHuhDt~@auDrlDezBjQsuAbfM|[lpFvuB~gCpsBvjJa`EnbDeg@t|FoiDhpKszGhwEck@fcFdb@ruCfdDjlCnDdrAxjIbZtgBz`CfIzoDnu@hAjrAxqF`{C~|@beApzB
WA-04,24,72,13,0,3920,611.9,-120.66834,48.732317,-121.612102,45.79897,386,243.5,542.3,-121.612102,45.79897,-119.414178,48.993456,368.3,243.5,611.9,-120.66834,48.732317,-121.612102,45.79897,0,552,24,_`mhHb`o_Vr~MysPdBobMpib@{b_AzeUuhJf`BkpLkdIafc@xyEwe^~qFoeF|~Mb_J`qLcgJv|h@wmB|zIswt@faw@iw@gi@qjEhpR|~^jh[ioAjnYrtV~rn@rigAnh{@cmJzfJavJwhAq`VrjEugArhFzIxmGju\nsJpzHrr_@|hHqpFnte@brBbrLelE|mMnzIfbBf`Tfs\~x]lcPlqC|sKt`K`zB`{`@n~b@pvLukGvtGhmQjkBrvv@m_JpoW_JbjZuqDzyKu|LpnFvo@v~J,qbpvGrjgeVwo@w~Jt|LqnFtqD{yKlIwgZ~_J}qW}lBk{v@esGqhQcvXwOo{TaaZu`KazBmqC}sK_y]mcPg`Tgs\ozIgbBdlE}mMqnByaLfzFqef@ktk@wcRymGku\qmL~l@jhAt}UynJviKo}z@bgJk|n@sdgAknYstVkh[hoAorRm`_@lk@`lEy{v@~r@qpIppt@qli@byByvLpgJewe@ieo@ayUj|K}qf@y~Yark@ft@
WA-05,24,72,4,0,3604,579.7,-118.804147,48.105852,-117.539222,46.009456,329.2,214.6,389.5,-118.533978,46.00418,-117.299683,48.99564,276.7,214.6,575.3,-117.539222,46.009456,-117.059948,48.752057,0,552,24,qtrdH||btUntCiiUoz[`mAydAywc@ehJ_tY~Nyv`@m_`@faBcu^gbRndN{_h@nsj@u{OvcGolTjcUkmAxdZyrRdg[{|a@~dk@orAptA~~FfbJ}nHv|y@kkGlpm@hyBzuNehJnsQdiG||OycJblEmmLpoc@woSlpZjmM`DodY~zTqvE|dZ`dGvmOlbNbyRzrk@yhH|_DjkD`uW,cexwGjdnrUlTws[}aN{|HebLekd@olWfr@yeC{vWydP__PafX`pE_mFslPp_Ac_TmzYztFw|EgfEumRwbX|DavUadOkea@e{GwyDkaZjsHi}[}xDkr_An}Fs_Qb}Ike@cqFk`POi`LwlK{zp@kTqjJu|Lmp`AxoIapG}gJkbKpeOmxj@h~Lk~ZivUgaL_n@
WA-06,24,72,37,0,4173,252.8,-122.689347,48.100569,-124.062092,46.791365,148.5,112.4,236.1,-124.099629,46.794021,-122.756166,48.143492,147.6,112.4,252.8,-122.689347,48.100569,-124.062092,46.791365,0,552,24,qsqdHlwykVj_Ojp@ovAtdE`c@lzElhIjm@hoJtuIn`Htm@|eOxlQxiGoyHpuKjgCd|Wde[vlHn_BbtFjyIv`QjuGfdMvhCpbVkdO~rHjElwCliFl~@xsObmD`bHxlAkVlqJhu]mVjlLtfDvgVcWxmf@`|CO|fGtra@|lBbyAn@|_GbiDh}Atc@pqHhpHa~AlsBweE,smr|GtemtVetKdz@uc@qqHciDi}Ao@}_G}lBcyA{fGsra@itCZrPylf@igDelVtWweLksJ}x]ylAjVumDocH_r@}gN__DazGafHaHysVfmOgdMwhCw`QkuGctFkyIwlHo_Bi~Wkf[msKefC_eGxzHccEcvCof@ypDka_@b}@soCawIigPuaBgxGemJ
WA-07,24,72,0,0,3221,47.5,-122.331847,47.436013,-122.393158,47.77271,27.4,23.4,47.5,-122.331847,47.436013,-122.393158,47.77271,27.4,31.7,100.2,-122.454548,47.345667,-122.393158,47.77271,270,552,15,azo`H`}siVwrC`LnCqi@yi@b`@m~Fao@knCf{@c|Ij^{iB{^cP{f@o_@bRs`Dqr@usGoLez@tr@ssB`EcsCqa@yqCb\QjgBgl@t@_z@hfH,azo`H`}siVwrC`LnCqi@yi@b`@m~Fao@knCf{@c|Ij^{iB{^cP{f@o_@bRs`Dqr@usGoLez@tr@ssB`EcsCqa@yqCb\QjgBgl@t@_z@hfH
WA-08,24,72,20,0,3107,518.2,-121.978427,46.749386,-120.236913,48.08861,292.6,136.4,350.3,-122.487645,46.909252,-120.009998,47.952926,238.2,138.6,518.2,-121.978427,46.749386,-120.236913,48.08861,88,552,22,uvi|Gd|ngVauA~uh@whC|~Ji{A~gCsbG{kDsu@lnCgjA_{BocB`cIa_KuhCqzFbkBwkAoeS{fDjjB_gK_uCm{@ezDejFy{CwhAyqNkrKcvK}tNvIatV|`IugL}j[ojE}mAmj@{sGzzF_eJdeAqfMnuBmpBfxBiaQffD}qHb]{{NgyEsrHnuOktIhyLmbQzp@ivIblGw~KdnF}oTmlAknNnzB{}SmpBqyGij@wxPe~@ynBagT}f@w~B_sWm}BeLcdEvgGyzA`aIq`JbQc`OeuGmvAslCdrCymGjy@ylO|}FyeJpsBquLubh@aoXu~Gb}BknDevAsuDg|L}|JsrF`FgnOe`G~oTmoIzzDyhFyd@oi@psBikCgrBv`AzaFgkEvOrt@|dBs}E~bIpgAhgAsuDdmDvWxtCc{FbcCebB}pGngEgAvSaxAi`Cgx@nkBa_G,y}h}GxjrjVcEegAykBwv@y_AbiBpGgwWkoGhBd@}|L_nA{`Q{dDxlBwjCsQsqBw{BshCsEm{@ezDejFy{CihAqeGMgkFkrKcvK}tNvIswIxsDwhEt`@ymBjiCkpA_PslE{_Ng~CklCimAsjHugEqjAyVe~AkQohExvFqtIbFezF`~@kkEnuBmpBfxBiaQffD}qHb]{{Nka@aaCyaDk_BaTepAddDczAbxAirCdwG}eBnzGivMx}CckBzp@ivIblGw~Kz`Ds~QhlAipAmlAknNnzB{}SmpBqyG`G}cHe~@mqHwl@_oAajBiSgfM`c@kzB{x@wcBuiKdJyyIee@om@gcAbc@ey@ip@cdEvgGqd@`tA~TdyCgkAxqAq`JbQiuCyw@oz@atBikHidBmyAsoCdrCymGjy@ylOdxBgfFvdCq~BpsBquL{iCykC_yHsrB_nHqkHaxGer@wuG{nE{mChOyoCxlBeqDyxAyrDsyLirFyqAgjCkaDha@yvO{u@ujGahBazCugLsgC}GbbGasA|y@z@vtCyw@hj@
WA-09,24,72,0,0,2078,52.7,-122.3035,47.602674,-122.392408,47.327309,26.4,25.5,44.8,-122.324867,47.261538,-122.158018,47.612608,30.5,25.5,52.7,-122.3035,47.602674,-122.392408,47.327309,0,552,24,ukpaHzkniVroBmBxr@sf@b~@|@~yDsbBphEwJbvAuyAny@br@xmCkt@nuCle@hwA`mBliAvYlqCsJbfDzf@prAiVloCzMld@`\AlaMdLz[wKjc@Qv~@sjAmA,swm_HlqriVeeBg}AifAlUP}l@ipEegA}tEpJevJuj@s`BkuBcvDkq@el@muIkmBitAgcEd[wcEySysDgbC{yC`y@lc@cfCa_@}r@e}@V?zZ
WA-10,24,72,2,0,1948,105.4,-122.214345,47.251629,-123.153122,46.971013,64.3,52.4,95.3,-122.214345,47.251629,-123.15313,46.844654,64.1,52.4,114.1,-123.153122,46.971013,-122.705497,47.187083,46,552,23,uyk_Ht~|hVxf@s^dG`a@_i@`wAPpwDl}CmaAjnBMtg@t~AaM~~Ar}Bda@f`@|oAzoBjV`Edt]_c@~mCvcBnjCzlGxgObiDjvSdz@bfCzeAbaQn|@|bB|iAvyKzrA~wB{~B~rJkBvwBkmAx{BgRtbBrjB|`FzAhkBxf@ddCvV{Ojt@tdCbJ~rC`Gu{@ra@|xBd[rVuPshEz_@fDbc@ui@~d@hpAnsAjg@p}@bvB,uyk_Ht~|hVxf@s^dG`a@_i@`wAPpwDl}CmaAjnBMtg@t~AaM~~Ar}Bda@f`@|oAzoBjV`Edt]_c@~mClmIlsPlhBltHzcBx`Mdz@bfC|dA||Pl}@bgBflA~_LtoAdiBhnAbEhlE|qCvsI~dBtgDb}Aa\lv@nQ~yAea@flAn@rgFvf@bG|~AjwB~x@fKf]x_AxAz|AlgAbbAre@jbBn[huCqH~yB
WI-01,24,72,25,0,4132,127.2,-89.080031,42.755323,-87.87811,42.950496,86.8,68.8,122.1,-89.121682,42.724931,-87.803934,42.496946,83.5,68.8,127.2,-89.080031,42.755323,-87.87811,42.950496,0,552,24,ws}cGdmu~O|iBi~Etp@}GviCs{OzuGwc@`v@szMbJqaXzhE{WrkAysB{mA}oHzu@}cEczDo_GaVcyF{bAgmCwyEogFrA}dSvl@imAnLkmIaUgqGnZshAolBesBeuB_nE{rD}jAehDyxB|GmsRak@qR?caFw`@}M{LkdAr@cdLpi@e_AxCsz@k{JaD{nB_yA_nJsR~A}tCyyAaDPyuDi_C}N,yuwcGnq}~Oka@Dn@yePfeCmyMd{Gip@xt@evM|NkuXhbEeCjmAutB{mA}oH~s@ytCq@k}@uvDgpF{XobGsdAmkCiyA}gBveDg}B|aAorC~lBu~BtV{`Ed`CmdBkXsgI|{A}rDiE_aTzxAeiGfDavj@xoG~@kSuhDlV_rA`FkqPdzAoFEwnA|`A_e@
WI-02,24,72,0,0,1435,179.6,-89.009642,42.6286,-89.990785,43.637556,118,88.3,168.2,-89.057102,42.55603,-89.990785,43.637556,111.5,88.3,179.6,-89.009642,42.6286,-89.990785,43.637556,0,552,24,w{dcGfug~OltGpHfxBdyCpwCfF^toIihGviJyeBllEct@dfHufGtpJ{v_@pcAgxGxxHw{E{GypBvqBi`EnYapAdhBuoLqPus@ht@|N|wIojB~nFyTjcEmcNuL__H~{DgnFlpLm{@tzJidGv~FkUt_Gaan@dzBmzBvrVfD~vOgl@IN~oByeO_mB{{A|b@,evvbGz}p~O|bBg\g@hoFihGviJyeBllEct@dfHufGtpJ{v_@pcAgxGxxHw{E{GypBvqBi`EnYapAdhBuoLqPus@ht@|N|wIojB~nFyTjcEmcNuL__H~{DgnFlpLm{@tzJidGv~FkUt_Gaan@dzBmzBvrVfD~vOgl@IN~oByeO_mB{{A|b@
WI-03,24,72,0,0,2855,409.9,-92.759051,44.830528,-89.233956,44.675175,287.1,198.5,342.6,-90.473993,42.508574,-91.840403,45.207029,244.5,198.5,409.9,-92.759051,44.830528,-89.233956,44.675175,0,552,24,y}rpG`_duPii@gnDvqFsrE`zFfUneBs}JxoPud@jgJ_yU[iwQzbDmgR`tMc|FhhHmgT~pAwq^hnO}lOniJi_D`zf@wym@~nB_bLf@yty@j_Tus@pbD_vFxfKkvEpCs~MoaCq{GWya\q~Hqlb@tVuo_@qpGy~\baQc}t@vlQukSaA_|[jhCifLsvJe}Cwf{Aqj@zGutOutU~D}gEcug@clJ|FutD|yC_tEqtF{R{uSw~FesCyr@aqSq~HuTjVudE,qmmbGluegPsdc@b_j@{_bA_lEyub@hcPu|j@hqBggSjuVqgt@wyVicHtzJse^z_Fios@ycGajX`{m@c_aAtdbA{[p_S_fMv_QqsKxsp@yei@vvJmeO{vBmHywI
WI-04,24,72,44,0,2837,45.7,-88.039729,43.187879,-87.892749,42.930123,22.1,19.3,44.6,-87.892749,42.930123,-88.039729,43.187879,26.3,19.3,45.7,-88.039729,43.187879,-87.892749,42.930123,0,552,24,gcrfGhgjxOrFhY~kGtFlvD_|FllKieN|nCcZdbAaf@dtDgK|{AvPgCcn@xoGzAIkkB,gx_eGtpmwOU`jBmoGwAAj`@glGzFig@p]ohAbNkCb}BjUhbAoGb`BxQngAjAnmBfPruA}DrpB{J~LqkA^qbAvt@g`@d`Auz@nCyb@n\oeIyGg{BoMgNey@kmFqEsFiY
WI-05,24,72,0,0,619,136,-88.964742,43.458216,-88.337344,42.763076,87.8,64.1,131.5,-89.007041,42.904958,-88.046699,43.512793,95.5,64.1,136,-88.964742,43.458216,-88.337344,42.763076,0,552,24,{|fhGr|~}Ohi@jxChtK~_BneEwy@uf@utAbdBekDneBxKNu|i@|aNuNhtGvkEzuElDf_CoaEx{AwEz~HfdDzD}{[rzAokEdIwnTnaBc}KfnFeEnQazBvxGg~@zyCgbDdnJqZd_Em`CnwJzmKlNcfHtaA}gCpv@^|NfeD|Zsi@,_{zdG~dg~OeAmnBzf@mP_P}cA{{CiuD~AiaHvq@qxC{sAtD}tA_iA}^_bAkG_}BilBedAwiCzhAgvAnAm}Bsq@ck@e}BydBum@ygCknDc|Awx@fDgr[d{AmsEdIwnTnzAitIf_@mxKkIewHr]esEcHspJuyOhHxA}yCad@kA{cA{}BmwHgHgzAc~Ak}D~tEwuHhb@oiC}PwpI~{@qiDqOadBj|A}eErVysA{`@{eFzbAyHqf]}yA_@KeuA
WI-06,24,72,19,0,1727,233.3,-87.641545,44.323032,-89.593531,44.113013,160.9,120.9,221.4,-89.605662,43.297666,-87.641545,44.323032,166.4,120.9,233.3,-87.641545,44.323032,-89.593531,44.113013,0,552,24,}yomGtn|uOfrWnVSt}EznG{K@voIv{JaSdjDapCj~Ec@||D`dCv`Jl_B|gErnDns]EsBnc^w|@nvPyoEjcBrhBf{Eaa@t|FrmB~fMw}Ab{LiGp}}@gkCdgEaEbkY{`CzyEayD`fRfYxsO`lBroCnGp}Um}A|eBu\tlJgrAt~C|m@plVgo@bnLmv@~{@iHdrJgl@bpBu{K|GqsHpaBk}HrbGgwNq|@hgCjw@sErjI,mqggGjb|aPiSmvJguBeeDyaBk`L_uMh`BwbHp{D{yFsxAi|C|[e`Bq{AcgBs|F_BykJ}{AgcJvT_cw@tcAyiBhFgcC{lAqfKns@i~\sdHsrI{~FydAocI}uTsqDc_DkjA{sKiLozOqt@}oCypE}cAxAm~X`}A}lLgnBy}M``CkzMxdA_{RtE}e`@mq]tw@gmE}oD}`Jm_By}DadCg_Ff@mkD|oC}dJzKyQuhIipGbNRu}EgrWoV
WI-07,24,72,11,0,1239,425.5,-92.824109,45.566182,-88.357345,45.969622,262.6,233.1,398.6,-92.779168,45.081446,-88.074493,45.778381,267.6,233.1,425.5,-92.824109,45.566182,-88.357345,45.969622,0,552,24,ssbuGtupuPeg@opHeiDg\ho@idP{wKm`AGouH_wAs|BflAorYelKqxNk~PosB{kA_yKzqBexOu~Ailt@baAondAc`GwfHys@icFjjAadNntHclEdZg~Qb~Bu|Bbi@{sIs}Ksoo@eeHc~BxAyoh@psF{}Hn^iiHcgGeoYc{A_fmAbxAo_Eal@u_FiaEyyElkFadk@ga@gaMymEuw@fAaa\rn@qgJnxAyX{}A}cVn|@uuLiyKczmA~Eejm@hmGwb@jgBefz@kqGa{@wkBhgC,a~crGx|guPqiGsiYqlAizeAshUlMegO{{Tk}Jeb@wxAwmOrdBszv@{TkuIaiAae@|Fkuu@kkJckj@fAygYmgHqfu@wOamVijC{mDgmBawuC|gCend@qvEy_MiUcfKepFk~Ci`CqtT`{DubQj{C{y_@hUsmt@csOu_Ct}@}yZodAoix@mwOa|De`C_uR_xCa|AabA}|FxeCqgc@
WI-08,24,72,24,1,1296,234.4,-89.214219,44.274331,-88.419462,45.646762,176.7,122.5,183.8,-88.231303,44.002175,-87.990018,45.766222,132.7,122.5,234.4,-89.214219,44.274331,-88.419462,45.646762,0,552,24,qifmGzso_PqjBmsHgrEex@cjBciJbdCsg[hoIs_DpvAemJsuB_nRcCmgr@uwAiCqhAgfIfEmja@uxC{|Jsc[isYe|KxDasEilEeweBnB{~AmtDyoHsmC_t]gc@olJ_tFeh[pxGqtSiGae@`eWgvC`cKdpCxz^opC|`Fhh@voF,sdqkGrtoyOmeDwjL}bc@st@weLizHeyUgwAgkFubEifBpzDutNyl@gpE_lEqyeBhB{~AmtDyoHsmC_t]gc@olJ_tFqiI|kDua^tjBsoYerHy~GlgG
WV-01,24,72,0,0,3224,463.5,-82.482053,37.994301,-79.092241,38.696233,315.3,190.2,432.1,-82.581557,38.337345,-79.092241,38.696233,303.4,190.2,463.5,-82.482053,37.994301,-79.092241,38.696233,0,552,24,kw{fFxwlvNfsGc`KlpF~jE`oGi_Hdh@j{Ap|HcfCcn@e~AjnJwvLo|Ay~M|pEmpG|lNisEmtAueBrtFgbm@rxCu|GrmAt}@xsBejL{_@wj[gwBqnAfkD{nPqzBsqKmqJ_oGvoBe}IsoDwe@k`Cy~HgsEkf@auAqrDbeB{cGeuGouGplEukBarGwqRvw@opKebBwzYytWgut@~xPqdd@s}L{zAkiCiwDe`LvHkmG{kEuiHgfKw`GotBueJs|WknJ_dHreDgoLke@uqDu|g@ss[iwBoqFqoSwzFoqMuo[alAiyNgzN{~Ng^meK`aHzQt`AaoBpi@whJyaDqgEn_BseOqbFslCcP_jEapJqjEvz@idCunAcrCfs@cwAtvIpwC,mw~hFve`wNm|DbbAkrCqbCw_A}zP`qAmxGmhF_}UhbAwzGudDacZ~bCwfKilFcqSxb@}qSdwPgbWhm@}uOwfAylFkaF_kCo{N{lXu`Razj@cJqrJ|hB_hFacCqwCaz@wiM}gDobEhg@enp@pyKsyFbdNdgKpqSv_GpGwoGl{EeiHsp@mqKn{KsyDppHaeJsNivHspC}VkSifC`aAglHbjDioBqmBcuDhdI_zK`[ebM}jBa{DtnBiDfsBsnJws@wxE}nJ_fHp_DuyPu{h@yx\iwBoqFqoSwzFoqMuo[alAiyN{yNq}Ns^wfK`aHzQt`AaoBpi@whJyaDqgEn_BseOqbFslCcP_jEapJqjEvz@idCunAcrCfs@cwAtvIpwC
WV-02,24,72,1,0,2659,496,-77.799516,39.20952,-80.561261,40.616167,337.5,210.8,447.1,-81.73191,39.097705,-77.799516,39.20952,318.4,210.8,496,-77.799516,39.20952,-80.561261,40.616167,0,552,24,obinF~ezyMqhAjcBs_DeoBy~CzbIc}Nni@sgPlhUqvDiaB}`NjyEsx@pbHoxNloNn_Cjzb@bqYvfNysBfkDf`A`nEtlIvvA|tDonBtxGtwUhjKtmIjh@jtFyeCd_BwmDjtRvyDxqSk{Izw_@zpPd_PhtJjlDk|AreF`pBx`CrgCbt[ztJdeW_u@dqCenD_t@_mDfyEubHmsEwtNvsEttEh}SiwEn{EigBfh_AkmBoNw_K|aP_rJjfGgyGbmi@_nG`pAaaHl{JqbH~qA_vDfwE_rBviM_jHlrDirJmyC}w@zyC{}G{{A~HlfDmzIhgLk{OzgHixDmUey@zbEupRcnCelP}pHowC_fFgwIikBap]kJcyTpiKkeDeoFgAc`J,ugsmFlgzqNoqG{Ic`CurHsnOwrJoiBkvHl|@waE_nA}sHpnDqhEu_Cqia@v~BgsJ{jBy|DspB_~`@uMcbj@chC{fHxzBepK}_C{qSvcCy~T_bB}nTjlBeqJ}hDopZutH}nU`q@yeSp`Bk{AfSqfq@zvEqxEutEi}SvtNwsEtbHlsE~lDgyEdnD~s@~t@eqCosJmeWghCmv[yoBi`Ct{AebFstJwmD{pPe_Pj{I{w_@wyDyqSvmDktRjfCqfBwj@ypF}qK_{IuwGsd\teIysDjjBklK_}V~d@qvQm`H}yGqfDscF}qOr`AypJx~L}lJrx@acHxaNazE`aE|gBn~OcnU`uNmd@neD{hIr_DdoBphAkcB
WY-01,24,72,18,0,4349,791,-111.045515,41.545927,-106.306262,44.988396,541.3,438.2,693.6,-111.025494,41.033149,-104.062544,44.810284,601.9,438.2,791,-111.045515,41.545927,-106.306262,44.988396,0,552,24,amq|FnqwdTjb@~_Has\_yPmiPz}FmwG{uVp|@kaw@doMuyV{}Hqcw@lrLslZbbb@w}`@edCy|dA~~FabT}{_@}biBlrGy~g@~pBqhmAap^qalE{srA~~l@}vXibBahPccq@elTk}UikAmieAsch@cbr@ewK{{Aa}D{gSivw@kaA_{QpyIisf@md@{oh@`dr@ceZw~Dg{hBbaM}|RgvU{xUyqFecBy~QadTusPomCwpMgb^gdA}nArmLsnPjlNtaBevOwyC}sA,ehmyFhtsdTomAe}]y_FotC{zLlQyeUtiS}g@c{Za_FqzLdeAymb@abNs|{@e}_@ec_AcaCw_fAjiFm{ZocO{zb@pnAusKa|Qy|w@b}G_{a@rpBcomAuo^_{kEmprAr}l@e`HidEi`NnlC}`Rgmr@elTk}UikAmieAsch@cbr@ewK{{Aa}D{gSixy@yf@u|[{iOubQdaBmoN{tM_}KsdPgz@_tf@wpOw|o@_zTura@o~fBiaDt|Dyp`Bop_@qyO}h@{xGo~I__Esz@}aRanV}r@qiIa}NatH|kFyfRkzBciMmtX_mWuwN`kh@gebA
